side_length,matchup,round,actor,actor_policy,action_index,candidate_action_type,candidate_target,candidate_source,candidate_field_type,tunnel_score,normal_baseline,opportunity_cost,chosen,reasons
4,utility_tunneler_vs_phase_player,1,player,utility_tunneler,1,wait,,,,0.0,1.252,1.252,F,opportunity_cost:-1.2520
4,utility_tunneler_vs_phase_player,1,player,utility_tunneler,2,wait,,,,0.0,0.0265,0.0265,T,opportunity_cost:-0.0265
4,utility_tunneler_vs_phase_player,1,player,utility_tunneler,3,wait,,,,0.0,0.0265,0.0265,T,opportunity_cost:-0.0265
4,utility_tunneler_vs_phase_player,2,player,utility_tunneler,1,wait,,,,0.0,1.9923,1.9923,F,opportunity_cost:-1.9923
4,utility_tunneler_vs_phase_player,2,player,utility_tunneler,2,wait,,,,0.0,0.0265,0.0265,T,opportunity_cost:-0.0265
4,utility_tunneler_vs_phase_player,2,player,utility_tunneler,3,wait,,,,0.0,0.0265,0.0265,T,opportunity_cost:-0.0265
4,utility_tunneler_vs_phase_player,3,player,utility_tunneler,1,tunnel_entrance,"(-3, 1)",,,0.1382,0.5495,0.4113,F,resource_fit:0.0208|tunnel_access_gain:0.1000|enemy_tunnel_threat:0.0000|collapse_risk:-0.0000|territory_pressure:0.0174|opportunity_cost:-0.4113
4,utility_tunneler_vs_phase_player,3,player,utility_tunneler,1,tunnel_entrance,"(-2, 0)",,,0.1882,0.5495,0.3613,F,resource_fit:0.0208|tunnel_access_gain:0.1500|enemy_tunnel_threat:0.0000|collapse_risk:-0.0000|territory_pressure:0.0174|opportunity_cost:-0.3613
4,utility_tunneler_vs_phase_player,3,player,utility_tunneler,1,tunnel_entrance,"(-1, 0)",,,0.0882,0.5495,0.4613,F,resource_fit:0.0208|tunnel_access_gain:0.0500|enemy_tunnel_threat:0.0000|collapse_risk:-0.0000|territory_pressure:0.0174|opportunity_cost:-0.4613
4,utility_tunneler_vs_phase_player,3,player,utility_tunneler,1,wait,,,,0.0,0.5495,0.5495,F,opportunity_cost:-0.5495
4,utility_tunneler_vs_phase_player,3,player,utility_tunneler,2,tunnel_entrance,"(-3, 1)",,,0.1339,0.308,0.1741,F,resource_fit:0.0208|tunnel_access_gain:0.1000|enemy_tunnel_threat:0.0000|collapse_risk:-0.0000|territory_pressure:0.0130|opportunity_cost:-0.1741
4,utility_tunneler_vs_phase_player,3,player,utility_tunneler,2,tunnel_entrance,"(-2, 0)",,,0.1839,0.308,0.1241,F,resource_fit:0.0208|tunnel_access_gain:0.1500|enemy_tunnel_threat:0.0000|collapse_risk:-0.0000|territory_pressure:0.0130|opportunity_cost:-0.1241
4,utility_tunneler_vs_phase_player,3,player,utility_tunneler,2,tunnel_entrance,"(-1, 0)",,,0.1339,0.308,0.1741,F,resource_fit:0.0208|tunnel_access_gain:0.1000|enemy_tunnel_threat:0.0000|collapse_risk:-0.0000|territory_pressure:0.0130|opportunity_cost:-0.1741
4,utility_tunneler_vs_phase_player,3,player,utility_tunneler,2,wait,,,,0.0,0.308,0.308,F,opportunity_cost:-0.3080
4,utility_tunneler_vs_phase_player,3,player,utility_tunneler,3,wait,,,,0.0,0.0265,0.0265,T,opportunity_cost:-0.0265
4,utility_tunneler_vs_phase_player,4,player,utility_tunneler,1,tunnel_entrance,"(-3, 1)",,,0.201,2.2116,2.0106,F,resource_fit:0.0625|tunnel_access_gain:0.1000|enemy_tunnel_threat:0.0000|collapse_risk:-0.0000|territory_pressure:0.0385|opportunity_cost:-2.0106
4,utility_tunneler_vs_phase_player,4,player,utility_tunneler,1,tunnel_entrance,"(-2, 0)",,,0.251,2.2116,1.9606,F,resource_fit:0.0625|tunnel_access_gain:0.1500|enemy_tunnel_threat:0.0000|collapse_risk:-0.0000|territory_pressure:0.0385|opportunity_cost:-1.9606
4,utility_tunneler_vs_phase_player,4,player,utility_tunneler,1,tunnel_entrance,"(-1, 0)",,,0.151,2.2116,2.0606,F,resource_fit:0.0625|tunnel_access_gain:0.0500|enemy_tunnel_threat:0.0000|collapse_risk:-0.0000|territory_pressure:0.0385|opportunity_cost:-2.0606
4,utility_tunneler_vs_phase_player,4,player,utility_tunneler,1,wait,,,,0.0,2.2116,2.2116,F,opportunity_cost:-2.2116
4,utility_tunneler_vs_phase_player,4,player,utility_tunneler,2,tunnel_entrance,"(-3, 1)",,,0.2067,0.1621,0.0,F,resource_fit:0.0208|tunnel_access_gain:0.1500|enemy_tunnel_threat:0.0000|collapse_risk:-0.0000|territory_pressure:0.0358|opportunity_cost:-0.0000
4,utility_tunneler_vs_phase_player,4,player,utility_tunneler,2,tunnel_entrance,"(-2, 0)",,,0.2567,0.1621,0.0,T,resource_fit:0.0208|tunnel_access_gain:0.2000|enemy_tunnel_threat:0.0000|collapse_risk:-0.0000|territory_pressure:0.0358|opportunity_cost:-0.0000
4,utility_tunneler_vs_phase_player,4,player,utility_tunneler,2,tunnel_entrance,"(-1, 0)",,,0.1567,0.1621,0.0054,F,resource_fit:0.0208|tunnel_access_gain:0.1000|enemy_tunnel_threat:0.0000|collapse_risk:-0.0000|territory_pressure:0.0358|opportunity_cost:-0.0054
4,utility_tunneler_vs_phase_player,4,player,utility_tunneler,2,wait,,,,0.0,0.1621,0.1621,F,opportunity_cost:-0.1621
4,utility_tunneler_vs_phase_player,4,player,utility_tunneler,3,wait,,,,0.0,0.1621,0.1621,F,opportunity_cost:-0.1621
4,utility_tunneler_vs_phase_player,5,player,utility_tunneler,1,tunnel_entrance,"(-3, 1)",,,0.2533,2.0969,1.8435,F,resource_fit:0.0625|tunnel_access_gain:0.1500|enemy_tunnel_threat:0.0050|collapse_risk:-0.0000|territory_pressure:0.0358|opportunity_cost:-1.8435
4,utility_tunneler_vs_phase_player,5,player,utility_tunneler,1,tunnel_entrance,"(-2, 1)",,,0.2533,2.0969,1.8435,F,resource_fit:0.0625|tunnel_access_gain:0.1500|enemy_tunnel_threat:0.0050|collapse_risk:-0.0000|territory_pressure:0.0358|opportunity_cost:-1.8435
4,utility_tunneler_vs_phase_player,5,player,utility_tunneler,1,tunnel_entrance,"(-1, 0)",,,0.2033,2.0969,1.8935,F,resource_fit:0.0625|tunnel_access_gain:0.1000|enemy_tunnel_threat:0.0050|collapse_risk:-0.0000|territory_pressure:0.0358|opportunity_cost:-1.8935
4,utility_tunneler_vs_phase_player,5,player,utility_tunneler,1,tunnel_extend,"(-3, 1)","(-2, 0)",,0.1433,2.0969,1.9535,F,resource_fit:0.0667|tunnel_access_gain:0.0583|enemy_tunnel_threat:0.0075|own_tunnel_pressure:-0.0250|collapse_risk:-0.0000|territory_pressure:0.0358|opportunity_cost:-1.9535
4,utility_tunneler_vs_phase_player,5,player,utility_tunneler,1,tunnel_extend,"(-2, 1)","(-2, 0)",,0.1433,2.0969,1.9535,F,resource_fit:0.0667|tunnel_access_gain:0.0583|enemy_tunnel_threat:0.0075|own_tunnel_pressure:-0.0250|collapse_risk:-0.0000|territory_pressure:0.0358|opportunity_cost:-1.9535
4,utility_tunneler_vs_phase_player,5,player,utility_tunneler,1,tunnel_extend,"(-1, 0)","(-2, 0)",,0.1433,2.0969,1.9535,F,resource_fit:0.0667|tunnel_access_gain:0.0583|enemy_tunnel_threat:0.0075|own_tunnel_pressure:-0.0250|collapse_risk:-0.0000|territory_pressure:0.0358|opportunity_cost:-1.9535
4,utility_tunneler_vs_phase_player,5,player,utility_tunneler,1,wait,,,,0.0,2.0969,2.0969,F,opportunity_cost:-2.0969
4,utility_tunneler_vs_phase_player,5,player,utility_tunneler,2,wait,,,,0.0,0.4756,0.4756,F,opportunity_cost:-0.4756
4,utility_tunneler_vs_phase_player,5,player,utility_tunneler,3,wait,,,,0.0,0.3887,0.3887,F,opportunity_cost:-0.3887
4,utility_tunneler_vs_phase_player,6,player,utility_tunneler,1,tunnel_entrance,"(-3, 1)",,,0.2466,2.2098,1.9632,F,resource_fit:0.0417|tunnel_access_gain:0.1500|enemy_tunnel_threat:0.0050|collapse_risk:-0.0000|territory_pressure:0.0499|opportunity_cost:-1.9632
4,utility_tunneler_vs_phase_player,6,player,utility_tunneler,1,tunnel_entrance,"(-2, 1)",,,0.2466,2.2098,1.9632,F,resource_fit:0.0417|tunnel_access_gain:0.1500|enemy_tunnel_threat:0.0050|collapse_risk:-0.0000|territory_pressure:0.0499|opportunity_cost:-1.9632
4,utility_tunneler_vs_phase_player,6,player,utility_tunneler,1,tunnel_entrance,"(-1, 0)",,,0.1966,2.2098,2.0132,F,resource_fit:0.0417|tunnel_access_gain:0.1000|enemy_tunnel_threat:0.0050|collapse_risk:-0.0000|territory_pressure:0.0499|opportunity_cost:-2.0132
4,utility_tunneler_vs_phase_player,6,player,utility_tunneler,1,tunnel_extend,"(-3, 1)","(-2, 0)",,0.1324,2.2098,2.0773,F,resource_fit:0.0417|tunnel_access_gain:0.0583|enemy_tunnel_threat:0.0075|own_tunnel_pressure:-0.0250|collapse_risk:-0.0000|territory_pressure:0.0499|opportunity_cost:-2.0773
4,utility_tunneler_vs_phase_player,6,player,utility_tunneler,1,tunnel_extend,"(-2, 1)","(-2, 0)",,0.1324,2.2098,2.0773,F,resource_fit:0.0417|tunnel_access_gain:0.0583|enemy_tunnel_threat:0.0075|own_tunnel_pressure:-0.0250|collapse_risk:-0.0000|territory_pressure:0.0499|opportunity_cost:-2.0773
4,utility_tunneler_vs_phase_player,6,player,utility_tunneler,1,tunnel_extend,"(-1, 0)","(-2, 0)",,0.1324,2.2098,2.0773,F,resource_fit:0.0417|tunnel_access_gain:0.0583|enemy_tunnel_threat:0.0075|own_tunnel_pressure:-0.0250|collapse_risk:-0.0000|territory_pressure:0.0499|opportunity_cost:-2.0773
4,utility_tunneler_vs_phase_player,6,player,utility_tunneler,1,wait,,,,0.0,2.2098,2.2098,F,opportunity_cost:-2.2098
4,utility_tunneler_vs_phase_player,6,player,utility_tunneler,2,tunnel_entrance,"(-3, 1)",,,0.2222,0.15,0.0,T,resource_fit:0.0208|tunnel_access_gain:0.1500|enemy_tunnel_threat:0.0042|collapse_risk:-0.0000|territory_pressure:0.0472|opportunity_cost:-0.0000
4,utility_tunneler_vs_phase_player,6,player,utility_tunneler,2,tunnel_entrance,"(-2, 1)",,,0.2222,0.15,0.0,F,resource_fit:0.0208|tunnel_access_gain:0.1500|enemy_tunnel_threat:0.0042|collapse_risk:-0.0000|territory_pressure:0.0472|opportunity_cost:-0.0000
4,utility_tunneler_vs_phase_player,6,player,utility_tunneler,2,tunnel_entrance,"(-1, 0)",,,0.2222,0.15,0.0,F,resource_fit:0.0208|tunnel_access_gain:0.1500|enemy_tunnel_threat:0.0042|collapse_risk:-0.0000|territory_pressure:0.0472|opportunity_cost:-0.0000
4,utility_tunneler_vs_phase_player,6,player,utility_tunneler,2,tunnel_extend,"(-3, 1)","(-2, 0)",,0.1118,0.15,0.0382,F,resource_fit:0.0250|tunnel_access_gain:0.0583|enemy_tunnel_threat:0.0062|own_tunnel_pressure:-0.0250|collapse_risk:-0.0000|territory_pressure:0.0472|opportunity_cost:-0.0382
4,utility_tunneler_vs_phase_player,6,player,utility_tunneler,2,tunnel_extend,"(-2, 1)","(-2, 0)",,0.1118,0.15,0.0382,F,resource_fit:0.0250|tunnel_access_gain:0.0583|enemy_tunnel_threat:0.0062|own_tunnel_pressure:-0.0250|collapse_risk:-0.0000|territory_pressure:0.0472|opportunity_cost:-0.0382
4,utility_tunneler_vs_phase_player,6,player,utility_tunneler,2,tunnel_extend,"(-1, -1)","(-2, 0)",,0.1118,0.15,0.0382,F,resource_fit:0.0250|tunnel_access_gain:0.0583|enemy_tunnel_threat:0.0062|own_tunnel_pressure:-0.0250|collapse_risk:-0.0000|territory_pressure:0.0472|opportunity_cost:-0.0382
4,utility_tunneler_vs_phase_player,6,player,utility_tunneler,2,tunnel_extend,"(-1, 0)","(-2, 0)",,0.1118,0.15,0.0382,F,resource_fit:0.0250|tunnel_access_gain:0.0583|enemy_tunnel_threat:0.0062|own_tunnel_pressure:-0.0250|collapse_risk:-0.0000|territory_pressure:0.0472|opportunity_cost:-0.0382
4,utility_tunneler_vs_phase_player,6,player,utility_tunneler,2,wait,,,,0.0,0.15,0.15,F,opportunity_cost:-0.1500
4,utility_tunneler_vs_phase_player,6,player,utility_tunneler,3,wait,,,,0.0,0.15,0.15,T,opportunity_cost:-0.1500
4,utility_tunneler_vs_phase_player,7,player,utility_tunneler,1,tunnel_entrance,"(-2, 1)",,,0.2472,0.537,0.2898,F,resource_fit:0.0417|tunnel_access_gain:0.1500|enemy_tunnel_threat:0.0083|collapse_risk:-0.0000|territory_pressure:0.0472|opportunity_cost:-0.2898
4,utility_tunneler_vs_phase_player,7,player,utility_tunneler,1,tunnel_entrance,"(-1, -1)",,,0.1972,0.537,0.3398,F,resource_fit:0.0417|tunnel_access_gain:0.1000|enemy_tunnel_threat:0.0083|collapse_risk:-0.0000|territory_pressure:0.0472|opportunity_cost:-0.3398
4,utility_tunneler_vs_phase_player,7,player,utility_tunneler,1,tunnel_entrance,"(-1, 0)",,,0.2472,0.537,0.2898,F,resource_fit:0.0417|tunnel_access_gain:0.1500|enemy_tunnel_threat:0.0083|collapse_risk:-0.0000|territory_pressure:0.0472|opportunity_cost:-0.2898
4,utility_tunneler_vs_phase_player,7,player,utility_tunneler,1,tunnel_extend,"(-2, 0)","(-3, 1)",,0.0764,0.537,0.4606,F,resource_fit:0.0417|tunnel_access_gain:0.0000|enemy_tunnel_threat:0.0125|own_tunnel_pressure:-0.0250|collapse_risk:-0.0000|territory_pressure:0.0472|opportunity_cost:-0.4606
4,utility_tunneler_vs_phase_player,7,player,utility_tunneler,1,tunnel_extend,"(-2, 1)","(-3, 1)",,0.1347,0.537,0.4023,F,resource_fit:0.0417|tunnel_access_gain:0.0583|enemy_tunnel_threat:0.0125|own_tunnel_pressure:-0.0250|collapse_risk:-0.0000|territory_pressure:0.0472|opportunity_cost:-0.4023
4,utility_tunneler_vs_phase_player,7,player,utility_tunneler,1,tunnel_extend,"(-3, 1)","(-2, 0)",,0.0764,0.537,0.4606,F,resource_fit:0.0417|tunnel_access_gain:0.0000|enemy_tunnel_threat:0.0125|own_tunnel_pressure:-0.0250|collapse_risk:-0.0000|territory_pressure:0.0472|opportunity_cost:-0.4606
4,utility_tunneler_vs_phase_player,7,player,utility_tunneler,1,tunnel_extend,"(-2, 1)","(-2, 0)",,0.1347,0.537,0.4023,F,resource_fit:0.0417|tunnel_access_gain:0.0583|enemy_tunnel_threat:0.0125|own_tunnel_pressure:-0.0250|collapse_risk:-0.0000|territory_pressure:0.0472|opportunity_cost:-0.4023
4,utility_tunneler_vs_phase_player,7,player,utility_tunneler,1,tunnel_extend,"(-1, -1)","(-2, 0)",,0.1347,0.537,0.4023,F,resource_fit:0.0417|tunnel_access_gain:0.0583|enemy_tunnel_threat:0.0125|own_tunnel_pressure:-0.0250|collapse_risk:-0.0000|territory_pressure:0.0472|opportunity_cost:-0.4023
4,utility_tunneler_vs_phase_player,7,player,utility_tunneler,1,tunnel_extend,"(-1, 0)","(-2, 0)",,0.1347,0.537,0.4023,F,resource_fit:0.0417|tunnel_access_gain:0.0583|enemy_tunnel_threat:0.0125|own_tunnel_pressure:-0.0250|collapse_risk:-0.0000|territory_pressure:0.0472|opportunity_cost:-0.4023
4,utility_tunneler_vs_phase_player,7,player,utility_tunneler,1,wait,,,,0.0,0.537,0.537,F,opportunity_cost:-0.5370
4,utility_tunneler_vs_phase_player,7,player,utility_tunneler,2,tunnel_entrance,"(-2, 1)",,,0.2363,0.15,0.0,F,resource_fit:0.0417|tunnel_access_gain:0.1500|enemy_tunnel_threat:0.0071|collapse_risk:-0.0000|territory_pressure:0.0375|opportunity_cost:-0.0000
4,utility_tunneler_vs_phase_player,7,player,utility_tunneler,2,tunnel_entrance,"(-1, -1)",,,0.1863,0.15,0.0,F,resource_fit:0.0417|tunnel_access_gain:0.1000|enemy_tunnel_threat:0.0071|collapse_risk:-0.0000|territory_pressure:0.0375|opportunity_cost:-0.0000
4,utility_tunneler_vs_phase_player,7,player,utility_tunneler,2,tunnel_entrance,"(-1, 0)",,,0.2863,0.15,0.0,T,resource_fit:0.0417|tunnel_access_gain:0.2000|enemy_tunnel_threat:0.0071|collapse_risk:-0.0000|territory_pressure:0.0375|opportunity_cost:-0.0000
4,utility_tunneler_vs_phase_player,7,player,utility_tunneler,2,tunnel_extend,"(-2, 0)","(-3, 1)",,0.0649,0.15,0.0851,F,resource_fit:0.0417|tunnel_access_gain:0.0000|enemy_tunnel_threat:0.0107|own_tunnel_pressure:-0.0250|collapse_risk:-0.0000|territory_pressure:0.0375|opportunity_cost:-0.0851
4,utility_tunneler_vs_phase_player,7,player,utility_tunneler,2,tunnel_extend,"(-2, 1)","(-3, 1)",,0.1232,0.15,0.0268,F,resource_fit:0.0417|tunnel_access_gain:0.0583|enemy_tunnel_threat:0.0107|own_tunnel_pressure:-0.0250|collapse_risk:-0.0000|territory_pressure:0.0375|opportunity_cost:-0.0268
4,utility_tunneler_vs_phase_player,7,player,utility_tunneler,2,tunnel_extend,"(-3, 1)","(-2, 0)",,0.0649,0.15,0.0851,F,resource_fit:0.0417|tunnel_access_gain:0.0000|enemy_tunnel_threat:0.0107|own_tunnel_pressure:-0.0250|collapse_risk:-0.0000|territory_pressure:0.0375|opportunity_cost:-0.0851
4,utility_tunneler_vs_phase_player,7,player,utility_tunneler,2,tunnel_extend,"(-2, 1)","(-2, 0)",,0.1232,0.15,0.0268,F,resource_fit:0.0417|tunnel_access_gain:0.0583|enemy_tunnel_threat:0.0107|own_tunnel_pressure:-0.0250|collapse_risk:-0.0000|territory_pressure:0.0375|opportunity_cost:-0.0268
4,utility_tunneler_vs_phase_player,7,player,utility_tunneler,2,tunnel_extend,"(-1, -1)","(-2, 0)",,0.1232,0.15,0.0268,F,resource_fit:0.0417|tunnel_access_gain:0.0583|enemy_tunnel_threat:0.0107|own_tunnel_pressure:-0.0250|collapse_risk:-0.0000|territory_pressure:0.0375|opportunity_cost:-0.0268
4,utility_tunneler_vs_phase_player,7,player,utility_tunneler,2,tunnel_extend,"(-1, 0)","(-2, 0)",,0.1232,0.15,0.0268,F,resource_fit:0.0417|tunnel_access_gain:0.0583|enemy_tunnel_threat:0.0107|own_tunnel_pressure:-0.0250|collapse_risk:-0.0000|territory_pressure:0.0375|opportunity_cost:-0.0268
4,utility_tunneler_vs_phase_player,7,player,utility_tunneler,2,wait,,,,0.0,0.15,0.15,F,opportunity_cost:-0.1500
4,utility_tunneler_vs_phase_player,7,player,utility_tunneler,3,tunnel_entrance,"(-2, 1)",,,0.2086,0.15,0.0,T,resource_fit:0.0104|tunnel_access_gain:0.1500|enemy_tunnel_threat:0.0107|collapse_risk:-0.0000|territory_pressure:0.0375|opportunity_cost:-0.0000
4,utility_tunneler_vs_phase_player,7,player,utility_tunneler,3,tunnel_entrance,"(-1, -1)",,,0.1586,0.15,0.0,F,resource_fit:0.0104|tunnel_access_gain:0.1000|enemy_tunnel_threat:0.0107|collapse_risk:-0.0000|territory_pressure:0.0375|opportunity_cost:-0.0000
4,utility_tunneler_vs_phase_player,7,player,utility_tunneler,3,tunnel_extend,"(-2, 0)","(-3, 1)",,0.0452,0.15,0.1048,F,resource_fit:0.0167|tunnel_access_gain:0.0000|enemy_tunnel_threat:0.0161|own_tunnel_pressure:-0.0250|collapse_risk:-0.0000|territory_pressure:0.0375|opportunity_cost:-0.1048
4,utility_tunneler_vs_phase_player,7,player,utility_tunneler,3,tunnel_extend,"(-2, 1)","(-3, 1)",,0.1036,0.15,0.0464,F,resource_fit:0.0167|tunnel_access_gain:0.0583|enemy_tunnel_threat:0.0161|own_tunnel_pressure:-0.0250|collapse_risk:-0.0000|territory_pressure:0.0375|opportunity_cost:-0.0464
4,utility_tunneler_vs_phase_player,7,player,utility_tunneler,3,tunnel_extend,"(-3, 1)","(-2, 0)",,0.0452,0.15,0.1048,F,resource_fit:0.0167|tunnel_access_gain:0.0000|enemy_tunnel_threat:0.0161|own_tunnel_pressure:-0.0250|collapse_risk:-0.0000|territory_pressure:0.0375|opportunity_cost:-0.1048
4,utility_tunneler_vs_phase_player,7,player,utility_tunneler,3,tunnel_extend,"(-2, 1)","(-2, 0)",,0.1036,0.15,0.0464,F,resource_fit:0.0167|tunnel_access_gain:0.0583|enemy_tunnel_threat:0.0161|own_tunnel_pressure:-0.0250|collapse_risk:-0.0000|territory_pressure:0.0375|opportunity_cost:-0.0464
4,utility_tunneler_vs_phase_player,7,player,utility_tunneler,3,tunnel_extend,"(-1, -1)","(-2, 0)",,0.1036,0.15,0.0464,F,resource_fit:0.0167|tunnel_access_gain:0.0583|enemy_tunnel_threat:0.0161|own_tunnel_pressure:-0.0250|collapse_risk:-0.0000|territory_pressure:0.0375|opportunity_cost:-0.0464
4,utility_tunneler_vs_phase_player,7,player,utility_tunneler,3,tunnel_extend,"(-1, 0)","(-2, 0)",,0.0452,0.15,0.1048,F,resource_fit:0.0167|tunnel_access_gain:0.0000|enemy_tunnel_threat:0.0161|own_tunnel_pressure:-0.0250|collapse_risk:-0.0000|territory_pressure:0.0375|opportunity_cost:-0.1048
4,utility_tunneler_vs_phase_player,7,player,utility_tunneler,3,tunnel_extend,"(-2, 0)","(-1, 0)",,0.0452,0.15,0.1048,F,resource_fit:0.0167|tunnel_access_gain:0.0000|enemy_tunnel_threat:0.0161|own_tunnel_pressure:-0.0250|collapse_risk:-0.0000|territory_pressure:0.0375|opportunity_cost:-0.1048
4,utility_tunneler_vs_phase_player,7,player,utility_tunneler,3,tunnel_extend,"(-2, 1)","(-1, 0)",,0.1036,0.15,0.0464,F,resource_fit:0.0167|tunnel_access_gain:0.0583|enemy_tunnel_threat:0.0161|own_tunnel_pressure:-0.0250|collapse_risk:-0.0000|territory_pressure:0.0375|opportunity_cost:-0.0464
4,utility_tunneler_vs_phase_player,7,player,utility_tunneler,3,tunnel_extend,"(-1, -1)","(-1, 0)",,0.1036,0.15,0.0464,F,resource_fit:0.0167|tunnel_access_gain:0.0583|enemy_tunnel_threat:0.0161|own_tunnel_pressure:-0.0250|collapse_risk:-0.0000|territory_pressure:0.0375|opportunity_cost:-0.0464
4,utility_tunneler_vs_phase_player,7,player,utility_tunneler,3,tunnel_extend,"(-1, 1)","(-1, 0)",,0.1036,0.15,0.0464,F,resource_fit:0.0167|tunnel_access_gain:0.0583|enemy_tunnel_threat:0.0161|own_tunnel_pressure:-0.0250|collapse_risk:-0.0000|territory_pressure:0.0375|opportunity_cost:-0.0464
4,utility_tunneler_vs_phase_player,7,player,utility_tunneler,3,tunnel_extend,"(0, -1)","(-1, 0)",,0.1036,0.15,0.0464,F,resource_fit:0.0167|tunnel_access_gain:0.0583|enemy_tunnel_threat:0.0161|own_tunnel_pressure:-0.0250|collapse_risk:-0.0000|territory_pressure:0.0375|opportunity_cost:-0.0464
4,utility_tunneler_vs_phase_player,7,player,utility_tunneler,3,tunnel_extend,"(0, 0)","(-1, 0)",,0.1036,0.15,0.0464,F,resource_fit:0.0167|tunnel_access_gain:0.0583|enemy_tunnel_threat:0.0161|own_tunnel_pressure:-0.0250|collapse_risk:-0.0000|territory_pressure:0.0375|opportunity_cost:-0.0464
4,utility_tunneler_vs_phase_player,7,player,utility_tunneler,3,wait,,,,0.0,0.15,0.15,F,opportunity_cost:-0.1500
4,utility_tunneler_vs_phase_player,8,player,utility_tunneler,1,tunnel_extend,"(-2, 0)","(-3, 1)",,0.109,1.9704,1.8614,F,resource_fit:0.0333|tunnel_access_gain:0.0000|enemy_tunnel_threat:0.0225|own_tunnel_pressure:-0.0250|collapse_risk:-0.0000|territory_pressure:0.0781|opportunity_cost:-1.8614
4,utility_tunneler_vs_phase_player,8,player,utility_tunneler,1,tunnel_extend,"(-2, 1)","(-3, 1)",,0.1673,1.9704,1.8031,F,resource_fit:0.0333|tunnel_access_gain:0.0583|enemy_tunnel_threat:0.0225|own_tunnel_pressure:-0.0250|collapse_risk:-0.0000|territory_pressure:0.0781|opportunity_cost:-1.8031
4,utility_tunneler_vs_phase_player,8,player,utility_tunneler,1,tunnel_extend,"(-3, 1)","(-2, 0)",,0.109,1.9704,1.8614,F,resource_fit:0.0333|tunnel_access_gain:0.0000|enemy_tunnel_threat:0.0225|own_tunnel_pressure:-0.0250|collapse_risk:-0.0000|territory_pressure:0.0781|opportunity_cost:-1.8614
4,utility_tunneler_vs_phase_player,8,player,utility_tunneler,1,tunnel_extend,"(-2, 1)","(-2, 0)",,0.1673,1.9704,1.8031,F,resource_fit:0.0333|tunnel_access_gain:0.0583|enemy_tunnel_threat:0.0225|own_tunnel_pressure:-0.0250|collapse_risk:-0.0000|territory_pressure:0.0781|opportunity_cost:-1.8031
4,utility_tunneler_vs_phase_player,8,player,utility_tunneler,1,tunnel_extend,"(-1, -1)","(-2, 0)",,0.1673,1.9704,1.8031,F,resource_fit:0.0333|tunnel_access_gain:0.0583|enemy_tunnel_threat:0.0225|own_tunnel_pressure:-0.0250|collapse_risk:-0.0000|territory_pressure:0.0781|opportunity_cost:-1.8031
4,utility_tunneler_vs_phase_player,8,player,utility_tunneler,1,tunnel_extend,"(-1, 0)","(-2, 0)",,0.1673,1.9704,1.8031,F,resource_fit:0.0333|tunnel_access_gain:0.0583|enemy_tunnel_threat:0.0225|own_tunnel_pressure:-0.0250|collapse_risk:-0.0000|territory_pressure:0.0781|opportunity_cost:-1.8031
4,utility_tunneler_vs_phase_player,8,player,utility_tunneler,1,wait,,,,0.0,1.9704,1.9704,F,opportunity_cost:-1.9704
4,utility_tunneler_vs_phase_player,8,player,utility_tunneler,2,wait,,,,0.0,0.15,0.15,T,opportunity_cost:-0.1500
4,utility_tunneler_vs_phase_player,8,player,utility_tunneler,3,wait,,,,0.0,0.15,0.15,T,opportunity_cost:-0.1500
4,utility_tunneler_vs_phase_player,9,player,utility_tunneler,1,tunnel_entrance,"(-2, -1)",,,0.2504,0.5854,0.3349,F,resource_fit:0.0625|tunnel_access_gain:0.1000|enemy_tunnel_threat:0.0125|collapse_risk:-0.0000|territory_pressure:0.0754|opportunity_cost:-0.3349
4,utility_tunneler_vs_phase_player,9,player,utility_tunneler,1,tunnel_extend,"(-2, 0)","(-3, 1)",,0.1275,0.5854,0.4579,F,resource_fit:0.0583|tunnel_access_gain:0.0000|enemy_tunnel_threat:0.0187|own_tunnel_pressure:-0.0250|collapse_risk:-0.0000|territory_pressure:0.0754|opportunity_cost:-0.4579
4,utility_tunneler_vs_phase_player,9,player,utility_tunneler,1,tunnel_extend,"(-2, 1)","(-3, 1)",,0.1859,0.5854,0.3995,F,resource_fit:0.0583|tunnel_access_gain:0.0583|enemy_tunnel_threat:0.0187|own_tunnel_pressure:-0.0250|collapse_risk:-0.0000|territory_pressure:0.0754|opportunity_cost:-0.3995
4,utility_tunneler_vs_phase_player,9,player,utility_tunneler,1,tunnel_extend,"(-3, 1)","(-2, 0)",,0.1275,0.5854,0.4579,F,resource_fit:0.0583|tunnel_access_gain:0.0000|enemy_tunnel_threat:0.0187|own_tunnel_pressure:-0.0250|collapse_risk:-0.0000|territory_pressure:0.0754|opportunity_cost:-0.4579
4,utility_tunneler_vs_phase_player,9,player,utility_tunneler,1,tunnel_extend,"(-2, -1)","(-2, 0)",,0.1859,0.5854,0.3995,F,resource_fit:0.0583|tunnel_access_gain:0.0583|enemy_tunnel_threat:0.0187|own_tunnel_pressure:-0.0250|collapse_risk:-0.0000|territory_pressure:0.0754|opportunity_cost:-0.3995
4,utility_tunneler_vs_phase_player,9,player,utility_tunneler,1,tunnel_extend,"(-2, 1)","(-2, 0)",,0.1859,0.5854,0.3995,F,resource_fit:0.0583|tunnel_access_gain:0.0583|enemy_tunnel_threat:0.0187|own_tunnel_pressure:-0.0250|collapse_risk:-0.0000|territory_pressure:0.0754|opportunity_cost:-0.3995
4,utility_tunneler_vs_phase_player,9,player,utility_tunneler,1,tunnel_extend,"(-1, -1)","(-2, 0)",,0.1859,0.5854,0.3995,F,resource_fit:0.0583|tunnel_access_gain:0.0583|enemy_tunnel_threat:0.0187|own_tunnel_pressure:-0.0250|collapse_risk:-0.0000|territory_pressure:0.0754|opportunity_cost:-0.3995
4,utility_tunneler_vs_phase_player,9,player,utility_tunneler,1,tunnel_extend,"(-1, 0)","(-2, 0)",,0.1275,0.5854,0.4579,F,resource_fit:0.0583|tunnel_access_gain:0.0000|enemy_tunnel_threat:0.0187|own_tunnel_pressure:-0.0250|collapse_risk:-0.0000|territory_pressure:0.0754|opportunity_cost:-0.4579
4,utility_tunneler_vs_phase_player,9,player,utility_tunneler,1,tunnel_extend,"(-2, 0)","(-1, 0)",,0.1275,0.5854,0.4579,F,resource_fit:0.0583|tunnel_access_gain:0.0000|enemy_tunnel_threat:0.0187|own_tunnel_pressure:-0.0250|collapse_risk:-0.0000|territory_pressure:0.0754|opportunity_cost:-0.4579
4,utility_tunneler_vs_phase_player,9,player,utility_tunneler,1,tunnel_extend,"(-2, 1)","(-1, 0)",,0.1859,0.5854,0.3995,F,resource_fit:0.0583|tunnel_access_gain:0.0583|enemy_tunnel_threat:0.0187|own_tunnel_pressure:-0.0250|collapse_risk:-0.0000|territory_pressure:0.0754|opportunity_cost:-0.3995
4,utility_tunneler_vs_phase_player,9,player,utility_tunneler,1,tunnel_extend,"(-1, -1)","(-1, 0)",,0.1859,0.5854,0.3995,F,resource_fit:0.0583|tunnel_access_gain:0.0583|enemy_tunnel_threat:0.0187|own_tunnel_pressure:-0.0250|collapse_risk:-0.0000|territory_pressure:0.0754|opportunity_cost:-0.3995
4,utility_tunneler_vs_phase_player,9,player,utility_tunneler,1,tunnel_extend,"(-1, 1)","(-1, 0)",,0.1859,0.5854,0.3995,F,resource_fit:0.0583|tunnel_access_gain:0.0583|enemy_tunnel_threat:0.0187|own_tunnel_pressure:-0.0250|collapse_risk:-0.0000|territory_pressure:0.0754|opportunity_cost:-0.3995
4,utility_tunneler_vs_phase_player,9,player,utility_tunneler,1,tunnel_extend,"(0, -1)","(-1, 0)",,0.1859,0.5854,0.3995,F,resource_fit:0.0583|tunnel_access_gain:0.0583|enemy_tunnel_threat:0.0187|own_tunnel_pressure:-0.0250|collapse_risk:-0.0000|territory_pressure:0.0754|opportunity_cost:-0.3995
4,utility_tunneler_vs_phase_player,9,player,utility_tunneler,1,tunnel_extend,"(0, 0)","(-1, 0)",,0.1859,0.5854,0.3995,F,resource_fit:0.0583|tunnel_access_gain:0.0583|enemy_tunnel_threat:0.0187|own_tunnel_pressure:-0.0250|collapse_risk:-0.0000|territory_pressure:0.0754|opportunity_cost:-0.3995
4,utility_tunneler_vs_phase_player,9,player,utility_tunneler,1,wait,,,,0.0,0.5854,0.5854,F,opportunity_cost:-0.5854
4,utility_tunneler_vs_phase_player,9,player,utility_tunneler,2,tunnel_entrance,"(-2, -1)",,,0.2889,0.5742,0.2853,F,resource_fit:0.0625|tunnel_access_gain:0.1500|enemy_tunnel_threat:0.0107|collapse_risk:-0.0000|territory_pressure:0.0657|opportunity_cost:-0.2853
4,utility_tunneler_vs_phase_player,9,player,utility_tunneler,2,tunnel_extend,"(-2, 0)","(-3, 1)",,0.1151,0.5742,0.4591,F,resource_fit:0.0583|tunnel_access_gain:0.0000|enemy_tunnel_threat:0.0161|own_tunnel_pressure:-0.0250|collapse_risk:-0.0000|territory_pressure:0.0657|opportunity_cost:-0.4591
4,utility_tunneler_vs_phase_player,9,player,utility_tunneler,2,tunnel_extend,"(-2, 1)","(-3, 1)",,0.1734,0.5742,0.4008,F,resource_fit:0.0583|tunnel_access_gain:0.0583|enemy_tunnel_threat:0.0161|own_tunnel_pressure:-0.0250|collapse_risk:-0.0000|territory_pressure:0.0657|opportunity_cost:-0.4008
4,utility_tunneler_vs_phase_player,9,player,utility_tunneler,2,tunnel_extend,"(-3, 1)","(-2, 0)",,0.1151,0.5742,0.4591,F,resource_fit:0.0583|tunnel_access_gain:0.0000|enemy_tunnel_threat:0.0161|own_tunnel_pressure:-0.0250|collapse_risk:-0.0000|territory_pressure:0.0657|opportunity_cost:-0.4591
4,utility_tunneler_vs_phase_player,9,player,utility_tunneler,2,tunnel_extend,"(-2, -1)","(-2, 0)",,0.1734,0.5742,0.4008,F,resource_fit:0.0583|tunnel_access_gain:0.0583|enemy_tunnel_threat:0.0161|own_tunnel_pressure:-0.0250|collapse_risk:-0.0000|territory_pressure:0.0657|opportunity_cost:-0.4008
4,utility_tunneler_vs_phase_player,9,player,utility_tunneler,2,tunnel_extend,"(-2, 1)","(-2, 0)",,0.1734,0.5742,0.4008,F,resource_fit:0.0583|tunnel_access_gain:0.0583|enemy_tunnel_threat:0.0161|own_tunnel_pressure:-0.0250|collapse_risk:-0.0000|territory_pressure:0.0657|opportunity_cost:-0.4008
4,utility_tunneler_vs_phase_player,9,player,utility_tunneler,2,tunnel_extend,"(-1, -1)","(-2, 0)",,0.1734,0.5742,0.4008,F,resource_fit:0.0583|tunnel_access_gain:0.0583|enemy_tunnel_threat:0.0161|own_tunnel_pressure:-0.0250|collapse_risk:-0.0000|territory_pressure:0.0657|opportunity_cost:-0.4008
4,utility_tunneler_vs_phase_player,9,player,utility_tunneler,2,tunnel_extend,"(-1, 0)","(-2, 0)",,0.1151,0.5742,0.4591,F,resource_fit:0.0583|tunnel_access_gain:0.0000|enemy_tunnel_threat:0.0161|own_tunnel_pressure:-0.0250|collapse_risk:-0.0000|territory_pressure:0.0657|opportunity_cost:-0.4591
4,utility_tunneler_vs_phase_player,9,player,utility_tunneler,2,tunnel_extend,"(-2, 0)","(-1, 0)",,0.1151,0.5742,0.4591,F,resource_fit:0.0583|tunnel_access_gain:0.0000|enemy_tunnel_threat:0.0161|own_tunnel_pressure:-0.0250|collapse_risk:-0.0000|territory_pressure:0.0657|opportunity_cost:-0.4591
4,utility_tunneler_vs_phase_player,9,player,utility_tunneler,2,tunnel_extend,"(-2, 1)","(-1, 0)",,0.1734,0.5742,0.4008,F,resource_fit:0.0583|tunnel_access_gain:0.0583|enemy_tunnel_threat:0.0161|own_tunnel_pressure:-0.0250|collapse_risk:-0.0000|territory_pressure:0.0657|opportunity_cost:-0.4008
4,utility_tunneler_vs_phase_player,9,player,utility_tunneler,2,tunnel_extend,"(-1, -1)","(-1, 0)",,0.1734,0.5742,0.4008,F,resource_fit:0.0583|tunnel_access_gain:0.0583|enemy_tunnel_threat:0.0161|own_tunnel_pressure:-0.0250|collapse_risk:-0.0000|territory_pressure:0.0657|opportunity_cost:-0.4008
4,utility_tunneler_vs_phase_player,9,player,utility_tunneler,2,tunnel_extend,"(-1, 1)","(-1, 0)",,0.1734,0.5742,0.4008,F,resource_fit:0.0583|tunnel_access_gain:0.0583|enemy_tunnel_threat:0.0161|own_tunnel_pressure:-0.0250|collapse_risk:-0.0000|territory_pressure:0.0657|opportunity_cost:-0.4008
4,utility_tunneler_vs_phase_player,9,player,utility_tunneler,2,tunnel_extend,"(0, -1)","(-1, 0)",,0.1734,0.5742,0.4008,F,resource_fit:0.0583|tunnel_access_gain:0.0583|enemy_tunnel_threat:0.0161|own_tunnel_pressure:-0.0250|collapse_risk:-0.0000|territory_pressure:0.0657|opportunity_cost:-0.4008
4,utility_tunneler_vs_phase_player,9,player,utility_tunneler,2,tunnel_extend,"(0, 0)","(-1, 0)",,0.1734,0.5742,0.4008,F,resource_fit:0.0583|tunnel_access_gain:0.0583|enemy_tunnel_threat:0.0161|own_tunnel_pressure:-0.0250|collapse_risk:-0.0000|territory_pressure:0.0657|opportunity_cost:-0.4008
4,utility_tunneler_vs_phase_player,9,player,utility_tunneler,2,wait,,,,0.0,0.5742,0.5742,F,opportunity_cost:-0.5742
4,utility_tunneler_vs_phase_player,9,player,utility_tunneler,3,tunnel_entrance,"(-2, -1)",,,0.2809,0.2119,0.0,T,resource_fit:0.0625|tunnel_access_gain:0.1500|enemy_tunnel_threat:0.0125|collapse_risk:-0.0000|territory_pressure:0.0559|opportunity_cost:-0.0000
4,utility_tunneler_vs_phase_player,9,player,utility_tunneler,3,tunnel_extend,"(-2, 0)","(-3, 1)",,0.108,0.2119,0.1039,F,resource_fit:0.0583|tunnel_access_gain:0.0000|enemy_tunnel_threat:0.0187|own_tunnel_pressure:-0.0250|collapse_risk:-0.0000|territory_pressure:0.0559|opportunity_cost:-0.1039
4,utility_tunneler_vs_phase_player,9,player,utility_tunneler,3,tunnel_extend,"(-2, 1)","(-3, 1)",,0.1664,0.2119,0.0456,F,resource_fit:0.0583|tunnel_access_gain:0.0583|enemy_tunnel_threat:0.0187|own_tunnel_pressure:-0.0250|collapse_risk:-0.0000|territory_pressure:0.0559|opportunity_cost:-0.0456
4,utility_tunneler_vs_phase_player,9,player,utility_tunneler,3,tunnel_extend,"(-3, 1)","(-2, 0)",,0.108,0.2119,0.1039,F,resource_fit:0.0583|tunnel_access_gain:0.0000|enemy_tunnel_threat:0.0187|own_tunnel_pressure:-0.0250|collapse_risk:-0.0000|territory_pressure:0.0559|opportunity_cost:-0.1039
4,utility_tunneler_vs_phase_player,9,player,utility_tunneler,3,tunnel_extend,"(-2, -1)","(-2, 0)",,0.1664,0.2119,0.0456,F,resource_fit:0.0583|tunnel_access_gain:0.0583|enemy_tunnel_threat:0.0187|own_tunnel_pressure:-0.0250|collapse_risk:-0.0000|territory_pressure:0.0559|opportunity_cost:-0.0456
4,utility_tunneler_vs_phase_player,9,player,utility_tunneler,3,tunnel_extend,"(-2, 1)","(-2, 0)",,0.1664,0.2119,0.0456,F,resource_fit:0.0583|tunnel_access_gain:0.0583|enemy_tunnel_threat:0.0187|own_tunnel_pressure:-0.0250|collapse_risk:-0.0000|territory_pressure:0.0559|opportunity_cost:-0.0456
4,utility_tunneler_vs_phase_player,9,player,utility_tunneler,3,tunnel_extend,"(-1, -1)","(-2, 0)",,0.1664,0.2119,0.0456,F,resource_fit:0.0583|tunnel_access_gain:0.0583|enemy_tunnel_threat:0.0187|own_tunnel_pressure:-0.0250|collapse_risk:-0.0000|territory_pressure:0.0559|opportunity_cost:-0.0456
4,utility_tunneler_vs_phase_player,9,player,utility_tunneler,3,tunnel_extend,"(-1, 0)","(-2, 0)",,0.108,0.2119,0.1039,F,resource_fit:0.0583|tunnel_access_gain:0.0000|enemy_tunnel_threat:0.0187|own_tunnel_pressure:-0.0250|collapse_risk:-0.0000|territory_pressure:0.0559|opportunity_cost:-0.1039
4,utility_tunneler_vs_phase_player,9,player,utility_tunneler,3,tunnel_extend,"(-2, 0)","(-1, 0)",,0.108,0.2119,0.1039,F,resource_fit:0.0583|tunnel_access_gain:0.0000|enemy_tunnel_threat:0.0187|own_tunnel_pressure:-0.0250|collapse_risk:-0.0000|territory_pressure:0.0559|opportunity_cost:-0.1039
4,utility_tunneler_vs_phase_player,9,player,utility_tunneler,3,tunnel_extend,"(-2, 1)","(-1, 0)",,0.1664,0.2119,0.0456,F,resource_fit:0.0583|tunnel_access_gain:0.0583|enemy_tunnel_threat:0.0187|own_tunnel_pressure:-0.0250|collapse_risk:-0.0000|territory_pressure:0.0559|opportunity_cost:-0.0456
4,utility_tunneler_vs_phase_player,9,player,utility_tunneler,3,tunnel_extend,"(-1, -1)","(-1, 0)",,0.1664,0.2119,0.0456,F,resource_fit:0.0583|tunnel_access_gain:0.0583|enemy_tunnel_threat:0.0187|own_tunnel_pressure:-0.0250|collapse_risk:-0.0000|territory_pressure:0.0559|opportunity_cost:-0.0456
4,utility_tunneler_vs_phase_player,9,player,utility_tunneler,3,tunnel_extend,"(-1, 1)","(-1, 0)",,0.1664,0.2119,0.0456,F,resource_fit:0.0583|tunnel_access_gain:0.0583|enemy_tunnel_threat:0.0187|own_tunnel_pressure:-0.0250|collapse_risk:-0.0000|territory_pressure:0.0559|opportunity_cost:-0.0456
4,utility_tunneler_vs_phase_player,9,player,utility_tunneler,3,tunnel_extend,"(0, -1)","(-1, 0)",,0.1664,0.2119,0.0456,F,resource_fit:0.0583|tunnel_access_gain:0.0583|enemy_tunnel_threat:0.0187|own_tunnel_pressure:-0.0250|collapse_risk:-0.0000|territory_pressure:0.0559|opportunity_cost:-0.0456
4,utility_tunneler_vs_phase_player,9,player,utility_tunneler,3,tunnel_extend,"(0, 0)","(-1, 0)",,0.1664,0.2119,0.0456,F,resource_fit:0.0583|tunnel_access_gain:0.0583|enemy_tunnel_threat:0.0187|own_tunnel_pressure:-0.0250|collapse_risk:-0.0000|territory_pressure:0.0559|opportunity_cost:-0.0456
4,utility_tunneler_vs_phase_player,9,player,utility_tunneler,3,wait,,,,0.0,0.2119,0.2119,F,opportunity_cost:-0.2119
4,utility_tunneler_vs_phase_player,10,player,utility_tunneler,1,tunnel_extend,"(-3, 2)","(-3, 1)",,0.2229,0.4682,0.2453,F,resource_fit:0.0750|tunnel_access_gain:0.0583|enemy_tunnel_threat:0.0250|own_tunnel_pressure:-0.0250|collapse_risk:-0.0000|territory_pressure:0.0895|opportunity_cost:-0.2453
4,utility_tunneler_vs_phase_player,10,player,utility_tunneler,1,tunnel_extend,"(-2, 0)","(-3, 1)",,0.1645,0.4682,0.3036,F,resource_fit:0.0750|tunnel_access_gain:0.0000|enemy_tunnel_threat:0.0250|own_tunnel_pressure:-0.0250|collapse_risk:-0.0000|territory_pressure:0.0895|opportunity_cost:-0.3036
4,utility_tunneler_vs_phase_player,10,player,utility_tunneler,1,tunnel_extend,"(-2, 1)","(-3, 1)",,0.2229,0.4682,0.2453,F,resource_fit:0.0750|tunnel_access_gain:0.0583|enemy_tunnel_threat:0.0250|own_tunnel_pressure:-0.0250|collapse_risk:-0.0000|territory_pressure:0.0895|opportunity_cost:-0.2453
4,utility_tunneler_vs_phase_player,10,player,utility_tunneler,1,tunnel_extend,"(-2, 0)","(-2, -1)",,0.1645,0.4682,0.3036,F,resource_fit:0.0750|tunnel_access_gain:0.0000|enemy_tunnel_threat:0.0250|own_tunnel_pressure:-0.0250|collapse_risk:-0.0000|territory_pressure:0.0895|opportunity_cost:-0.3036
4,utility_tunneler_vs_phase_player,10,player,utility_tunneler,1,tunnel_extend,"(-1, -2)","(-2, -1)",,0.2229,0.4682,0.2453,F,resource_fit:0.0750|tunnel_access_gain:0.0583|enemy_tunnel_threat:0.0250|own_tunnel_pressure:-0.0250|collapse_risk:-0.0000|territory_pressure:0.0895|opportunity_cost:-0.2453
4,utility_tunneler_vs_phase_player,10,player,utility_tunneler,1,tunnel_extend,"(-1, -1)","(-2, -1)",,0.2229,0.4682,0.2453,F,resource_fit:0.0750|tunnel_access_gain:0.0583|enemy_tunnel_threat:0.0250|own_tunnel_pressure:-0.0250|collapse_risk:-0.0000|territory_pressure:0.0895|opportunity_cost:-0.2453
4,utility_tunneler_vs_phase_player,10,player,utility_tunneler,1,tunnel_extend,"(-3, 1)","(-2, 0)",,0.1645,0.4682,0.3036,F,resource_fit:0.0750|tunnel_access_gain:0.0000|enemy_tunnel_threat:0.0250|own_tunnel_pressure:-0.0250|collapse_risk:-0.0000|territory_pressure:0.0895|opportunity_cost:-0.3036
4,utility_tunneler_vs_phase_player,10,player,utility_tunneler,1,tunnel_extend,"(-2, -1)","(-2, 0)",,0.1645,0.4682,0.3036,F,resource_fit:0.0750|tunnel_access_gain:0.0000|enemy_tunnel_threat:0.0250|own_tunnel_pressure:-0.0250|collapse_risk:-0.0000|territory_pressure:0.0895|opportunity_cost:-0.3036
4,utility_tunneler_vs_phase_player,10,player,utility_tunneler,1,tunnel_extend,"(-2, 1)","(-2, 0)",,0.2229,0.4682,0.2453,F,resource_fit:0.0750|tunnel_access_gain:0.0583|enemy_tunnel_threat:0.0250|own_tunnel_pressure:-0.0250|collapse_risk:-0.0000|territory_pressure:0.0895|opportunity_cost:-0.2453
4,utility_tunneler_vs_phase_player,10,player,utility_tunneler,1,tunnel_extend,"(-1, -1)","(-2, 0)",,0.2229,0.4682,0.2453,F,resource_fit:0.0750|tunnel_access_gain:0.0583|enemy_tunnel_threat:0.0250|own_tunnel_pressure:-0.0250|collapse_risk:-0.0000|territory_pressure:0.0895|opportunity_cost:-0.2453
4,utility_tunneler_vs_phase_player,10,player,utility_tunneler,1,tunnel_extend,"(-1, 0)","(-2, 0)",,0.2229,0.4682,0.2453,F,resource_fit:0.0750|tunnel_access_gain:0.0583|enemy_tunnel_threat:0.0250|own_tunnel_pressure:-0.0250|collapse_risk:-0.0000|territory_pressure:0.0895|opportunity_cost:-0.2453
4,utility_tunneler_vs_phase_player,10,player,utility_tunneler,1,wait,,,,0.0,0.4682,0.4682,F,opportunity_cost:-0.4682
4,utility_tunneler_vs_phase_player,10,player,utility_tunneler,2,tunnel_extend,"(-3, 2)","(-3, 1)",,0.2096,0.1446,0.0,T,resource_fit:0.0750|tunnel_access_gain:0.0583|enemy_tunnel_threat:0.0214|own_tunnel_pressure:-0.0250|collapse_risk:-0.0000|territory_pressure:0.0798|opportunity_cost:-0.0000
4,utility_tunneler_vs_phase_player,10,player,utility_tunneler,2,tunnel_extend,"(-2, 0)","(-3, 1)",,0.1512,0.1446,0.0,F,resource_fit:0.0750|tunnel_access_gain:0.0000|enemy_tunnel_threat:0.0214|own_tunnel_pressure:-0.0250|collapse_risk:-0.0000|territory_pressure:0.0798|opportunity_cost:-0.0000
4,utility_tunneler_vs_phase_player,10,player,utility_tunneler,2,tunnel_extend,"(-2, 1)","(-3, 1)",,0.2096,0.1446,0.0,F,resource_fit:0.0750|tunnel_access_gain:0.0583|enemy_tunnel_threat:0.0214|own_tunnel_pressure:-0.0250|collapse_risk:-0.0000|territory_pressure:0.0798|opportunity_cost:-0.0000
4,utility_tunneler_vs_phase_player,10,player,utility_tunneler,2,tunnel_extend,"(-2, 0)","(-2, -1)",,0.1512,0.1446,0.0,F,resource_fit:0.0750|tunnel_access_gain:0.0000|enemy_tunnel_threat:0.0214|own_tunnel_pressure:-0.0250|collapse_risk:-0.0000|territory_pressure:0.0798|opportunity_cost:-0.0000
4,utility_tunneler_vs_phase_player,10,player,utility_tunneler,2,tunnel_extend,"(-1, -2)","(-2, -1)",,0.2096,0.1446,0.0,F,resource_fit:0.0750|tunnel_access_gain:0.0583|enemy_tunnel_threat:0.0214|own_tunnel_pressure:-0.0250|collapse_risk:-0.0000|territory_pressure:0.0798|opportunity_cost:-0.0000
4,utility_tunneler_vs_phase_player,10,player,utility_tunneler,2,tunnel_extend,"(-1, -1)","(-2, -1)",,0.2096,0.1446,0.0,F,resource_fit:0.0750|tunnel_access_gain:0.0583|enemy_tunnel_threat:0.0214|own_tunnel_pressure:-0.0250|collapse_risk:-0.0000|territory_pressure:0.0798|opportunity_cost:-0.0000
4,utility_tunneler_vs_phase_player,10,player,utility_tunneler,2,tunnel_extend,"(-3, 1)","(-2, 0)",,0.1512,0.1446,0.0,F,resource_fit:0.0750|tunnel_access_gain:0.0000|enemy_tunnel_threat:0.0214|own_tunnel_pressure:-0.0250|collapse_risk:-0.0000|territory_pressure:0.0798|opportunity_cost:-0.0000
4,utility_tunneler_vs_phase_player,10,player,utility_tunneler,2,tunnel_extend,"(-2, -1)","(-2, 0)",,0.1512,0.1446,0.0,F,resource_fit:0.0750|tunnel_access_gain:0.0000|enemy_tunnel_threat:0.0214|own_tunnel_pressure:-0.0250|collapse_risk:-0.0000|territory_pressure:0.0798|opportunity_cost:-0.0000
4,utility_tunneler_vs_phase_player,10,player,utility_tunneler,2,tunnel_extend,"(-2, 1)","(-2, 0)",,0.2096,0.1446,0.0,F,resource_fit:0.0750|tunnel_access_gain:0.0583|enemy_tunnel_threat:0.0214|own_tunnel_pressure:-0.0250|collapse_risk:-0.0000|territory_pressure:0.0798|opportunity_cost:-0.0000
4,utility_tunneler_vs_phase_player,10,player,utility_tunneler,2,tunnel_extend,"(-1, -1)","(-2, 0)",,0.2096,0.1446,0.0,F,resource_fit:0.0750|tunnel_access_gain:0.0583|enemy_tunnel_threat:0.0214|own_tunnel_pressure:-0.0250|collapse_risk:-0.0000|territory_pressure:0.0798|opportunity_cost:-0.0000
4,utility_tunneler_vs_phase_player,10,player,utility_tunneler,2,tunnel_extend,"(-1, 0)","(-2, 0)",,0.2096,0.1446,0.0,F,resource_fit:0.0750|tunnel_access_gain:0.0583|enemy_tunnel_threat:0.0214|own_tunnel_pressure:-0.0250|collapse_risk:-0.0000|territory_pressure:0.0798|opportunity_cost:-0.0000
4,utility_tunneler_vs_phase_player,10,player,utility_tunneler,2,wait,,,,0.0,0.1446,0.1446,F,opportunity_cost:-0.1446
4,utility_tunneler_vs_phase_player,10,player,utility_tunneler,3,tunnel_extend,"(-2, 0)","(-3, 1)",,0.1203,0.1386,0.0183,F,resource_fit:0.0583|tunnel_access_gain:0.0000|enemy_tunnel_threat:0.0321|own_tunnel_pressure:-0.0500|collapse_risk:-0.0000|territory_pressure:0.0798|opportunity_cost:-0.0183
4,utility_tunneler_vs_phase_player,10,player,utility_tunneler,3,tunnel_extend,"(-2, 1)","(-3, 1)",,0.1786,0.1386,0.0,F,resource_fit:0.0583|tunnel_access_gain:0.0583|enemy_tunnel_threat:0.0321|own_tunnel_pressure:-0.0500|collapse_risk:-0.0000|territory_pressure:0.0798|opportunity_cost:-0.0000
4,utility_tunneler_vs_phase_player,10,player,utility_tunneler,3,tunnel_extend,"(-2, 1)","(-3, 2)",,0.2036,0.1386,0.0,T,resource_fit:0.0583|tunnel_access_gain:0.0583|enemy_tunnel_threat:0.0321|own_tunnel_pressure:-0.0250|collapse_risk:-0.0000|territory_pressure:0.0798|opportunity_cost:-0.0000
4,utility_tunneler_vs_phase_player,10,player,utility_tunneler,3,tunnel_extend,"(-2, 2)","(-3, 2)",,0.2036,0.1386,0.0,F,resource_fit:0.0583|tunnel_access_gain:0.0583|enemy_tunnel_threat:0.0321|own_tunnel_pressure:-0.0250|collapse_risk:-0.0000|territory_pressure:0.0798|opportunity_cost:-0.0000
4,utility_tunneler_vs_phase_player,10,player,utility_tunneler,3,tunnel_extend,"(-2, 0)","(-2, -1)",,0.1453,0.1386,0.0,F,resource_fit:0.0583|tunnel_access_gain:0.0000|enemy_tunnel_threat:0.0321|own_tunnel_pressure:-0.0250|collapse_risk:-0.0000|territory_pressure:0.0798|opportunity_cost:-0.0000
4,utility_tunneler_vs_phase_player,10,player,utility_tunneler,3,tunnel_extend,"(-1, -2)","(-2, -1)",,0.2036,0.1386,0.0,F,resource_fit:0.0583|tunnel_access_gain:0.0583|enemy_tunnel_threat:0.0321|own_tunnel_pressure:-0.0250|collapse_risk:-0.0000|territory_pressure:0.0798|opportunity_cost:-0.0000
4,utility_tunneler_vs_phase_player,10,player,utility_tunneler,3,tunnel_extend,"(-1, -1)","(-2, -1)",,0.2036,0.1386,0.0,F,resource_fit:0.0583|tunnel_access_gain:0.0583|enemy_tunnel_threat:0.0321|own_tunnel_pressure:-0.0250|collapse_risk:-0.0000|territory_pressure:0.0798|opportunity_cost:-0.0000
4,utility_tunneler_vs_phase_player,10,player,utility_tunneler,3,tunnel_extend,"(-3, 1)","(-2, 0)",,0.1453,0.1386,0.0,F,resource_fit:0.0583|tunnel_access_gain:0.0000|enemy_tunnel_threat:0.0321|own_tunnel_pressure:-0.0250|collapse_risk:-0.0000|territory_pressure:0.0798|opportunity_cost:-0.0000
4,utility_tunneler_vs_phase_player,10,player,utility_tunneler,3,tunnel_extend,"(-2, -1)","(-2, 0)",,0.1453,0.1386,0.0,F,resource_fit:0.0583|tunnel_access_gain:0.0000|enemy_tunnel_threat:0.0321|own_tunnel_pressure:-0.0250|collapse_risk:-0.0000|territory_pressure:0.0798|opportunity_cost:-0.0000
4,utility_tunneler_vs_phase_player,10,player,utility_tunneler,3,tunnel_extend,"(-2, 1)","(-2, 0)",,0.2036,0.1386,0.0,F,resource_fit:0.0583|tunnel_access_gain:0.0583|enemy_tunnel_threat:0.0321|own_tunnel_pressure:-0.0250|collapse_risk:-0.0000|territory_pressure:0.0798|opportunity_cost:-0.0000
4,utility_tunneler_vs_phase_player,10,player,utility_tunneler,3,tunnel_extend,"(-1, -1)","(-2, 0)",,0.2036,0.1386,0.0,F,resource_fit:0.0583|tunnel_access_gain:0.0583|enemy_tunnel_threat:0.0321|own_tunnel_pressure:-0.0250|collapse_risk:-0.0000|territory_pressure:0.0798|opportunity_cost:-0.0000
4,utility_tunneler_vs_phase_player,10,player,utility_tunneler,3,tunnel_extend,"(-1, 0)","(-2, 0)",,0.2036,0.1386,0.0,F,resource_fit:0.0583|tunnel_access_gain:0.0583|enemy_tunnel_threat:0.0321|own_tunnel_pressure:-0.0250|collapse_risk:-0.0000|territory_pressure:0.0798|opportunity_cost:-0.0000
4,utility_tunneler_vs_phase_player,10,player,utility_tunneler,3,wait,,,,0.0,0.1386,0.1386,F,opportunity_cost:-0.1386
4,utility_tunneler_vs_phase_player,11,player,utility_tunneler,1,tunnel_entrance,"(-3, 2)",,,0.3021,1.7298,1.4276,F,resource_fit:0.0938|tunnel_access_gain:0.1000|enemy_tunnel_threat:0.0286|collapse_risk:-0.0000|territory_pressure:0.0798|opportunity_cost:-1.4276
4,utility_tunneler_vs_phase_player,11,player,utility_tunneler,1,tunnel_entrance,"(-1, -1)",,,0.3021,1.7298,1.4276,F,resource_fit:0.0938|tunnel_access_gain:0.1000|enemy_tunnel_threat:0.0286|collapse_risk:-0.0000|territory_pressure:0.0798|opportunity_cost:-1.4276
4,utility_tunneler_vs_phase_player,11,player,utility_tunneler,1,tunnel_extend,"(-2, 0)","(-3, 1)",,0.156,1.7298,1.5738,F,resource_fit:0.0833|tunnel_access_gain:0.0000|enemy_tunnel_threat:0.0429|own_tunnel_pressure:-0.0500|collapse_risk:-0.0000|territory_pressure:0.0798|opportunity_cost:-1.5738
4,utility_tunneler_vs_phase_player,11,player,utility_tunneler,1,tunnel_extend,"(-2, 1)","(-3, 1)",,0.156,1.7298,1.5738,F,resource_fit:0.0833|tunnel_access_gain:0.0000|enemy_tunnel_threat:0.0429|own_tunnel_pressure:-0.0500|collapse_risk:-0.0000|territory_pressure:0.0798|opportunity_cost:-1.5738
4,utility_tunneler_vs_phase_player,11,player,utility_tunneler,1,tunnel_extend,"(-2, 2)","(-3, 2)",,0.2143,1.7298,1.5154,F,resource_fit:0.0833|tunnel_access_gain:0.0583|enemy_tunnel_threat:0.0429|own_tunnel_pressure:-0.0500|collapse_risk:-0.0000|territory_pressure:0.0798|opportunity_cost:-1.5154
4,utility_tunneler_vs_phase_player,11,player,utility_tunneler,1,tunnel_extend,"(-2, 0)","(-2, -1)",,0.181,1.7298,1.5488,F,resource_fit:0.0833|tunnel_access_gain:0.0000|enemy_tunnel_threat:0.0429|own_tunnel_pressure:-0.0250|collapse_risk:-0.0000|territory_pressure:0.0798|opportunity_cost:-1.5488
4,utility_tunneler_vs_phase_player,11,player,utility_tunneler,1,tunnel_extend,"(-1, -2)","(-2, -1)",,0.2393,1.7298,1.4904,F,resource_fit:0.0833|tunnel_access_gain:0.0583|enemy_tunnel_threat:0.0429|own_tunnel_pressure:-0.0250|collapse_risk:-0.0000|territory_pressure:0.0798|opportunity_cost:-1.4904
4,utility_tunneler_vs_phase_player,11,player,utility_tunneler,1,tunnel_extend,"(-1, -1)","(-2, -1)",,0.2393,1.7298,1.4904,F,resource_fit:0.0833|tunnel_access_gain:0.0583|enemy_tunnel_threat:0.0429|own_tunnel_pressure:-0.0250|collapse_risk:-0.0000|territory_pressure:0.0798|opportunity_cost:-1.4904
4,utility_tunneler_vs_phase_player,11,player,utility_tunneler,1,tunnel_extend,"(-3, 1)","(-2, 0)",,0.181,1.7298,1.5488,F,resource_fit:0.0833|tunnel_access_gain:0.0000|enemy_tunnel_threat:0.0429|own_tunnel_pressure:-0.0250|collapse_risk:-0.0000|territory_pressure:0.0798|opportunity_cost:-1.5488
4,utility_tunneler_vs_phase_player,11,player,utility_tunneler,1,tunnel_extend,"(-2, -1)","(-2, 0)",,0.181,1.7298,1.5488,F,resource_fit:0.0833|tunnel_access_gain:0.0000|enemy_tunnel_threat:0.0429|own_tunnel_pressure:-0.0250|collapse_risk:-0.0000|territory_pressure:0.0798|opportunity_cost:-1.5488
4,utility_tunneler_vs_phase_player,11,player,utility_tunneler,1,tunnel_extend,"(-2, 1)","(-2, 0)",,0.181,1.7298,1.5488,F,resource_fit:0.0833|tunnel_access_gain:0.0000|enemy_tunnel_threat:0.0429|own_tunnel_pressure:-0.0250|collapse_risk:-0.0000|territory_pressure:0.0798|opportunity_cost:-1.5488
4,utility_tunneler_vs_phase_player,11,player,utility_tunneler,1,tunnel_extend,"(-1, -1)","(-2, 0)",,0.2393,1.7298,1.4904,F,resource_fit:0.0833|tunnel_access_gain:0.0583|enemy_tunnel_threat:0.0429|own_tunnel_pressure:-0.0250|collapse_risk:-0.0000|territory_pressure:0.0798|opportunity_cost:-1.4904
4,utility_tunneler_vs_phase_player,11,player,utility_tunneler,1,tunnel_extend,"(-1, 0)","(-2, 0)",,0.2393,1.7298,1.4904,F,resource_fit:0.0833|tunnel_access_gain:0.0583|enemy_tunnel_threat:0.0429|own_tunnel_pressure:-0.0250|collapse_risk:-0.0000|territory_pressure:0.0798|opportunity_cost:-1.4904
4,utility_tunneler_vs_phase_player,11,player,utility_tunneler,1,tunnel_extend,"(-3, 1)","(-2, 1)",,0.156,1.7298,1.5738,F,resource_fit:0.0833|tunnel_access_gain:0.0000|enemy_tunnel_threat:0.0429|own_tunnel_pressure:-0.0500|collapse_risk:-0.0000|territory_pressure:0.0798|opportunity_cost:-1.5738
4,utility_tunneler_vs_phase_player,11,player,utility_tunneler,1,tunnel_extend,"(-2, 0)","(-2, 1)",,0.156,1.7298,1.5738,F,resource_fit:0.0833|tunnel_access_gain:0.0000|enemy_tunnel_threat:0.0429|own_tunnel_pressure:-0.0500|collapse_risk:-0.0000|territory_pressure:0.0798|opportunity_cost:-1.5738
4,utility_tunneler_vs_phase_player,11,player,utility_tunneler,1,tunnel_extend,"(-2, 2)","(-2, 1)",,0.2143,1.7298,1.5154,F,resource_fit:0.0833|tunnel_access_gain:0.0583|enemy_tunnel_threat:0.0429|own_tunnel_pressure:-0.0500|collapse_risk:-0.0000|territory_pressure:0.0798|opportunity_cost:-1.5154
4,utility_tunneler_vs_phase_player,11,player,utility_tunneler,1,tunnel_extend,"(-1, 0)","(-2, 1)",,0.2143,1.7298,1.5154,F,resource_fit:0.0833|tunnel_access_gain:0.0583|enemy_tunnel_threat:0.0429|own_tunnel_pressure:-0.0500|collapse_risk:-0.0000|territory_pressure:0.0798|opportunity_cost:-1.5154
4,utility_tunneler_vs_phase_player,11,player,utility_tunneler,1,tunnel_extend,"(-1, 1)","(-2, 1)",,0.2143,1.7298,1.5154,F,resource_fit:0.0833|tunnel_access_gain:0.0583|enemy_tunnel_threat:0.0429|own_tunnel_pressure:-0.0500|collapse_risk:-0.0000|territory_pressure:0.0798|opportunity_cost:-1.5154
4,utility_tunneler_vs_phase_player,11,player,utility_tunneler,1,wait,,,,0.0,1.7298,1.7298,F,opportunity_cost:-1.7298
4,utility_tunneler_vs_phase_player,11,player,utility_tunneler,2,tunnel_entrance,"(-3, 2)",,,0.3146,0.6601,0.3455,F,resource_fit:0.0625|tunnel_access_gain:0.1500|enemy_tunnel_threat:0.0250|collapse_risk:-0.0000|territory_pressure:0.0771|opportunity_cost:-0.3455
4,utility_tunneler_vs_phase_player,11,player,utility_tunneler,2,tunnel_entrance,"(-1, -1)",,,0.2646,0.6601,0.3955,F,resource_fit:0.0625|tunnel_access_gain:0.1000|enemy_tunnel_threat:0.0250|collapse_risk:-0.0000|territory_pressure:0.0771|opportunity_cost:-0.3955
4,utility_tunneler_vs_phase_player,11,player,utility_tunneler,2,tunnel_extend,"(-2, 0)","(-3, 1)",,0.1229,0.6601,0.5371,F,resource_fit:0.0583|tunnel_access_gain:0.0000|enemy_tunnel_threat:0.0375|own_tunnel_pressure:-0.0500|collapse_risk:-0.0000|territory_pressure:0.0771|opportunity_cost:-0.5371
4,utility_tunneler_vs_phase_player,11,player,utility_tunneler,2,tunnel_extend,"(-2, 1)","(-3, 1)",,0.1229,0.6601,0.5371,F,resource_fit:0.0583|tunnel_access_gain:0.0000|enemy_tunnel_threat:0.0375|own_tunnel_pressure:-0.0500|collapse_risk:-0.0000|territory_pressure:0.0771|opportunity_cost:-0.5371
4,utility_tunneler_vs_phase_player,11,player,utility_tunneler,2,tunnel_extend,"(-3, 3)","(-3, 2)",,0.1813,0.6601,0.4788,F,resource_fit:0.0583|tunnel_access_gain:0.0583|enemy_tunnel_threat:0.0375|own_tunnel_pressure:-0.0500|collapse_risk:-0.0000|territory_pressure:0.0771|opportunity_cost:-0.4788
4,utility_tunneler_vs_phase_player,11,player,utility_tunneler,2,tunnel_extend,"(-2, 2)","(-3, 2)",,0.1813,0.6601,0.4788,F,resource_fit:0.0583|tunnel_access_gain:0.0583|enemy_tunnel_threat:0.0375|own_tunnel_pressure:-0.0500|collapse_risk:-0.0000|territory_pressure:0.0771|opportunity_cost:-0.4788
4,utility_tunneler_vs_phase_player,11,player,utility_tunneler,2,tunnel_extend,"(-2, 0)","(-2, -1)",,0.1479,0.6601,0.5121,F,resource_fit:0.0583|tunnel_access_gain:0.0000|enemy_tunnel_threat:0.0375|own_tunnel_pressure:-0.0250|collapse_risk:-0.0000|territory_pressure:0.0771|opportunity_cost:-0.5121
4,utility_tunneler_vs_phase_player,11,player,utility_tunneler,2,tunnel_extend,"(-1, -2)","(-2, -1)",,0.2063,0.6601,0.4538,F,resource_fit:0.0583|tunnel_access_gain:0.0583|enemy_tunnel_threat:0.0375|own_tunnel_pressure:-0.0250|collapse_risk:-0.0000|territory_pressure:0.0771|opportunity_cost:-0.4538
4,utility_tunneler_vs_phase_player,11,player,utility_tunneler,2,tunnel_extend,"(-1, -1)","(-2, -1)",,0.2063,0.6601,0.4538,F,resource_fit:0.0583|tunnel_access_gain:0.0583|enemy_tunnel_threat:0.0375|own_tunnel_pressure:-0.0250|collapse_risk:-0.0000|territory_pressure:0.0771|opportunity_cost:-0.4538
4,utility_tunneler_vs_phase_player,11,player,utility_tunneler,2,tunnel_extend,"(-3, 1)","(-2, 0)",,0.1479,0.6601,0.5121,F,resource_fit:0.0583|tunnel_access_gain:0.0000|enemy_tunnel_threat:0.0375|own_tunnel_pressure:-0.0250|collapse_risk:-0.0000|territory_pressure:0.0771|opportunity_cost:-0.5121
4,utility_tunneler_vs_phase_player,11,player,utility_tunneler,2,tunnel_extend,"(-2, -1)","(-2, 0)",,0.1479,0.6601,0.5121,F,resource_fit:0.0583|tunnel_access_gain:0.0000|enemy_tunnel_threat:0.0375|own_tunnel_pressure:-0.0250|collapse_risk:-0.0000|territory_pressure:0.0771|opportunity_cost:-0.5121
4,utility_tunneler_vs_phase_player,11,player,utility_tunneler,2,tunnel_extend,"(-2, 1)","(-2, 0)",,0.1479,0.6601,0.5121,F,resource_fit:0.0583|tunnel_access_gain:0.0000|enemy_tunnel_threat:0.0375|own_tunnel_pressure:-0.0250|collapse_risk:-0.0000|territory_pressure:0.0771|opportunity_cost:-0.5121
4,utility_tunneler_vs_phase_player,11,player,utility_tunneler,2,tunnel_extend,"(-1, -1)","(-2, 0)",,0.2063,0.6601,0.4538,F,resource_fit:0.0583|tunnel_access_gain:0.0583|enemy_tunnel_threat:0.0375|own_tunnel_pressure:-0.0250|collapse_risk:-0.0000|territory_pressure:0.0771|opportunity_cost:-0.4538
4,utility_tunneler_vs_phase_player,11,player,utility_tunneler,2,tunnel_extend,"(-1, 0)","(-2, 0)",,0.2063,0.6601,0.4538,F,resource_fit:0.0583|tunnel_access_gain:0.0583|enemy_tunnel_threat:0.0375|own_tunnel_pressure:-0.0250|collapse_risk:-0.0000|territory_pressure:0.0771|opportunity_cost:-0.4538
4,utility_tunneler_vs_phase_player,11,player,utility_tunneler,2,tunnel_extend,"(-3, 1)","(-2, 1)",,0.1229,0.6601,0.5371,F,resource_fit:0.0583|tunnel_access_gain:0.0000|enemy_tunnel_threat:0.0375|own_tunnel_pressure:-0.0500|collapse_risk:-0.0000|territory_pressure:0.0771|opportunity_cost:-0.5371
4,utility_tunneler_vs_phase_player,11,player,utility_tunneler,2,tunnel_extend,"(-2, 0)","(-2, 1)",,0.1229,0.6601,0.5371,F,resource_fit:0.0583|tunnel_access_gain:0.0000|enemy_tunnel_threat:0.0375|own_tunnel_pressure:-0.0500|collapse_risk:-0.0000|territory_pressure:0.0771|opportunity_cost:-0.5371
4,utility_tunneler_vs_phase_player,11,player,utility_tunneler,2,tunnel_extend,"(-2, 2)","(-2, 1)",,0.1813,0.6601,0.4788,F,resource_fit:0.0583|tunnel_access_gain:0.0583|enemy_tunnel_threat:0.0375|own_tunnel_pressure:-0.0500|collapse_risk:-0.0000|territory_pressure:0.0771|opportunity_cost:-0.4788
4,utility_tunneler_vs_phase_player,11,player,utility_tunneler,2,tunnel_extend,"(-1, 0)","(-2, 1)",,0.1813,0.6601,0.4788,F,resource_fit:0.0583|tunnel_access_gain:0.0583|enemy_tunnel_threat:0.0375|own_tunnel_pressure:-0.0500|collapse_risk:-0.0000|territory_pressure:0.0771|opportunity_cost:-0.4788
4,utility_tunneler_vs_phase_player,11,player,utility_tunneler,2,tunnel_extend,"(-1, 1)","(-2, 1)",,0.1813,0.6601,0.4788,F,resource_fit:0.0583|tunnel_access_gain:0.0583|enemy_tunnel_threat:0.0375|own_tunnel_pressure:-0.0500|collapse_risk:-0.0000|territory_pressure:0.0771|opportunity_cost:-0.4788
4,utility_tunneler_vs_phase_player,11,player,utility_tunneler,2,wait,,,,0.0,0.6601,0.6601,F,opportunity_cost:-0.6601
4,utility_tunneler_vs_phase_player,11,player,utility_tunneler,3,tunnel_entrance,"(-3, 2)",,,0.3048,0.5615,0.2567,F,resource_fit:0.0625|tunnel_access_gain:0.1500|enemy_tunnel_threat:0.0250|collapse_risk:-0.0000|territory_pressure:0.0673|opportunity_cost:-0.2567
4,utility_tunneler_vs_phase_player,11,player,utility_tunneler,3,tunnel_entrance,"(-1, -1)",,,0.3048,0.5615,0.2567,F,resource_fit:0.0625|tunnel_access_gain:0.1500|enemy_tunnel_threat:0.0250|collapse_risk:-0.0000|territory_pressure:0.0673|opportunity_cost:-0.2567
4,utility_tunneler_vs_phase_player,11,player,utility_tunneler,3,tunnel_extend,"(-2, 0)","(-3, 1)",,0.1132,0.5615,0.4483,F,resource_fit:0.0583|tunnel_access_gain:0.0000|enemy_tunnel_threat:0.0375|own_tunnel_pressure:-0.0500|collapse_risk:-0.0000|territory_pressure:0.0673|opportunity_cost:-0.4483
4,utility_tunneler_vs_phase_player,11,player,utility_tunneler,3,tunnel_extend,"(-2, 1)","(-3, 1)",,0.1132,0.5615,0.4483,F,resource_fit:0.0583|tunnel_access_gain:0.0000|enemy_tunnel_threat:0.0375|own_tunnel_pressure:-0.0500|collapse_risk:-0.0000|territory_pressure:0.0673|opportunity_cost:-0.4483
4,utility_tunneler_vs_phase_player,11,player,utility_tunneler,3,tunnel_extend,"(-3, 3)","(-3, 2)",,0.1715,0.5615,0.39,F,resource_fit:0.0583|tunnel_access_gain:0.0583|enemy_tunnel_threat:0.0375|own_tunnel_pressure:-0.0500|collapse_risk:-0.0000|territory_pressure:0.0673|opportunity_cost:-0.3900
4,utility_tunneler_vs_phase_player,11,player,utility_tunneler,3,tunnel_extend,"(-2, 2)","(-3, 2)",,0.1715,0.5615,0.39,F,resource_fit:0.0583|tunnel_access_gain:0.0583|enemy_tunnel_threat:0.0375|own_tunnel_pressure:-0.0500|collapse_risk:-0.0000|territory_pressure:0.0673|opportunity_cost:-0.3900
4,utility_tunneler_vs_phase_player,11,player,utility_tunneler,3,tunnel_extend,"(-2, 0)","(-2, -1)",,0.1382,0.5615,0.4233,F,resource_fit:0.0583|tunnel_access_gain:0.0000|enemy_tunnel_threat:0.0375|own_tunnel_pressure:-0.0250|collapse_risk:-0.0000|territory_pressure:0.0673|opportunity_cost:-0.4233
4,utility_tunneler_vs_phase_player,11,player,utility_tunneler,3,tunnel_extend,"(-1, -2)","(-2, -1)",,0.1965,0.5615,0.365,F,resource_fit:0.0583|tunnel_access_gain:0.0583|enemy_tunnel_threat:0.0375|own_tunnel_pressure:-0.0250|collapse_risk:-0.0000|territory_pressure:0.0673|opportunity_cost:-0.3650
4,utility_tunneler_vs_phase_player,11,player,utility_tunneler,3,tunnel_extend,"(-1, -1)","(-2, -1)",,0.1965,0.5615,0.365,F,resource_fit:0.0583|tunnel_access_gain:0.0583|enemy_tunnel_threat:0.0375|own_tunnel_pressure:-0.0250|collapse_risk:-0.0000|territory_pressure:0.0673|opportunity_cost:-0.3650
4,utility_tunneler_vs_phase_player,11,player,utility_tunneler,3,tunnel_extend,"(-3, 1)","(-2, 0)",,0.1382,0.5615,0.4233,F,resource_fit:0.0583|tunnel_access_gain:0.0000|enemy_tunnel_threat:0.0375|own_tunnel_pressure:-0.0250|collapse_risk:-0.0000|territory_pressure:0.0673|opportunity_cost:-0.4233
4,utility_tunneler_vs_phase_player,11,player,utility_tunneler,3,tunnel_extend,"(-2, -1)","(-2, 0)",,0.1382,0.5615,0.4233,F,resource_fit:0.0583|tunnel_access_gain:0.0000|enemy_tunnel_threat:0.0375|own_tunnel_pressure:-0.0250|collapse_risk:-0.0000|territory_pressure:0.0673|opportunity_cost:-0.4233
4,utility_tunneler_vs_phase_player,11,player,utility_tunneler,3,tunnel_extend,"(-2, 1)","(-2, 0)",,0.1382,0.5615,0.4233,F,resource_fit:0.0583|tunnel_access_gain:0.0000|enemy_tunnel_threat:0.0375|own_tunnel_pressure:-0.0250|collapse_risk:-0.0000|territory_pressure:0.0673|opportunity_cost:-0.4233
4,utility_tunneler_vs_phase_player,11,player,utility_tunneler,3,tunnel_extend,"(-1, -1)","(-2, 0)",,0.1965,0.5615,0.365,F,resource_fit:0.0583|tunnel_access_gain:0.0583|enemy_tunnel_threat:0.0375|own_tunnel_pressure:-0.0250|collapse_risk:-0.0000|territory_pressure:0.0673|opportunity_cost:-0.3650
4,utility_tunneler_vs_phase_player,11,player,utility_tunneler,3,tunnel_extend,"(-1, 0)","(-2, 0)",,0.1965,0.5615,0.365,F,resource_fit:0.0583|tunnel_access_gain:0.0583|enemy_tunnel_threat:0.0375|own_tunnel_pressure:-0.0250|collapse_risk:-0.0000|territory_pressure:0.0673|opportunity_cost:-0.3650
4,utility_tunneler_vs_phase_player,11,player,utility_tunneler,3,tunnel_extend,"(-3, 1)","(-2, 1)",,0.1132,0.5615,0.4483,F,resource_fit:0.0583|tunnel_access_gain:0.0000|enemy_tunnel_threat:0.0375|own_tunnel_pressure:-0.0500|collapse_risk:-0.0000|territory_pressure:0.0673|opportunity_cost:-0.4483
4,utility_tunneler_vs_phase_player,11,player,utility_tunneler,3,tunnel_extend,"(-2, 0)","(-2, 1)",,0.1132,0.5615,0.4483,F,resource_fit:0.0583|tunnel_access_gain:0.0000|enemy_tunnel_threat:0.0375|own_tunnel_pressure:-0.0500|collapse_risk:-0.0000|territory_pressure:0.0673|opportunity_cost:-0.4483
4,utility_tunneler_vs_phase_player,11,player,utility_tunneler,3,tunnel_extend,"(-2, 2)","(-2, 1)",,0.1715,0.5615,0.39,F,resource_fit:0.0583|tunnel_access_gain:0.0583|enemy_tunnel_threat:0.0375|own_tunnel_pressure:-0.0500|collapse_risk:-0.0000|territory_pressure:0.0673|opportunity_cost:-0.3900
4,utility_tunneler_vs_phase_player,11,player,utility_tunneler,3,tunnel_extend,"(-1, 0)","(-2, 1)",,0.1715,0.5615,0.39,F,resource_fit:0.0583|tunnel_access_gain:0.0583|enemy_tunnel_threat:0.0375|own_tunnel_pressure:-0.0500|collapse_risk:-0.0000|territory_pressure:0.0673|opportunity_cost:-0.3900
4,utility_tunneler_vs_phase_player,11,player,utility_tunneler,3,tunnel_extend,"(-1, 1)","(-2, 1)",,0.1715,0.5615,0.39,F,resource_fit:0.0583|tunnel_access_gain:0.0583|enemy_tunnel_threat:0.0375|own_tunnel_pressure:-0.0500|collapse_risk:-0.0000|territory_pressure:0.0673|opportunity_cost:-0.3900
4,utility_tunneler_vs_phase_player,11,player,utility_tunneler,3,wait,,,,0.0,0.5615,0.5615,F,opportunity_cost:-0.5615
4,utility_tunneler_vs_phase_player,12,player,utility_tunneler,1,tunnel_entrance,"(-3, 2)",,,0.3339,0.5585,0.2246,F,resource_fit:0.1146|tunnel_access_gain:0.1000|enemy_tunnel_threat:0.0281|collapse_risk:-0.0000|territory_pressure:0.0912|opportunity_cost:-0.2246
4,utility_tunneler_vs_phase_player,12,player,utility_tunneler,1,tunnel_extend,"(-2, 0)","(-3, 1)",,0.1834,0.5585,0.3751,F,resource_fit:0.1000|tunnel_access_gain:0.0000|enemy_tunnel_threat:0.0422|own_tunnel_pressure:-0.0500|collapse_risk:-0.0000|territory_pressure:0.0912|opportunity_cost:-0.3751
4,utility_tunneler_vs_phase_player,12,player,utility_tunneler,1,tunnel_extend,"(-2, 1)","(-3, 1)",,0.1834,0.5585,0.3751,F,resource_fit:0.1000|tunnel_access_gain:0.0000|enemy_tunnel_threat:0.0422|own_tunnel_pressure:-0.0500|collapse_risk:-0.0000|territory_pressure:0.0912|opportunity_cost:-0.3751
4,utility_tunneler_vs_phase_player,12,player,utility_tunneler,1,tunnel_extend,"(-3, 3)","(-3, 2)",,0.2417,0.5585,0.3168,F,resource_fit:0.1000|tunnel_access_gain:0.0583|enemy_tunnel_threat:0.0422|own_tunnel_pressure:-0.0500|collapse_risk:-0.0000|territory_pressure:0.0912|opportunity_cost:-0.3168
4,utility_tunneler_vs_phase_player,12,player,utility_tunneler,1,tunnel_extend,"(-2, 2)","(-3, 2)",,0.2417,0.5585,0.3168,F,resource_fit:0.1000|tunnel_access_gain:0.0583|enemy_tunnel_threat:0.0422|own_tunnel_pressure:-0.0500|collapse_risk:-0.0000|territory_pressure:0.0912|opportunity_cost:-0.3168
4,utility_tunneler_vs_phase_player,12,player,utility_tunneler,1,tunnel_extend,"(-2, 0)","(-2, -1)",,0.2084,0.5585,0.3501,F,resource_fit:0.1000|tunnel_access_gain:0.0000|enemy_tunnel_threat:0.0422|own_tunnel_pressure:-0.0250|collapse_risk:-0.0000|territory_pressure:0.0912|opportunity_cost:-0.3501
4,utility_tunneler_vs_phase_player,12,player,utility_tunneler,1,tunnel_extend,"(-1, -2)","(-2, -1)",,0.2667,0.5585,0.2918,F,resource_fit:0.1000|tunnel_access_gain:0.0583|enemy_tunnel_threat:0.0422|own_tunnel_pressure:-0.0250|collapse_risk:-0.0000|territory_pressure:0.0912|opportunity_cost:-0.2918
4,utility_tunneler_vs_phase_player,12,player,utility_tunneler,1,tunnel_extend,"(-1, -1)","(-2, -1)",,0.2667,0.5585,0.2918,F,resource_fit:0.1000|tunnel_access_gain:0.0583|enemy_tunnel_threat:0.0422|own_tunnel_pressure:-0.0250|collapse_risk:-0.0000|territory_pressure:0.0912|opportunity_cost:-0.2918
4,utility_tunneler_vs_phase_player,12,player,utility_tunneler,1,tunnel_extend,"(-3, 1)","(-2, 0)",,0.2084,0.5585,0.3501,F,resource_fit:0.1000|tunnel_access_gain:0.0000|enemy_tunnel_threat:0.0422|own_tunnel_pressure:-0.0250|collapse_risk:-0.0000|territory_pressure:0.0912|opportunity_cost:-0.3501
4,utility_tunneler_vs_phase_player,12,player,utility_tunneler,1,tunnel_extend,"(-2, -1)","(-2, 0)",,0.2084,0.5585,0.3501,F,resource_fit:0.1000|tunnel_access_gain:0.0000|enemy_tunnel_threat:0.0422|own_tunnel_pressure:-0.0250|collapse_risk:-0.0000|territory_pressure:0.0912|opportunity_cost:-0.3501
4,utility_tunneler_vs_phase_player,12,player,utility_tunneler,1,tunnel_extend,"(-2, 1)","(-2, 0)",,0.2084,0.5585,0.3501,F,resource_fit:0.1000|tunnel_access_gain:0.0000|enemy_tunnel_threat:0.0422|own_tunnel_pressure:-0.0250|collapse_risk:-0.0000|territory_pressure:0.0912|opportunity_cost:-0.3501
4,utility_tunneler_vs_phase_player,12,player,utility_tunneler,1,tunnel_extend,"(-1, -1)","(-2, 0)",,0.2667,0.5585,0.2918,F,resource_fit:0.1000|tunnel_access_gain:0.0583|enemy_tunnel_threat:0.0422|own_tunnel_pressure:-0.0250|collapse_risk:-0.0000|territory_pressure:0.0912|opportunity_cost:-0.2918
4,utility_tunneler_vs_phase_player,12,player,utility_tunneler,1,tunnel_extend,"(-1, 0)","(-2, 0)",,0.2667,0.5585,0.2918,F,resource_fit:0.1000|tunnel_access_gain:0.0583|enemy_tunnel_threat:0.0422|own_tunnel_pressure:-0.0250|collapse_risk:-0.0000|territory_pressure:0.0912|opportunity_cost:-0.2918
4,utility_tunneler_vs_phase_player,12,player,utility_tunneler,1,tunnel_extend,"(-3, 1)","(-2, 1)",,0.1834,0.5585,0.3751,F,resource_fit:0.1000|tunnel_access_gain:0.0000|enemy_tunnel_threat:0.0422|own_tunnel_pressure:-0.0500|collapse_risk:-0.0000|territory_pressure:0.0912|opportunity_cost:-0.3751
4,utility_tunneler_vs_phase_player,12,player,utility_tunneler,1,tunnel_extend,"(-2, 0)","(-2, 1)",,0.1834,0.5585,0.3751,F,resource_fit:0.1000|tunnel_access_gain:0.0000|enemy_tunnel_threat:0.0422|own_tunnel_pressure:-0.0500|collapse_risk:-0.0000|territory_pressure:0.0912|opportunity_cost:-0.3751
4,utility_tunneler_vs_phase_player,12,player,utility_tunneler,1,tunnel_extend,"(-2, 2)","(-2, 1)",,0.2417,0.5585,0.3168,F,resource_fit:0.1000|tunnel_access_gain:0.0583|enemy_tunnel_threat:0.0422|own_tunnel_pressure:-0.0500|collapse_risk:-0.0000|territory_pressure:0.0912|opportunity_cost:-0.3168
4,utility_tunneler_vs_phase_player,12,player,utility_tunneler,1,tunnel_extend,"(-1, 0)","(-2, 1)",,0.2417,0.5585,0.3168,F,resource_fit:0.1000|tunnel_access_gain:0.0583|enemy_tunnel_threat:0.0422|own_tunnel_pressure:-0.0500|collapse_risk:-0.0000|territory_pressure:0.0912|opportunity_cost:-0.3168
4,utility_tunneler_vs_phase_player,12,player,utility_tunneler,1,tunnel_extend,"(-1, 1)","(-2, 1)",,0.2417,0.5585,0.3168,F,resource_fit:0.1000|tunnel_access_gain:0.0583|enemy_tunnel_threat:0.0422|own_tunnel_pressure:-0.0500|collapse_risk:-0.0000|territory_pressure:0.0912|opportunity_cost:-0.3168
4,utility_tunneler_vs_phase_player,12,player,utility_tunneler,1,wait,,,,0.0,0.5585,0.5585,F,opportunity_cost:-0.5585
4,utility_tunneler_vs_phase_player,12,player,utility_tunneler,2,tunnel_entrance,"(-3, 2)",,,0.371,0.1836,0.0,T,resource_fit:0.1146|tunnel_access_gain:0.1500|enemy_tunnel_threat:0.0250|collapse_risk:-0.0000|territory_pressure:0.0814|opportunity_cost:-0.0000
4,utility_tunneler_vs_phase_player,12,player,utility_tunneler,2,tunnel_extend,"(-2, 0)","(-3, 1)",,0.1689,0.1836,0.0147,F,resource_fit:0.1000|tunnel_access_gain:0.0000|enemy_tunnel_threat:0.0375|own_tunnel_pressure:-0.0500|collapse_risk:-0.0000|territory_pressure:0.0814|opportunity_cost:-0.0147
4,utility_tunneler_vs_phase_player,12,player,utility_tunneler,2,tunnel_extend,"(-2, 1)","(-3, 1)",,0.1689,0.1836,0.0147,F,resource_fit:0.1000|tunnel_access_gain:0.0000|enemy_tunnel_threat:0.0375|own_tunnel_pressure:-0.0500|collapse_risk:-0.0000|territory_pressure:0.0814|opportunity_cost:-0.0147
4,utility_tunneler_vs_phase_player,12,player,utility_tunneler,2,tunnel_extend,"(-3, 3)","(-3, 2)",,0.2273,0.1836,0.0,F,resource_fit:0.1000|tunnel_access_gain:0.0583|enemy_tunnel_threat:0.0375|own_tunnel_pressure:-0.0500|collapse_risk:-0.0000|territory_pressure:0.0814|opportunity_cost:-0.0000
4,utility_tunneler_vs_phase_player,12,player,utility_tunneler,2,tunnel_extend,"(-2, 2)","(-3, 2)",,0.2273,0.1836,0.0,F,resource_fit:0.1000|tunnel_access_gain:0.0583|enemy_tunnel_threat:0.0375|own_tunnel_pressure:-0.0500|collapse_risk:-0.0000|territory_pressure:0.0814|opportunity_cost:-0.0000
4,utility_tunneler_vs_phase_player,12,player,utility_tunneler,2,tunnel_extend,"(-2, 0)","(-2, -1)",,0.1939,0.1836,0.0,F,resource_fit:0.1000|tunnel_access_gain:0.0000|enemy_tunnel_threat:0.0375|own_tunnel_pressure:-0.0250|collapse_risk:-0.0000|territory_pressure:0.0814|opportunity_cost:-0.0000
4,utility_tunneler_vs_phase_player,12,player,utility_tunneler,2,tunnel_extend,"(-1, -2)","(-2, -1)",,0.2523,0.1836,0.0,F,resource_fit:0.1000|tunnel_access_gain:0.0583|enemy_tunnel_threat:0.0375|own_tunnel_pressure:-0.0250|collapse_risk:-0.0000|territory_pressure:0.0814|opportunity_cost:-0.0000
4,utility_tunneler_vs_phase_player,12,player,utility_tunneler,2,tunnel_extend,"(-1, -1)","(-2, -1)",,0.2523,0.1836,0.0,F,resource_fit:0.1000|tunnel_access_gain:0.0583|enemy_tunnel_threat:0.0375|own_tunnel_pressure:-0.0250|collapse_risk:-0.0000|territory_pressure:0.0814|opportunity_cost:-0.0000
4,utility_tunneler_vs_phase_player,12,player,utility_tunneler,2,tunnel_extend,"(-3, 1)","(-2, 0)",,0.1939,0.1836,0.0,F,resource_fit:0.1000|tunnel_access_gain:0.0000|enemy_tunnel_threat:0.0375|own_tunnel_pressure:-0.0250|collapse_risk:-0.0000|territory_pressure:0.0814|opportunity_cost:-0.0000
4,utility_tunneler_vs_phase_player,12,player,utility_tunneler,2,tunnel_extend,"(-2, -1)","(-2, 0)",,0.1939,0.1836,0.0,F,resource_fit:0.1000|tunnel_access_gain:0.0000|enemy_tunnel_threat:0.0375|own_tunnel_pressure:-0.0250|collapse_risk:-0.0000|territory_pressure:0.0814|opportunity_cost:-0.0000
4,utility_tunneler_vs_phase_player,12,player,utility_tunneler,2,tunnel_extend,"(-2, 1)","(-2, 0)",,0.1939,0.1836,0.0,F,resource_fit:0.1000|tunnel_access_gain:0.0000|enemy_tunnel_threat:0.0375|own_tunnel_pressure:-0.0250|collapse_risk:-0.0000|territory_pressure:0.0814|opportunity_cost:-0.0000
4,utility_tunneler_vs_phase_player,12,player,utility_tunneler,2,tunnel_extend,"(-1, -1)","(-2, 0)",,0.2523,0.1836,0.0,F,resource_fit:0.1000|tunnel_access_gain:0.0583|enemy_tunnel_threat:0.0375|own_tunnel_pressure:-0.0250|collapse_risk:-0.0000|territory_pressure:0.0814|opportunity_cost:-0.0000
4,utility_tunneler_vs_phase_player,12,player,utility_tunneler,2,tunnel_extend,"(-1, 0)","(-2, 0)",,0.2523,0.1836,0.0,F,resource_fit:0.1000|tunnel_access_gain:0.0583|enemy_tunnel_threat:0.0375|own_tunnel_pressure:-0.0250|collapse_risk:-0.0000|territory_pressure:0.0814|opportunity_cost:-0.0000
4,utility_tunneler_vs_phase_player,12,player,utility_tunneler,2,tunnel_extend,"(-3, 1)","(-2, 1)",,0.1689,0.1836,0.0147,F,resource_fit:0.1000|tunnel_access_gain:0.0000|enemy_tunnel_threat:0.0375|own_tunnel_pressure:-0.0500|collapse_risk:-0.0000|territory_pressure:0.0814|opportunity_cost:-0.0147
4,utility_tunneler_vs_phase_player,12,player,utility_tunneler,2,tunnel_extend,"(-2, 0)","(-2, 1)",,0.1689,0.1836,0.0147,F,resource_fit:0.1000|tunnel_access_gain:0.0000|enemy_tunnel_threat:0.0375|own_tunnel_pressure:-0.0500|collapse_risk:-0.0000|territory_pressure:0.0814|opportunity_cost:-0.0147
4,utility_tunneler_vs_phase_player,12,player,utility_tunneler,2,tunnel_extend,"(-2, 2)","(-2, 1)",,0.2273,0.1836,0.0,F,resource_fit:0.1000|tunnel_access_gain:0.0583|enemy_tunnel_threat:0.0375|own_tunnel_pressure:-0.0500|collapse_risk:-0.0000|territory_pressure:0.0814|opportunity_cost:-0.0000
4,utility_tunneler_vs_phase_player,12,player,utility_tunneler,2,tunnel_extend,"(-1, 0)","(-2, 1)",,0.2273,0.1836,0.0,F,resource_fit:0.1000|tunnel_access_gain:0.0583|enemy_tunnel_threat:0.0375|own_tunnel_pressure:-0.0500|collapse_risk:-0.0000|territory_pressure:0.0814|opportunity_cost:-0.0000
4,utility_tunneler_vs_phase_player,12,player,utility_tunneler,2,tunnel_extend,"(-1, 1)","(-2, 1)",,0.2273,0.1836,0.0,F,resource_fit:0.1000|tunnel_access_gain:0.0583|enemy_tunnel_threat:0.0375|own_tunnel_pressure:-0.0500|collapse_risk:-0.0000|territory_pressure:0.0814|opportunity_cost:-0.0000
4,utility_tunneler_vs_phase_player,12,player,utility_tunneler,2,wait,,,,0.0,0.1836,0.1836,F,opportunity_cost:-0.1836
4,utility_tunneler_vs_phase_player,12,player,utility_tunneler,3,tunnel_extend,"(-2, 0)","(-3, 1)",,0.1481,0.1716,0.0235,F,resource_fit:0.0750|tunnel_access_gain:0.0000|enemy_tunnel_threat:0.0417|own_tunnel_pressure:-0.0500|collapse_risk:-0.0000|territory_pressure:0.0814|opportunity_cost:-0.0235
4,utility_tunneler_vs_phase_player,12,player,utility_tunneler,3,tunnel_extend,"(-2, 1)","(-3, 1)",,0.1481,0.1716,0.0235,F,resource_fit:0.0750|tunnel_access_gain:0.0000|enemy_tunnel_threat:0.0417|own_tunnel_pressure:-0.0500|collapse_risk:-0.0000|territory_pressure:0.0814|opportunity_cost:-0.0235
4,utility_tunneler_vs_phase_player,12,player,utility_tunneler,3,tunnel_extend,"(-3, 3)","(-3, 2)",,0.1814,0.1716,0.0,F,resource_fit:0.0750|tunnel_access_gain:0.0583|enemy_tunnel_threat:0.0417|own_tunnel_pressure:-0.0750|collapse_risk:-0.0000|territory_pressure:0.0814|opportunity_cost:-0.0000
4,utility_tunneler_vs_phase_player,12,player,utility_tunneler,3,tunnel_extend,"(-2, 2)","(-3, 2)",,0.1814,0.1716,0.0,F,resource_fit:0.0750|tunnel_access_gain:0.0583|enemy_tunnel_threat:0.0417|own_tunnel_pressure:-0.0750|collapse_risk:-0.0000|territory_pressure:0.0814|opportunity_cost:-0.0000
4,utility_tunneler_vs_phase_player,12,player,utility_tunneler,3,tunnel_extend,"(-2, 0)","(-2, -1)",,0.1731,0.1716,0.0,F,resource_fit:0.0750|tunnel_access_gain:0.0000|enemy_tunnel_threat:0.0417|own_tunnel_pressure:-0.0250|collapse_risk:-0.0000|territory_pressure:0.0814|opportunity_cost:-0.0000
4,utility_tunneler_vs_phase_player,12,player,utility_tunneler,3,tunnel_extend,"(-1, -2)","(-2, -1)",,0.2314,0.1716,0.0,T,resource_fit:0.0750|tunnel_access_gain:0.0583|enemy_tunnel_threat:0.0417|own_tunnel_pressure:-0.0250|collapse_risk:-0.0000|territory_pressure:0.0814|opportunity_cost:-0.0000
4,utility_tunneler_vs_phase_player,12,player,utility_tunneler,3,tunnel_extend,"(-1, -1)","(-2, -1)",,0.2314,0.1716,0.0,F,resource_fit:0.0750|tunnel_access_gain:0.0583|enemy_tunnel_threat:0.0417|own_tunnel_pressure:-0.0250|collapse_risk:-0.0000|territory_pressure:0.0814|opportunity_cost:-0.0000
4,utility_tunneler_vs_phase_player,12,player,utility_tunneler,3,tunnel_extend,"(-3, 1)","(-2, 0)",,0.1731,0.1716,0.0,F,resource_fit:0.0750|tunnel_access_gain:0.0000|enemy_tunnel_threat:0.0417|own_tunnel_pressure:-0.0250|collapse_risk:-0.0000|territory_pressure:0.0814|opportunity_cost:-0.0000
4,utility_tunneler_vs_phase_player,12,player,utility_tunneler,3,tunnel_extend,"(-2, -1)","(-2, 0)",,0.1731,0.1716,0.0,F,resource_fit:0.0750|tunnel_access_gain:0.0000|enemy_tunnel_threat:0.0417|own_tunnel_pressure:-0.0250|collapse_risk:-0.0000|territory_pressure:0.0814|opportunity_cost:-0.0000
4,utility_tunneler_vs_phase_player,12,player,utility_tunneler,3,tunnel_extend,"(-2, 1)","(-2, 0)",,0.1731,0.1716,0.0,F,resource_fit:0.0750|tunnel_access_gain:0.0000|enemy_tunnel_threat:0.0417|own_tunnel_pressure:-0.0250|collapse_risk:-0.0000|territory_pressure:0.0814|opportunity_cost:-0.0000
4,utility_tunneler_vs_phase_player,12,player,utility_tunneler,3,tunnel_extend,"(-1, -1)","(-2, 0)",,0.2314,0.1716,0.0,F,resource_fit:0.0750|tunnel_access_gain:0.0583|enemy_tunnel_threat:0.0417|own_tunnel_pressure:-0.0250|collapse_risk:-0.0000|territory_pressure:0.0814|opportunity_cost:-0.0000
4,utility_tunneler_vs_phase_player,12,player,utility_tunneler,3,tunnel_extend,"(-1, 0)","(-2, 0)",,0.2314,0.1716,0.0,F,resource_fit:0.0750|tunnel_access_gain:0.0583|enemy_tunnel_threat:0.0417|own_tunnel_pressure:-0.0250|collapse_risk:-0.0000|territory_pressure:0.0814|opportunity_cost:-0.0000
4,utility_tunneler_vs_phase_player,12,player,utility_tunneler,3,tunnel_extend,"(-3, 1)","(-2, 1)",,0.1481,0.1716,0.0235,F,resource_fit:0.0750|tunnel_access_gain:0.0000|enemy_tunnel_threat:0.0417|own_tunnel_pressure:-0.0500|collapse_risk:-0.0000|territory_pressure:0.0814|opportunity_cost:-0.0235
4,utility_tunneler_vs_phase_player,12,player,utility_tunneler,3,tunnel_extend,"(-2, 0)","(-2, 1)",,0.1481,0.1716,0.0235,F,resource_fit:0.0750|tunnel_access_gain:0.0000|enemy_tunnel_threat:0.0417|own_tunnel_pressure:-0.0500|collapse_risk:-0.0000|territory_pressure:0.0814|opportunity_cost:-0.0235
4,utility_tunneler_vs_phase_player,12,player,utility_tunneler,3,tunnel_extend,"(-2, 2)","(-2, 1)",,0.2064,0.1716,0.0,F,resource_fit:0.0750|tunnel_access_gain:0.0583|enemy_tunnel_threat:0.0417|own_tunnel_pressure:-0.0500|collapse_risk:-0.0000|territory_pressure:0.0814|opportunity_cost:-0.0000
4,utility_tunneler_vs_phase_player,12,player,utility_tunneler,3,tunnel_extend,"(-1, 0)","(-2, 1)",,0.2064,0.1716,0.0,F,resource_fit:0.0750|tunnel_access_gain:0.0583|enemy_tunnel_threat:0.0417|own_tunnel_pressure:-0.0500|collapse_risk:-0.0000|territory_pressure:0.0814|opportunity_cost:-0.0000
4,utility_tunneler_vs_phase_player,12,player,utility_tunneler,3,tunnel_extend,"(-1, 1)","(-2, 1)",,0.2064,0.1716,0.0,F,resource_fit:0.0750|tunnel_access_gain:0.0583|enemy_tunnel_threat:0.0417|own_tunnel_pressure:-0.0500|collapse_risk:-0.0000|territory_pressure:0.0814|opportunity_cost:-0.0000
4,utility_tunneler_vs_phase_player,12,player,utility_tunneler,3,wait,,,,0.0,0.1716,0.1716,F,opportunity_cost:-0.1716
4,utility_tunneler_vs_phase_player,13,player,utility_tunneler,1,tunnel_entrance,"(-2, 2)",,,0.3974,0.5092,0.1118,F,resource_fit:0.1354|tunnel_access_gain:0.1500|enemy_tunnel_threat:0.0306|collapse_risk:-0.0000|territory_pressure:0.0814|opportunity_cost:-0.1118
4,utility_tunneler_vs_phase_player,13,player,utility_tunneler,1,tunnel_extend,"(-2, 0)","(-3, 1)",,0.1939,0.5092,0.3153,F,resource_fit:0.1167|tunnel_access_gain:0.0000|enemy_tunnel_threat:0.0458|own_tunnel_pressure:-0.0500|collapse_risk:-0.0000|territory_pressure:0.0814|opportunity_cost:-0.3153
4,utility_tunneler_vs_phase_player,13,player,utility_tunneler,1,tunnel_extend,"(-2, 1)","(-3, 1)",,0.1939,0.5092,0.3153,F,resource_fit:0.1167|tunnel_access_gain:0.0000|enemy_tunnel_threat:0.0458|own_tunnel_pressure:-0.0500|collapse_risk:-0.0000|territory_pressure:0.0814|opportunity_cost:-0.3153
4,utility_tunneler_vs_phase_player,13,player,utility_tunneler,1,tunnel_extend,"(-3, 3)","(-3, 2)",,0.2273,0.5092,0.282,F,resource_fit:0.1167|tunnel_access_gain:0.0583|enemy_tunnel_threat:0.0458|own_tunnel_pressure:-0.0750|collapse_risk:-0.0000|territory_pressure:0.0814|opportunity_cost:-0.2820
4,utility_tunneler_vs_phase_player,13,player,utility_tunneler,1,tunnel_extend,"(-2, 2)","(-3, 2)",,0.2273,0.5092,0.282,F,resource_fit:0.1167|tunnel_access_gain:0.0583|enemy_tunnel_threat:0.0458|own_tunnel_pressure:-0.0750|collapse_risk:-0.0000|territory_pressure:0.0814|opportunity_cost:-0.2820
4,utility_tunneler_vs_phase_player,13,player,utility_tunneler,1,tunnel_extend,"(-2, 0)","(-2, -1)",,0.1939,0.5092,0.3153,F,resource_fit:0.1167|tunnel_access_gain:0.0000|enemy_tunnel_threat:0.0458|own_tunnel_pressure:-0.0500|collapse_risk:-0.0000|territory_pressure:0.0814|opportunity_cost:-0.3153
4,utility_tunneler_vs_phase_player,13,player,utility_tunneler,1,tunnel_extend,"(-1, -1)","(-2, -1)",,0.2523,0.5092,0.257,F,resource_fit:0.1167|tunnel_access_gain:0.0583|enemy_tunnel_threat:0.0458|own_tunnel_pressure:-0.0500|collapse_risk:-0.0000|territory_pressure:0.0814|opportunity_cost:-0.2570
4,utility_tunneler_vs_phase_player,13,player,utility_tunneler,1,tunnel_extend,"(-3, 1)","(-2, 0)",,0.2189,0.5092,0.2903,F,resource_fit:0.1167|tunnel_access_gain:0.0000|enemy_tunnel_threat:0.0458|own_tunnel_pressure:-0.0250|collapse_risk:-0.0000|territory_pressure:0.0814|opportunity_cost:-0.2903
4,utility_tunneler_vs_phase_player,13,player,utility_tunneler,1,tunnel_extend,"(-2, -1)","(-2, 0)",,0.2189,0.5092,0.2903,F,resource_fit:0.1167|tunnel_access_gain:0.0000|enemy_tunnel_threat:0.0458|own_tunnel_pressure:-0.0250|collapse_risk:-0.0000|territory_pressure:0.0814|opportunity_cost:-0.2903
4,utility_tunneler_vs_phase_player,13,player,utility_tunneler,1,tunnel_extend,"(-2, 1)","(-2, 0)",,0.2189,0.5092,0.2903,F,resource_fit:0.1167|tunnel_access_gain:0.0000|enemy_tunnel_threat:0.0458|own_tunnel_pressure:-0.0250|collapse_risk:-0.0000|territory_pressure:0.0814|opportunity_cost:-0.2903
4,utility_tunneler_vs_phase_player,13,player,utility_tunneler,1,tunnel_extend,"(-1, -1)","(-2, 0)",,0.2773,0.5092,0.232,F,resource_fit:0.1167|tunnel_access_gain:0.0583|enemy_tunnel_threat:0.0458|own_tunnel_pressure:-0.0250|collapse_risk:-0.0000|territory_pressure:0.0814|opportunity_cost:-0.2320
4,utility_tunneler_vs_phase_player,13,player,utility_tunneler,1,tunnel_extend,"(-1, 0)","(-2, 0)",,0.2773,0.5092,0.232,F,resource_fit:0.1167|tunnel_access_gain:0.0583|enemy_tunnel_threat:0.0458|own_tunnel_pressure:-0.0250|collapse_risk:-0.0000|territory_pressure:0.0814|opportunity_cost:-0.2320
4,utility_tunneler_vs_phase_player,13,player,utility_tunneler,1,tunnel_extend,"(-3, 1)","(-2, 1)",,0.1939,0.5092,0.3153,F,resource_fit:0.1167|tunnel_access_gain:0.0000|enemy_tunnel_threat:0.0458|own_tunnel_pressure:-0.0500|collapse_risk:-0.0000|territory_pressure:0.0814|opportunity_cost:-0.3153
4,utility_tunneler_vs_phase_player,13,player,utility_tunneler,1,tunnel_extend,"(-2, 0)","(-2, 1)",,0.1939,0.5092,0.3153,F,resource_fit:0.1167|tunnel_access_gain:0.0000|enemy_tunnel_threat:0.0458|own_tunnel_pressure:-0.0500|collapse_risk:-0.0000|territory_pressure:0.0814|opportunity_cost:-0.3153
4,utility_tunneler_vs_phase_player,13,player,utility_tunneler,1,tunnel_extend,"(-2, 2)","(-2, 1)",,0.2523,0.5092,0.257,F,resource_fit:0.1167|tunnel_access_gain:0.0583|enemy_tunnel_threat:0.0458|own_tunnel_pressure:-0.0500|collapse_risk:-0.0000|territory_pressure:0.0814|opportunity_cost:-0.2570
4,utility_tunneler_vs_phase_player,13,player,utility_tunneler,1,tunnel_extend,"(-1, 0)","(-2, 1)",,0.2523,0.5092,0.257,F,resource_fit:0.1167|tunnel_access_gain:0.0583|enemy_tunnel_threat:0.0458|own_tunnel_pressure:-0.0500|collapse_risk:-0.0000|territory_pressure:0.0814|opportunity_cost:-0.2570
4,utility_tunneler_vs_phase_player,13,player,utility_tunneler,1,tunnel_extend,"(-1, 1)","(-2, 1)",,0.2523,0.5092,0.257,F,resource_fit:0.1167|tunnel_access_gain:0.0583|enemy_tunnel_threat:0.0458|own_tunnel_pressure:-0.0500|collapse_risk:-0.0000|territory_pressure:0.0814|opportunity_cost:-0.2570
4,utility_tunneler_vs_phase_player,13,player,utility_tunneler,1,tunnel_extend,"(-1, -1)","(-1, -2)",,0.2773,0.5092,0.232,F,resource_fit:0.1167|tunnel_access_gain:0.0583|enemy_tunnel_threat:0.0458|own_tunnel_pressure:-0.0250|collapse_risk:-0.0000|territory_pressure:0.0814|opportunity_cost:-0.2320
4,utility_tunneler_vs_phase_player,13,player,utility_tunneler,1,tunnel_extend,"(0, -3)","(-1, -2)",,0.2773,0.5092,0.232,F,resource_fit:0.1167|tunnel_access_gain:0.0583|enemy_tunnel_threat:0.0458|own_tunnel_pressure:-0.0250|collapse_risk:-0.0000|territory_pressure:0.0814|opportunity_cost:-0.2320
4,utility_tunneler_vs_phase_player,13,player,utility_tunneler,1,tunnel_extend,"(0, -2)","(-1, -2)",,0.2773,0.5092,0.232,F,resource_fit:0.1167|tunnel_access_gain:0.0583|enemy_tunnel_threat:0.0458|own_tunnel_pressure:-0.0250|collapse_risk:-0.0000|territory_pressure:0.0814|opportunity_cost:-0.2320
4,utility_tunneler_vs_phase_player,13,player,utility_tunneler,1,tunnel_raid,"(-1, -2)",,,0.3979,0.5092,0.1113,F,resource_fit:0.0250|enemy_tunnel_threat:0.0306|raid_value:0.2812|territory_pressure:0.0611|opportunity_cost:-0.1113
4,utility_tunneler_vs_phase_player,13,player,utility_tunneler,1,wait,,,,0.0,0.5092,0.5092,F,opportunity_cost:-0.5092
4,utility_tunneler_vs_phase_player,13,player,utility_tunneler,2,tunnel_entrance,"(-2, 2)",,,0.4346,0.4838,0.0492,T,resource_fit:0.1354|tunnel_access_gain:0.2000|enemy_tunnel_threat:0.0275|collapse_risk:-0.0000|territory_pressure:0.0717|opportunity_cost:-0.0492
4,utility_tunneler_vs_phase_player,13,player,utility_tunneler,2,tunnel_extend,"(-2, 0)","(-3, 1)",,0.1796,0.4838,0.3042,F,resource_fit:0.1167|tunnel_access_gain:0.0000|enemy_tunnel_threat:0.0413|own_tunnel_pressure:-0.0500|collapse_risk:-0.0000|territory_pressure:0.0717|opportunity_cost:-0.3042
4,utility_tunneler_vs_phase_player,13,player,utility_tunneler,2,tunnel_extend,"(-2, 1)","(-3, 1)",,0.1796,0.4838,0.3042,F,resource_fit:0.1167|tunnel_access_gain:0.0000|enemy_tunnel_threat:0.0413|own_tunnel_pressure:-0.0500|collapse_risk:-0.0000|territory_pressure:0.0717|opportunity_cost:-0.3042
4,utility_tunneler_vs_phase_player,13,player,utility_tunneler,2,tunnel_extend,"(-3, 3)","(-3, 2)",,0.2129,0.4838,0.2709,F,resource_fit:0.1167|tunnel_access_gain:0.0583|enemy_tunnel_threat:0.0413|own_tunnel_pressure:-0.0750|collapse_risk:-0.0000|territory_pressure:0.0717|opportunity_cost:-0.2709
4,utility_tunneler_vs_phase_player,13,player,utility_tunneler,2,tunnel_extend,"(-2, 2)","(-3, 2)",,0.2129,0.4838,0.2709,F,resource_fit:0.1167|tunnel_access_gain:0.0583|enemy_tunnel_threat:0.0413|own_tunnel_pressure:-0.0750|collapse_risk:-0.0000|territory_pressure:0.0717|opportunity_cost:-0.2709
4,utility_tunneler_vs_phase_player,13,player,utility_tunneler,2,tunnel_extend,"(-2, 0)","(-2, -1)",,0.1796,0.4838,0.3042,F,resource_fit:0.1167|tunnel_access_gain:0.0000|enemy_tunnel_threat:0.0413|own_tunnel_pressure:-0.0500|collapse_risk:-0.0000|territory_pressure:0.0717|opportunity_cost:-0.3042
4,utility_tunneler_vs_phase_player,13,player,utility_tunneler,2,tunnel_extend,"(-1, -1)","(-2, -1)",,0.2379,0.4838,0.2459,F,resource_fit:0.1167|tunnel_access_gain:0.0583|enemy_tunnel_threat:0.0413|own_tunnel_pressure:-0.0500|collapse_risk:-0.0000|territory_pressure:0.0717|opportunity_cost:-0.2459
4,utility_tunneler_vs_phase_player,13,player,utility_tunneler,2,tunnel_extend,"(-3, 1)","(-2, 0)",,0.2046,0.4838,0.2792,F,resource_fit:0.1167|tunnel_access_gain:0.0000|enemy_tunnel_threat:0.0413|own_tunnel_pressure:-0.0250|collapse_risk:-0.0000|territory_pressure:0.0717|opportunity_cost:-0.2792
4,utility_tunneler_vs_phase_player,13,player,utility_tunneler,2,tunnel_extend,"(-2, -1)","(-2, 0)",,0.2046,0.4838,0.2792,F,resource_fit:0.1167|tunnel_access_gain:0.0000|enemy_tunnel_threat:0.0413|own_tunnel_pressure:-0.0250|collapse_risk:-0.0000|territory_pressure:0.0717|opportunity_cost:-0.2792
4,utility_tunneler_vs_phase_player,13,player,utility_tunneler,2,tunnel_extend,"(-2, 1)","(-2, 0)",,0.2046,0.4838,0.2792,F,resource_fit:0.1167|tunnel_access_gain:0.0000|enemy_tunnel_threat:0.0413|own_tunnel_pressure:-0.0250|collapse_risk:-0.0000|territory_pressure:0.0717|opportunity_cost:-0.2792
4,utility_tunneler_vs_phase_player,13,player,utility_tunneler,2,tunnel_extend,"(-1, -1)","(-2, 0)",,0.2629,0.4838,0.2209,F,resource_fit:0.1167|tunnel_access_gain:0.0583|enemy_tunnel_threat:0.0413|own_tunnel_pressure:-0.0250|collapse_risk:-0.0000|territory_pressure:0.0717|opportunity_cost:-0.2209
4,utility_tunneler_vs_phase_player,13,player,utility_tunneler,2,tunnel_extend,"(-1, 0)","(-2, 0)",,0.2629,0.4838,0.2209,F,resource_fit:0.1167|tunnel_access_gain:0.0583|enemy_tunnel_threat:0.0413|own_tunnel_pressure:-0.0250|collapse_risk:-0.0000|territory_pressure:0.0717|opportunity_cost:-0.2209
4,utility_tunneler_vs_phase_player,13,player,utility_tunneler,2,tunnel_extend,"(-3, 1)","(-2, 1)",,0.1796,0.4838,0.3042,F,resource_fit:0.1167|tunnel_access_gain:0.0000|enemy_tunnel_threat:0.0413|own_tunnel_pressure:-0.0500|collapse_risk:-0.0000|territory_pressure:0.0717|opportunity_cost:-0.3042
4,utility_tunneler_vs_phase_player,13,player,utility_tunneler,2,tunnel_extend,"(-2, 0)","(-2, 1)",,0.1796,0.4838,0.3042,F,resource_fit:0.1167|tunnel_access_gain:0.0000|enemy_tunnel_threat:0.0413|own_tunnel_pressure:-0.0500|collapse_risk:-0.0000|territory_pressure:0.0717|opportunity_cost:-0.3042
4,utility_tunneler_vs_phase_player,13,player,utility_tunneler,2,tunnel_extend,"(-2, 2)","(-2, 1)",,0.2379,0.4838,0.2459,F,resource_fit:0.1167|tunnel_access_gain:0.0583|enemy_tunnel_threat:0.0413|own_tunnel_pressure:-0.0500|collapse_risk:-0.0000|territory_pressure:0.0717|opportunity_cost:-0.2459
4,utility_tunneler_vs_phase_player,13,player,utility_tunneler,2,tunnel_extend,"(-1, 0)","(-2, 1)",,0.2379,0.4838,0.2459,F,resource_fit:0.1167|tunnel_access_gain:0.0583|enemy_tunnel_threat:0.0413|own_tunnel_pressure:-0.0500|collapse_risk:-0.0000|territory_pressure:0.0717|opportunity_cost:-0.2459
4,utility_tunneler_vs_phase_player,13,player,utility_tunneler,2,tunnel_extend,"(-1, 1)","(-2, 1)",,0.2379,0.4838,0.2459,F,resource_fit:0.1167|tunnel_access_gain:0.0583|enemy_tunnel_threat:0.0413|own_tunnel_pressure:-0.0500|collapse_risk:-0.0000|territory_pressure:0.0717|opportunity_cost:-0.2459
4,utility_tunneler_vs_phase_player,13,player,utility_tunneler,2,tunnel_extend,"(-1, -1)","(-1, -2)",,0.2629,0.4838,0.2209,F,resource_fit:0.1167|tunnel_access_gain:0.0583|enemy_tunnel_threat:0.0413|own_tunnel_pressure:-0.0250|collapse_risk:-0.0000|territory_pressure:0.0717|opportunity_cost:-0.2209
4,utility_tunneler_vs_phase_player,13,player,utility_tunneler,2,tunnel_extend,"(0, -3)","(-1, -2)",,0.2629,0.4838,0.2209,F,resource_fit:0.1167|tunnel_access_gain:0.0583|enemy_tunnel_threat:0.0413|own_tunnel_pressure:-0.0250|collapse_risk:-0.0000|territory_pressure:0.0717|opportunity_cost:-0.2209
4,utility_tunneler_vs_phase_player,13,player,utility_tunneler,2,tunnel_extend,"(0, -2)","(-1, -2)",,0.2629,0.4838,0.2209,F,resource_fit:0.1167|tunnel_access_gain:0.0583|enemy_tunnel_threat:0.0413|own_tunnel_pressure:-0.0250|collapse_risk:-0.0000|territory_pressure:0.0717|opportunity_cost:-0.2209
4,utility_tunneler_vs_phase_player,13,player,utility_tunneler,2,wait,,,,0.0,0.4838,0.4838,F,opportunity_cost:-0.4838
4,utility_tunneler_vs_phase_player,13,player,utility_tunneler,3,tunnel_extend,"(-2, 0)","(-3, 1)",,0.1583,0.4838,0.3255,F,resource_fit:0.0917|tunnel_access_gain:0.0000|enemy_tunnel_threat:0.0450|own_tunnel_pressure:-0.0500|collapse_risk:-0.0000|territory_pressure:0.0717|opportunity_cost:-0.3255
4,utility_tunneler_vs_phase_player,13,player,utility_tunneler,3,tunnel_extend,"(-2, 1)","(-3, 1)",,0.1583,0.4838,0.3255,F,resource_fit:0.0917|tunnel_access_gain:0.0000|enemy_tunnel_threat:0.0450|own_tunnel_pressure:-0.0500|collapse_risk:-0.0000|territory_pressure:0.0717|opportunity_cost:-0.3255
4,utility_tunneler_vs_phase_player,13,player,utility_tunneler,3,tunnel_extend,"(-3, 3)","(-3, 2)",,0.1917,0.4838,0.2922,F,resource_fit:0.0917|tunnel_access_gain:0.0583|enemy_tunnel_threat:0.0450|own_tunnel_pressure:-0.0750|collapse_risk:-0.0000|territory_pressure:0.0717|opportunity_cost:-0.2922
4,utility_tunneler_vs_phase_player,13,player,utility_tunneler,3,tunnel_extend,"(-2, 2)","(-3, 2)",,0.1333,0.4838,0.3505,F,resource_fit:0.0917|tunnel_access_gain:0.0000|enemy_tunnel_threat:0.0450|own_tunnel_pressure:-0.0750|collapse_risk:-0.0000|territory_pressure:0.0717|opportunity_cost:-0.3505
4,utility_tunneler_vs_phase_player,13,player,utility_tunneler,3,tunnel_extend,"(-2, 0)","(-2, -1)",,0.1583,0.4838,0.3255,F,resource_fit:0.0917|tunnel_access_gain:0.0000|enemy_tunnel_threat:0.0450|own_tunnel_pressure:-0.0500|collapse_risk:-0.0000|territory_pressure:0.0717|opportunity_cost:-0.3255
4,utility_tunneler_vs_phase_player,13,player,utility_tunneler,3,tunnel_extend,"(-1, -1)","(-2, -1)",,0.2167,0.4838,0.2672,F,resource_fit:0.0917|tunnel_access_gain:0.0583|enemy_tunnel_threat:0.0450|own_tunnel_pressure:-0.0500|collapse_risk:-0.0000|territory_pressure:0.0717|opportunity_cost:-0.2672
4,utility_tunneler_vs_phase_player,13,player,utility_tunneler,3,tunnel_extend,"(-3, 1)","(-2, 0)",,0.1833,0.4838,0.3005,F,resource_fit:0.0917|tunnel_access_gain:0.0000|enemy_tunnel_threat:0.0450|own_tunnel_pressure:-0.0250|collapse_risk:-0.0000|territory_pressure:0.0717|opportunity_cost:-0.3005
4,utility_tunneler_vs_phase_player,13,player,utility_tunneler,3,tunnel_extend,"(-2, -1)","(-2, 0)",,0.1833,0.4838,0.3005,F,resource_fit:0.0917|tunnel_access_gain:0.0000|enemy_tunnel_threat:0.0450|own_tunnel_pressure:-0.0250|collapse_risk:-0.0000|territory_pressure:0.0717|opportunity_cost:-0.3005
4,utility_tunneler_vs_phase_player,13,player,utility_tunneler,3,tunnel_extend,"(-2, 1)","(-2, 0)",,0.1833,0.4838,0.3005,F,resource_fit:0.0917|tunnel_access_gain:0.0000|enemy_tunnel_threat:0.0450|own_tunnel_pressure:-0.0250|collapse_risk:-0.0000|territory_pressure:0.0717|opportunity_cost:-0.3005
4,utility_tunneler_vs_phase_player,13,player,utility_tunneler,3,tunnel_extend,"(-1, -1)","(-2, 0)",,0.2417,0.4838,0.2422,F,resource_fit:0.0917|tunnel_access_gain:0.0583|enemy_tunnel_threat:0.0450|own_tunnel_pressure:-0.0250|collapse_risk:-0.0000|territory_pressure:0.0717|opportunity_cost:-0.2422
4,utility_tunneler_vs_phase_player,13,player,utility_tunneler,3,tunnel_extend,"(-1, 0)","(-2, 0)",,0.2417,0.4838,0.2422,F,resource_fit:0.0917|tunnel_access_gain:0.0583|enemy_tunnel_threat:0.0450|own_tunnel_pressure:-0.0250|collapse_risk:-0.0000|territory_pressure:0.0717|opportunity_cost:-0.2422
4,utility_tunneler_vs_phase_player,13,player,utility_tunneler,3,tunnel_extend,"(-3, 1)","(-2, 1)",,0.1583,0.4838,0.3255,F,resource_fit:0.0917|tunnel_access_gain:0.0000|enemy_tunnel_threat:0.0450|own_tunnel_pressure:-0.0500|collapse_risk:-0.0000|territory_pressure:0.0717|opportunity_cost:-0.3255
4,utility_tunneler_vs_phase_player,13,player,utility_tunneler,3,tunnel_extend,"(-2, 0)","(-2, 1)",,0.1583,0.4838,0.3255,F,resource_fit:0.0917|tunnel_access_gain:0.0000|enemy_tunnel_threat:0.0450|own_tunnel_pressure:-0.0500|collapse_risk:-0.0000|territory_pressure:0.0717|opportunity_cost:-0.3255
4,utility_tunneler_vs_phase_player,13,player,utility_tunneler,3,tunnel_extend,"(-2, 2)","(-2, 1)",,0.1583,0.4838,0.3255,F,resource_fit:0.0917|tunnel_access_gain:0.0000|enemy_tunnel_threat:0.0450|own_tunnel_pressure:-0.0500|collapse_risk:-0.0000|territory_pressure:0.0717|opportunity_cost:-0.3255
4,utility_tunneler_vs_phase_player,13,player,utility_tunneler,3,tunnel_extend,"(-1, 0)","(-2, 1)",,0.2167,0.4838,0.2672,F,resource_fit:0.0917|tunnel_access_gain:0.0583|enemy_tunnel_threat:0.0450|own_tunnel_pressure:-0.0500|collapse_risk:-0.0000|territory_pressure:0.0717|opportunity_cost:-0.2672
4,utility_tunneler_vs_phase_player,13,player,utility_tunneler,3,tunnel_extend,"(-1, 1)","(-2, 1)",,0.2167,0.4838,0.2672,F,resource_fit:0.0917|tunnel_access_gain:0.0583|enemy_tunnel_threat:0.0450|own_tunnel_pressure:-0.0500|collapse_risk:-0.0000|territory_pressure:0.0717|opportunity_cost:-0.2672
4,utility_tunneler_vs_phase_player,13,player,utility_tunneler,3,tunnel_extend,"(-3, 2)","(-2, 2)",,0.1833,0.4838,0.3005,F,resource_fit:0.0917|tunnel_access_gain:0.0000|enemy_tunnel_threat:0.0450|own_tunnel_pressure:-0.0250|collapse_risk:-0.0000|territory_pressure:0.0717|opportunity_cost:-0.3005
4,utility_tunneler_vs_phase_player,13,player,utility_tunneler,3,tunnel_extend,"(-3, 3)","(-2, 2)",,0.2417,0.4838,0.2422,F,resource_fit:0.0917|tunnel_access_gain:0.0583|enemy_tunnel_threat:0.0450|own_tunnel_pressure:-0.0250|collapse_risk:-0.0000|territory_pressure:0.0717|opportunity_cost:-0.2422
4,utility_tunneler_vs_phase_player,13,player,utility_tunneler,3,tunnel_extend,"(-2, 1)","(-2, 2)",,0.1833,0.4838,0.3005,F,resource_fit:0.0917|tunnel_access_gain:0.0000|enemy_tunnel_threat:0.0450|own_tunnel_pressure:-0.0250|collapse_risk:-0.0000|territory_pressure:0.0717|opportunity_cost:-0.3005
4,utility_tunneler_vs_phase_player,13,player,utility_tunneler,3,tunnel_extend,"(-2, 3)","(-2, 2)",,0.2417,0.4838,0.2422,F,resource_fit:0.0917|tunnel_access_gain:0.0583|enemy_tunnel_threat:0.0450|own_tunnel_pressure:-0.0250|collapse_risk:-0.0000|territory_pressure:0.0717|opportunity_cost:-0.2422
4,utility_tunneler_vs_phase_player,13,player,utility_tunneler,3,tunnel_extend,"(-1, 1)","(-2, 2)",,0.2417,0.4838,0.2422,F,resource_fit:0.0917|tunnel_access_gain:0.0583|enemy_tunnel_threat:0.0450|own_tunnel_pressure:-0.0250|collapse_risk:-0.0000|territory_pressure:0.0717|opportunity_cost:-0.2422
4,utility_tunneler_vs_phase_player,13,player,utility_tunneler,3,tunnel_extend,"(-1, 2)","(-2, 2)",,0.2417,0.4838,0.2422,F,resource_fit:0.0917|tunnel_access_gain:0.0583|enemy_tunnel_threat:0.0450|own_tunnel_pressure:-0.0250|collapse_risk:-0.0000|territory_pressure:0.0717|opportunity_cost:-0.2422
4,utility_tunneler_vs_phase_player,13,player,utility_tunneler,3,tunnel_extend,"(-1, -1)","(-1, -2)",,0.2417,0.4838,0.2422,F,resource_fit:0.0917|tunnel_access_gain:0.0583|enemy_tunnel_threat:0.0450|own_tunnel_pressure:-0.0250|collapse_risk:-0.0000|territory_pressure:0.0717|opportunity_cost:-0.2422
4,utility_tunneler_vs_phase_player,13,player,utility_tunneler,3,tunnel_extend,"(0, -3)","(-1, -2)",,0.2417,0.4838,0.2422,F,resource_fit:0.0917|tunnel_access_gain:0.0583|enemy_tunnel_threat:0.0450|own_tunnel_pressure:-0.0250|collapse_risk:-0.0000|territory_pressure:0.0717|opportunity_cost:-0.2422
4,utility_tunneler_vs_phase_player,13,player,utility_tunneler,3,tunnel_extend,"(0, -2)","(-1, -2)",,0.2417,0.4838,0.2422,F,resource_fit:0.0917|tunnel_access_gain:0.0583|enemy_tunnel_threat:0.0450|own_tunnel_pressure:-0.0250|collapse_risk:-0.0000|territory_pressure:0.0717|opportunity_cost:-0.2422
4,utility_tunneler_vs_phase_player,13,player,utility_tunneler,3,wait,,,,0.0,0.4838,0.4838,F,opportunity_cost:-0.4838
4,utility_tunneler_vs_phase_player,14,player,utility_tunneler,1,tunnel_entrance,"(-2, 3)",,,0.3964,1.635,1.2386,F,resource_fit:0.1771|tunnel_access_gain:0.1000|enemy_tunnel_threat:0.0281|collapse_risk:-0.0000|territory_pressure:0.0912|opportunity_cost:-1.2386
4,utility_tunneler_vs_phase_player,14,player,utility_tunneler,1,tunnel_extend,"(-2, 0)","(-3, 1)",,0.2334,1.635,1.4016,F,resource_fit:0.1500|tunnel_access_gain:0.0000|enemy_tunnel_threat:0.0422|own_tunnel_pressure:-0.0500|collapse_risk:-0.0000|territory_pressure:0.0912|opportunity_cost:-1.4016
4,utility_tunneler_vs_phase_player,14,player,utility_tunneler,1,tunnel_extend,"(-2, 1)","(-3, 1)",,0.2334,1.635,1.4016,F,resource_fit:0.1500|tunnel_access_gain:0.0000|enemy_tunnel_threat:0.0422|own_tunnel_pressure:-0.0500|collapse_risk:-0.0000|territory_pressure:0.0912|opportunity_cost:-1.4016
4,utility_tunneler_vs_phase_player,14,player,utility_tunneler,1,tunnel_extend,"(-3, 3)","(-3, 2)",,0.2667,1.635,1.3683,F,resource_fit:0.1500|tunnel_access_gain:0.0583|enemy_tunnel_threat:0.0422|own_tunnel_pressure:-0.0750|collapse_risk:-0.0000|territory_pressure:0.0912|opportunity_cost:-1.3683
4,utility_tunneler_vs_phase_player,14,player,utility_tunneler,1,tunnel_extend,"(-2, 2)","(-3, 2)",,0.2084,1.635,1.4266,F,resource_fit:0.1500|tunnel_access_gain:0.0000|enemy_tunnel_threat:0.0422|own_tunnel_pressure:-0.0750|collapse_risk:-0.0000|territory_pressure:0.0912|opportunity_cost:-1.4266
4,utility_tunneler_vs_phase_player,14,player,utility_tunneler,1,tunnel_extend,"(-3, 1)","(-2, 0)",,0.2584,1.635,1.3766,F,resource_fit:0.1500|tunnel_access_gain:0.0000|enemy_tunnel_threat:0.0422|own_tunnel_pressure:-0.0250|collapse_risk:-0.0000|territory_pressure:0.0912|opportunity_cost:-1.3766
4,utility_tunneler_vs_phase_player,14,player,utility_tunneler,1,tunnel_extend,"(-2, -1)","(-2, 0)",,0.375,1.635,1.26,F,resource_fit:0.1500|tunnel_access_gain:0.1167|enemy_tunnel_threat:0.0422|own_tunnel_pressure:-0.0250|collapse_risk:-0.0000|territory_pressure:0.0912|opportunity_cost:-1.2600
4,utility_tunneler_vs_phase_player,14,player,utility_tunneler,1,tunnel_extend,"(-2, 1)","(-2, 0)",,0.2584,1.635,1.3766,F,resource_fit:0.1500|tunnel_access_gain:0.0000|enemy_tunnel_threat:0.0422|own_tunnel_pressure:-0.0250|collapse_risk:-0.0000|territory_pressure:0.0912|opportunity_cost:-1.3766
4,utility_tunneler_vs_phase_player,14,player,utility_tunneler,1,tunnel_extend,"(-1, -1)","(-2, 0)",,0.3167,1.635,1.3183,F,resource_fit:0.1500|tunnel_access_gain:0.0583|enemy_tunnel_threat:0.0422|own_tunnel_pressure:-0.0250|collapse_risk:-0.0000|territory_pressure:0.0912|opportunity_cost:-1.3183
4,utility_tunneler_vs_phase_player,14,player,utility_tunneler,1,tunnel_extend,"(-1, 0)","(-2, 0)",,0.3167,1.635,1.3183,F,resource_fit:0.1500|tunnel_access_gain:0.0583|enemy_tunnel_threat:0.0422|own_tunnel_pressure:-0.0250|collapse_risk:-0.0000|territory_pressure:0.0912|opportunity_cost:-1.3183
4,utility_tunneler_vs_phase_player,14,player,utility_tunneler,1,tunnel_extend,"(-3, 1)","(-2, 1)",,0.2334,1.635,1.4016,F,resource_fit:0.1500|tunnel_access_gain:0.0000|enemy_tunnel_threat:0.0422|own_tunnel_pressure:-0.0500|collapse_risk:-0.0000|territory_pressure:0.0912|opportunity_cost:-1.4016
4,utility_tunneler_vs_phase_player,14,player,utility_tunneler,1,tunnel_extend,"(-2, 0)","(-2, 1)",,0.2334,1.635,1.4016,F,resource_fit:0.1500|tunnel_access_gain:0.0000|enemy_tunnel_threat:0.0422|own_tunnel_pressure:-0.0500|collapse_risk:-0.0000|territory_pressure:0.0912|opportunity_cost:-1.4016
4,utility_tunneler_vs_phase_player,14,player,utility_tunneler,1,tunnel_extend,"(-2, 2)","(-2, 1)",,0.2334,1.635,1.4016,F,resource_fit:0.1500|tunnel_access_gain:0.0000|enemy_tunnel_threat:0.0422|own_tunnel_pressure:-0.0500|collapse_risk:-0.0000|territory_pressure:0.0912|opportunity_cost:-1.4016
4,utility_tunneler_vs_phase_player,14,player,utility_tunneler,1,tunnel_extend,"(-1, 0)","(-2, 1)",,0.2917,1.635,1.3433,F,resource_fit:0.1500|tunnel_access_gain:0.0583|enemy_tunnel_threat:0.0422|own_tunnel_pressure:-0.0500|collapse_risk:-0.0000|territory_pressure:0.0912|opportunity_cost:-1.3433
4,utility_tunneler_vs_phase_player,14,player,utility_tunneler,1,tunnel_extend,"(-1, 1)","(-2, 1)",,0.2917,1.635,1.3433,F,resource_fit:0.1500|tunnel_access_gain:0.0583|enemy_tunnel_threat:0.0422|own_tunnel_pressure:-0.0500|collapse_risk:-0.0000|territory_pressure:0.0912|opportunity_cost:-1.3433
4,utility_tunneler_vs_phase_player,14,player,utility_tunneler,1,tunnel_extend,"(-3, 2)","(-2, 2)",,0.2584,1.635,1.3766,F,resource_fit:0.1500|tunnel_access_gain:0.0000|enemy_tunnel_threat:0.0422|own_tunnel_pressure:-0.0250|collapse_risk:-0.0000|territory_pressure:0.0912|opportunity_cost:-1.3766
4,utility_tunneler_vs_phase_player,14,player,utility_tunneler,1,tunnel_extend,"(-3, 3)","(-2, 2)",,0.3167,1.635,1.3183,F,resource_fit:0.1500|tunnel_access_gain:0.0583|enemy_tunnel_threat:0.0422|own_tunnel_pressure:-0.0250|collapse_risk:-0.0000|territory_pressure:0.0912|opportunity_cost:-1.3183
4,utility_tunneler_vs_phase_player,14,player,utility_tunneler,1,tunnel_extend,"(-2, 1)","(-2, 2)",,0.2584,1.635,1.3766,F,resource_fit:0.1500|tunnel_access_gain:0.0000|enemy_tunnel_threat:0.0422|own_tunnel_pressure:-0.0250|collapse_risk:-0.0000|territory_pressure:0.0912|opportunity_cost:-1.3766
4,utility_tunneler_vs_phase_player,14,player,utility_tunneler,1,tunnel_extend,"(-2, 3)","(-2, 2)",,0.3167,1.635,1.3183,F,resource_fit:0.1500|tunnel_access_gain:0.0583|enemy_tunnel_threat:0.0422|own_tunnel_pressure:-0.0250|collapse_risk:-0.0000|territory_pressure:0.0912|opportunity_cost:-1.3183
4,utility_tunneler_vs_phase_player,14,player,utility_tunneler,1,tunnel_extend,"(-1, 1)","(-2, 2)",,0.3167,1.635,1.3183,F,resource_fit:0.1500|tunnel_access_gain:0.0583|enemy_tunnel_threat:0.0422|own_tunnel_pressure:-0.0250|collapse_risk:-0.0000|territory_pressure:0.0912|opportunity_cost:-1.3183
4,utility_tunneler_vs_phase_player,14,player,utility_tunneler,1,tunnel_extend,"(-1, 2)","(-2, 2)",,0.3167,1.635,1.3183,F,resource_fit:0.1500|tunnel_access_gain:0.0583|enemy_tunnel_threat:0.0422|own_tunnel_pressure:-0.0250|collapse_risk:-0.0000|territory_pressure:0.0912|opportunity_cost:-1.3183
4,utility_tunneler_vs_phase_player,14,player,utility_tunneler,1,wait,,,,0.0,1.635,1.635,F,opportunity_cost:-1.6350
4,utility_tunneler_vs_phase_player,14,player,utility_tunneler,2,tunnel_entrance,"(-2, 3)",,,0.4093,0.554,0.1447,F,resource_fit:0.1458|tunnel_access_gain:0.1500|enemy_tunnel_threat:0.0250|collapse_risk:-0.0000|territory_pressure:0.0885|opportunity_cost:-0.1447
4,utility_tunneler_vs_phase_player,14,player,utility_tunneler,2,tunnel_extend,"(-2, 0)","(-3, 1)",,0.201,0.554,0.353,F,resource_fit:0.1250|tunnel_access_gain:0.0000|enemy_tunnel_threat:0.0375|own_tunnel_pressure:-0.0500|collapse_risk:-0.0000|territory_pressure:0.0885|opportunity_cost:-0.3530
4,utility_tunneler_vs_phase_player,14,player,utility_tunneler,2,tunnel_extend,"(-2, 1)","(-3, 1)",,0.201,0.554,0.353,F,resource_fit:0.1250|tunnel_access_gain:0.0000|enemy_tunnel_threat:0.0375|own_tunnel_pressure:-0.0500|collapse_risk:-0.0000|territory_pressure:0.0885|opportunity_cost:-0.3530
4,utility_tunneler_vs_phase_player,14,player,utility_tunneler,2,tunnel_extend,"(-3, 3)","(-3, 2)",,0.2343,0.554,0.3197,F,resource_fit:0.1250|tunnel_access_gain:0.0583|enemy_tunnel_threat:0.0375|own_tunnel_pressure:-0.0750|collapse_risk:-0.0000|territory_pressure:0.0885|opportunity_cost:-0.3197
4,utility_tunneler_vs_phase_player,14,player,utility_tunneler,2,tunnel_extend,"(-2, 2)","(-3, 2)",,0.176,0.554,0.378,F,resource_fit:0.1250|tunnel_access_gain:0.0000|enemy_tunnel_threat:0.0375|own_tunnel_pressure:-0.0750|collapse_risk:-0.0000|territory_pressure:0.0885|opportunity_cost:-0.3780
4,utility_tunneler_vs_phase_player,14,player,utility_tunneler,2,tunnel_extend,"(-3, 1)","(-2, 0)",,0.226,0.554,0.328,F,resource_fit:0.1250|tunnel_access_gain:0.0000|enemy_tunnel_threat:0.0375|own_tunnel_pressure:-0.0250|collapse_risk:-0.0000|territory_pressure:0.0885|opportunity_cost:-0.3280
4,utility_tunneler_vs_phase_player,14,player,utility_tunneler,2,tunnel_extend,"(-2, -1)","(-2, 0)",,0.3427,0.554,0.2114,F,resource_fit:0.1250|tunnel_access_gain:0.1167|enemy_tunnel_threat:0.0375|own_tunnel_pressure:-0.0250|collapse_risk:-0.0000|territory_pressure:0.0885|opportunity_cost:-0.2114
4,utility_tunneler_vs_phase_player,14,player,utility_tunneler,2,tunnel_extend,"(-2, 1)","(-2, 0)",,0.226,0.554,0.328,F,resource_fit:0.1250|tunnel_access_gain:0.0000|enemy_tunnel_threat:0.0375|own_tunnel_pressure:-0.0250|collapse_risk:-0.0000|territory_pressure:0.0885|opportunity_cost:-0.3280
4,utility_tunneler_vs_phase_player,14,player,utility_tunneler,2,tunnel_extend,"(-1, -1)","(-2, 0)",,0.2843,0.554,0.2697,F,resource_fit:0.1250|tunnel_access_gain:0.0583|enemy_tunnel_threat:0.0375|own_tunnel_pressure:-0.0250|collapse_risk:-0.0000|territory_pressure:0.0885|opportunity_cost:-0.2697
4,utility_tunneler_vs_phase_player,14,player,utility_tunneler,2,tunnel_extend,"(-1, 0)","(-2, 0)",,0.2843,0.554,0.2697,F,resource_fit:0.1250|tunnel_access_gain:0.0583|enemy_tunnel_threat:0.0375|own_tunnel_pressure:-0.0250|collapse_risk:-0.0000|territory_pressure:0.0885|opportunity_cost:-0.2697
4,utility_tunneler_vs_phase_player,14,player,utility_tunneler,2,tunnel_extend,"(-3, 1)","(-2, 1)",,0.201,0.554,0.353,F,resource_fit:0.1250|tunnel_access_gain:0.0000|enemy_tunnel_threat:0.0375|own_tunnel_pressure:-0.0500|collapse_risk:-0.0000|territory_pressure:0.0885|opportunity_cost:-0.3530
4,utility_tunneler_vs_phase_player,14,player,utility_tunneler,2,tunnel_extend,"(-2, 0)","(-2, 1)",,0.201,0.554,0.353,F,resource_fit:0.1250|tunnel_access_gain:0.0000|enemy_tunnel_threat:0.0375|own_tunnel_pressure:-0.0500|collapse_risk:-0.0000|territory_pressure:0.0885|opportunity_cost:-0.3530
4,utility_tunneler_vs_phase_player,14,player,utility_tunneler,2,tunnel_extend,"(-2, 2)","(-2, 1)",,0.201,0.554,0.353,F,resource_fit:0.1250|tunnel_access_gain:0.0000|enemy_tunnel_threat:0.0375|own_tunnel_pressure:-0.0500|collapse_risk:-0.0000|territory_pressure:0.0885|opportunity_cost:-0.3530
4,utility_tunneler_vs_phase_player,14,player,utility_tunneler,2,tunnel_extend,"(-1, 0)","(-2, 1)",,0.2593,0.554,0.2947,F,resource_fit:0.1250|tunnel_access_gain:0.0583|enemy_tunnel_threat:0.0375|own_tunnel_pressure:-0.0500|collapse_risk:-0.0000|territory_pressure:0.0885|opportunity_cost:-0.2947
4,utility_tunneler_vs_phase_player,14,player,utility_tunneler,2,tunnel_extend,"(-1, 1)","(-2, 1)",,0.2593,0.554,0.2947,F,resource_fit:0.1250|tunnel_access_gain:0.0583|enemy_tunnel_threat:0.0375|own_tunnel_pressure:-0.0500|collapse_risk:-0.0000|territory_pressure:0.0885|opportunity_cost:-0.2947
4,utility_tunneler_vs_phase_player,14,player,utility_tunneler,2,tunnel_extend,"(-3, 2)","(-2, 2)",,0.226,0.554,0.328,F,resource_fit:0.1250|tunnel_access_gain:0.0000|enemy_tunnel_threat:0.0375|own_tunnel_pressure:-0.0250|collapse_risk:-0.0000|territory_pressure:0.0885|opportunity_cost:-0.3280
4,utility_tunneler_vs_phase_player,14,player,utility_tunneler,2,tunnel_extend,"(-3, 3)","(-2, 2)",,0.2843,0.554,0.2697,F,resource_fit:0.1250|tunnel_access_gain:0.0583|enemy_tunnel_threat:0.0375|own_tunnel_pressure:-0.0250|collapse_risk:-0.0000|territory_pressure:0.0885|opportunity_cost:-0.2697
4,utility_tunneler_vs_phase_player,14,player,utility_tunneler,2,tunnel_extend,"(-2, 1)","(-2, 2)",,0.226,0.554,0.328,F,resource_fit:0.1250|tunnel_access_gain:0.0000|enemy_tunnel_threat:0.0375|own_tunnel_pressure:-0.0250|collapse_risk:-0.0000|territory_pressure:0.0885|opportunity_cost:-0.3280
4,utility_tunneler_vs_phase_player,14,player,utility_tunneler,2,tunnel_extend,"(-2, 3)","(-2, 2)",,0.2843,0.554,0.2697,F,resource_fit:0.1250|tunnel_access_gain:0.0583|enemy_tunnel_threat:0.0375|own_tunnel_pressure:-0.0250|collapse_risk:-0.0000|territory_pressure:0.0885|opportunity_cost:-0.2697
4,utility_tunneler_vs_phase_player,14,player,utility_tunneler,2,tunnel_extend,"(-1, 1)","(-2, 2)",,0.2843,0.554,0.2697,F,resource_fit:0.1250|tunnel_access_gain:0.0583|enemy_tunnel_threat:0.0375|own_tunnel_pressure:-0.0250|collapse_risk:-0.0000|territory_pressure:0.0885|opportunity_cost:-0.2697
4,utility_tunneler_vs_phase_player,14,player,utility_tunneler,2,tunnel_extend,"(-1, 2)","(-2, 2)",,0.2843,0.554,0.2697,F,resource_fit:0.1250|tunnel_access_gain:0.0583|enemy_tunnel_threat:0.0375|own_tunnel_pressure:-0.0250|collapse_risk:-0.0000|territory_pressure:0.0885|opportunity_cost:-0.2697
4,utility_tunneler_vs_phase_player,14,player,utility_tunneler,2,wait,,,,0.0,0.554,0.554,F,opportunity_cost:-0.5540
4,utility_tunneler_vs_phase_player,14,player,utility_tunneler,3,tunnel_entrance,"(-2, 3)",,,0.3971,0.2016,0.0,T,resource_fit:0.1458|tunnel_access_gain:0.1500|enemy_tunnel_threat:0.0225|collapse_risk:-0.0000|territory_pressure:0.0787|opportunity_cost:-0.0000
4,utility_tunneler_vs_phase_player,14,player,utility_tunneler,3,tunnel_extend,"(-2, 0)","(-3, 1)",,0.1875,0.2016,0.0141,F,resource_fit:0.1250|tunnel_access_gain:0.0000|enemy_tunnel_threat:0.0338|own_tunnel_pressure:-0.0500|collapse_risk:-0.0000|territory_pressure:0.0787|opportunity_cost:-0.0141
4,utility_tunneler_vs_phase_player,14,player,utility_tunneler,3,tunnel_extend,"(-2, 1)","(-3, 1)",,0.1875,0.2016,0.0141,F,resource_fit:0.1250|tunnel_access_gain:0.0000|enemy_tunnel_threat:0.0338|own_tunnel_pressure:-0.0500|collapse_risk:-0.0000|territory_pressure:0.0787|opportunity_cost:-0.0141
4,utility_tunneler_vs_phase_player,14,player,utility_tunneler,3,tunnel_extend,"(-3, 3)","(-3, 2)",,0.2208,0.2016,0.0,F,resource_fit:0.1250|tunnel_access_gain:0.0583|enemy_tunnel_threat:0.0338|own_tunnel_pressure:-0.0750|collapse_risk:-0.0000|territory_pressure:0.0787|opportunity_cost:-0.0000
4,utility_tunneler_vs_phase_player,14,player,utility_tunneler,3,tunnel_extend,"(-2, 2)","(-3, 2)",,0.1625,0.2016,0.0391,F,resource_fit:0.1250|tunnel_access_gain:0.0000|enemy_tunnel_threat:0.0338|own_tunnel_pressure:-0.0750|collapse_risk:-0.0000|territory_pressure:0.0787|opportunity_cost:-0.0391
4,utility_tunneler_vs_phase_player,14,player,utility_tunneler,3,tunnel_extend,"(-3, 1)","(-2, 0)",,0.2125,0.2016,0.0,F,resource_fit:0.1250|tunnel_access_gain:0.0000|enemy_tunnel_threat:0.0338|own_tunnel_pressure:-0.0250|collapse_risk:-0.0000|territory_pressure:0.0787|opportunity_cost:-0.0000
4,utility_tunneler_vs_phase_player,14,player,utility_tunneler,3,tunnel_extend,"(-2, -1)","(-2, 0)",,0.3291,0.2016,0.0,F,resource_fit:0.1250|tunnel_access_gain:0.1167|enemy_tunnel_threat:0.0338|own_tunnel_pressure:-0.0250|collapse_risk:-0.0000|territory_pressure:0.0787|opportunity_cost:-0.0000
4,utility_tunneler_vs_phase_player,14,player,utility_tunneler,3,tunnel_extend,"(-2, 1)","(-2, 0)",,0.2125,0.2016,0.0,F,resource_fit:0.1250|tunnel_access_gain:0.0000|enemy_tunnel_threat:0.0338|own_tunnel_pressure:-0.0250|collapse_risk:-0.0000|territory_pressure:0.0787|opportunity_cost:-0.0000
4,utility_tunneler_vs_phase_player,14,player,utility_tunneler,3,tunnel_extend,"(-1, -1)","(-2, 0)",,0.2708,0.2016,0.0,F,resource_fit:0.1250|tunnel_access_gain:0.0583|enemy_tunnel_threat:0.0338|own_tunnel_pressure:-0.0250|collapse_risk:-0.0000|territory_pressure:0.0787|opportunity_cost:-0.0000
4,utility_tunneler_vs_phase_player,14,player,utility_tunneler,3,tunnel_extend,"(-1, 0)","(-2, 0)",,0.2708,0.2016,0.0,F,resource_fit:0.1250|tunnel_access_gain:0.0583|enemy_tunnel_threat:0.0338|own_tunnel_pressure:-0.0250|collapse_risk:-0.0000|territory_pressure:0.0787|opportunity_cost:-0.0000
4,utility_tunneler_vs_phase_player,14,player,utility_tunneler,3,tunnel_extend,"(-3, 1)","(-2, 1)",,0.1875,0.2016,0.0141,F,resource_fit:0.1250|tunnel_access_gain:0.0000|enemy_tunnel_threat:0.0338|own_tunnel_pressure:-0.0500|collapse_risk:-0.0000|territory_pressure:0.0787|opportunity_cost:-0.0141
4,utility_tunneler_vs_phase_player,14,player,utility_tunneler,3,tunnel_extend,"(-2, 0)","(-2, 1)",,0.1875,0.2016,0.0141,F,resource_fit:0.1250|tunnel_access_gain:0.0000|enemy_tunnel_threat:0.0338|own_tunnel_pressure:-0.0500|collapse_risk:-0.0000|territory_pressure:0.0787|opportunity_cost:-0.0141
4,utility_tunneler_vs_phase_player,14,player,utility_tunneler,3,tunnel_extend,"(-2, 2)","(-2, 1)",,0.1875,0.2016,0.0141,F,resource_fit:0.1250|tunnel_access_gain:0.0000|enemy_tunnel_threat:0.0338|own_tunnel_pressure:-0.0500|collapse_risk:-0.0000|territory_pressure:0.0787|opportunity_cost:-0.0141
4,utility_tunneler_vs_phase_player,14,player,utility_tunneler,3,tunnel_extend,"(-1, 0)","(-2, 1)",,0.2458,0.2016,0.0,F,resource_fit:0.1250|tunnel_access_gain:0.0583|enemy_tunnel_threat:0.0338|own_tunnel_pressure:-0.0500|collapse_risk:-0.0000|territory_pressure:0.0787|opportunity_cost:-0.0000
4,utility_tunneler_vs_phase_player,14,player,utility_tunneler,3,tunnel_extend,"(-1, 1)","(-2, 1)",,0.2458,0.2016,0.0,F,resource_fit:0.1250|tunnel_access_gain:0.0583|enemy_tunnel_threat:0.0338|own_tunnel_pressure:-0.0500|collapse_risk:-0.0000|territory_pressure:0.0787|opportunity_cost:-0.0000
4,utility_tunneler_vs_phase_player,14,player,utility_tunneler,3,tunnel_extend,"(-3, 2)","(-2, 2)",,0.2125,0.2016,0.0,F,resource_fit:0.1250|tunnel_access_gain:0.0000|enemy_tunnel_threat:0.0338|own_tunnel_pressure:-0.0250|collapse_risk:-0.0000|territory_pressure:0.0787|opportunity_cost:-0.0000
4,utility_tunneler_vs_phase_player,14,player,utility_tunneler,3,tunnel_extend,"(-3, 3)","(-2, 2)",,0.2708,0.2016,0.0,F,resource_fit:0.1250|tunnel_access_gain:0.0583|enemy_tunnel_threat:0.0338|own_tunnel_pressure:-0.0250|collapse_risk:-0.0000|territory_pressure:0.0787|opportunity_cost:-0.0000
4,utility_tunneler_vs_phase_player,14,player,utility_tunneler,3,tunnel_extend,"(-2, 1)","(-2, 2)",,0.2125,0.2016,0.0,F,resource_fit:0.1250|tunnel_access_gain:0.0000|enemy_tunnel_threat:0.0338|own_tunnel_pressure:-0.0250|collapse_risk:-0.0000|territory_pressure:0.0787|opportunity_cost:-0.0000
4,utility_tunneler_vs_phase_player,14,player,utility_tunneler,3,tunnel_extend,"(-2, 3)","(-2, 2)",,0.2708,0.2016,0.0,F,resource_fit:0.1250|tunnel_access_gain:0.0583|enemy_tunnel_threat:0.0338|own_tunnel_pressure:-0.0250|collapse_risk:-0.0000|territory_pressure:0.0787|opportunity_cost:-0.0000
4,utility_tunneler_vs_phase_player,14,player,utility_tunneler,3,tunnel_extend,"(-1, 1)","(-2, 2)",,0.2708,0.2016,0.0,F,resource_fit:0.1250|tunnel_access_gain:0.0583|enemy_tunnel_threat:0.0338|own_tunnel_pressure:-0.0250|collapse_risk:-0.0000|territory_pressure:0.0787|opportunity_cost:-0.0000
4,utility_tunneler_vs_phase_player,14,player,utility_tunneler,3,tunnel_extend,"(-1, 2)","(-2, 2)",,0.2708,0.2016,0.0,F,resource_fit:0.1250|tunnel_access_gain:0.0583|enemy_tunnel_threat:0.0338|own_tunnel_pressure:-0.0250|collapse_risk:-0.0000|territory_pressure:0.0787|opportunity_cost:-0.0000
4,utility_tunneler_vs_phase_player,14,player,utility_tunneler,3,wait,,,,0.0,0.2016,0.2016,F,opportunity_cost:-0.2016
4,utility_tunneler_vs_phase_player,15,player,utility_tunneler,1,tunnel_entrance,"(-3, 3)",,,0.41,1.5011,1.0911,F,resource_fit:0.1562|tunnel_access_gain:0.1500|enemy_tunnel_threat:0.0250|collapse_risk:-0.0000|territory_pressure:0.0787|opportunity_cost:-1.0911
4,utility_tunneler_vs_phase_player,15,player,utility_tunneler,1,tunnel_entrance,"(-1, 3)",,,0.31,1.5011,1.1911,F,resource_fit:0.1562|tunnel_access_gain:0.0500|enemy_tunnel_threat:0.0250|collapse_risk:-0.0000|territory_pressure:0.0787|opportunity_cost:-1.1911
4,utility_tunneler_vs_phase_player,15,player,utility_tunneler,1,tunnel_extend,"(-2, 0)","(-3, 1)",,0.1996,1.5011,1.3015,F,resource_fit:0.1333|tunnel_access_gain:0.0000|enemy_tunnel_threat:0.0375|own_tunnel_pressure:-0.0500|collapse_risk:-0.0000|territory_pressure:0.0787|opportunity_cost:-1.3015
4,utility_tunneler_vs_phase_player,15,player,utility_tunneler,1,tunnel_extend,"(-2, 1)","(-3, 1)",,0.1996,1.5011,1.3015,F,resource_fit:0.1333|tunnel_access_gain:0.0000|enemy_tunnel_threat:0.0375|own_tunnel_pressure:-0.0500|collapse_risk:-0.0000|territory_pressure:0.0787|opportunity_cost:-1.3015
4,utility_tunneler_vs_phase_player,15,player,utility_tunneler,1,tunnel_extend,"(-3, 3)","(-3, 2)",,0.2329,1.5011,1.2682,F,resource_fit:0.1333|tunnel_access_gain:0.0583|enemy_tunnel_threat:0.0375|own_tunnel_pressure:-0.0750|collapse_risk:-0.0000|territory_pressure:0.0787|opportunity_cost:-1.2682
4,utility_tunneler_vs_phase_player,15,player,utility_tunneler,1,tunnel_extend,"(-2, 2)","(-3, 2)",,0.1746,1.5011,1.3265,F,resource_fit:0.1333|tunnel_access_gain:0.0000|enemy_tunnel_threat:0.0375|own_tunnel_pressure:-0.0750|collapse_risk:-0.0000|territory_pressure:0.0787|opportunity_cost:-1.3265
4,utility_tunneler_vs_phase_player,15,player,utility_tunneler,1,tunnel_extend,"(-3, 1)","(-2, 0)",,0.2246,1.5011,1.2765,F,resource_fit:0.1333|tunnel_access_gain:0.0000|enemy_tunnel_threat:0.0375|own_tunnel_pressure:-0.0250|collapse_risk:-0.0000|territory_pressure:0.0787|opportunity_cost:-1.2765
4,utility_tunneler_vs_phase_player,15,player,utility_tunneler,1,tunnel_extend,"(-2, -1)","(-2, 0)",,0.3412,1.5011,1.1599,F,resource_fit:0.1333|tunnel_access_gain:0.1167|enemy_tunnel_threat:0.0375|own_tunnel_pressure:-0.0250|collapse_risk:-0.0000|territory_pressure:0.0787|opportunity_cost:-1.1599
4,utility_tunneler_vs_phase_player,15,player,utility_tunneler,1,tunnel_extend,"(-2, 1)","(-2, 0)",,0.2246,1.5011,1.2765,F,resource_fit:0.1333|tunnel_access_gain:0.0000|enemy_tunnel_threat:0.0375|own_tunnel_pressure:-0.0250|collapse_risk:-0.0000|territory_pressure:0.0787|opportunity_cost:-1.2765
4,utility_tunneler_vs_phase_player,15,player,utility_tunneler,1,tunnel_extend,"(-1, -1)","(-2, 0)",,0.2829,1.5011,1.2182,F,resource_fit:0.1333|tunnel_access_gain:0.0583|enemy_tunnel_threat:0.0375|own_tunnel_pressure:-0.0250|collapse_risk:-0.0000|territory_pressure:0.0787|opportunity_cost:-1.2182
4,utility_tunneler_vs_phase_player,15,player,utility_tunneler,1,tunnel_extend,"(-1, 0)","(-2, 0)",,0.2829,1.5011,1.2182,F,resource_fit:0.1333|tunnel_access_gain:0.0583|enemy_tunnel_threat:0.0375|own_tunnel_pressure:-0.0250|collapse_risk:-0.0000|territory_pressure:0.0787|opportunity_cost:-1.2182
4,utility_tunneler_vs_phase_player,15,player,utility_tunneler,1,tunnel_extend,"(-3, 1)","(-2, 1)",,0.1996,1.5011,1.3015,F,resource_fit:0.1333|tunnel_access_gain:0.0000|enemy_tunnel_threat:0.0375|own_tunnel_pressure:-0.0500|collapse_risk:-0.0000|territory_pressure:0.0787|opportunity_cost:-1.3015
4,utility_tunneler_vs_phase_player,15,player,utility_tunneler,1,tunnel_extend,"(-2, 0)","(-2, 1)",,0.1996,1.5011,1.3015,F,resource_fit:0.1333|tunnel_access_gain:0.0000|enemy_tunnel_threat:0.0375|own_tunnel_pressure:-0.0500|collapse_risk:-0.0000|territory_pressure:0.0787|opportunity_cost:-1.3015
4,utility_tunneler_vs_phase_player,15,player,utility_tunneler,1,tunnel_extend,"(-2, 2)","(-2, 1)",,0.1996,1.5011,1.3015,F,resource_fit:0.1333|tunnel_access_gain:0.0000|enemy_tunnel_threat:0.0375|own_tunnel_pressure:-0.0500|collapse_risk:-0.0000|territory_pressure:0.0787|opportunity_cost:-1.3015
4,utility_tunneler_vs_phase_player,15,player,utility_tunneler,1,tunnel_extend,"(-1, 0)","(-2, 1)",,0.2579,1.5011,1.2432,F,resource_fit:0.1333|tunnel_access_gain:0.0583|enemy_tunnel_threat:0.0375|own_tunnel_pressure:-0.0500|collapse_risk:-0.0000|territory_pressure:0.0787|opportunity_cost:-1.2432
4,utility_tunneler_vs_phase_player,15,player,utility_tunneler,1,tunnel_extend,"(-1, 1)","(-2, 1)",,0.2579,1.5011,1.2432,F,resource_fit:0.1333|tunnel_access_gain:0.0583|enemy_tunnel_threat:0.0375|own_tunnel_pressure:-0.0500|collapse_risk:-0.0000|territory_pressure:0.0787|opportunity_cost:-1.2432
4,utility_tunneler_vs_phase_player,15,player,utility_tunneler,1,tunnel_extend,"(-3, 2)","(-2, 2)",,0.2246,1.5011,1.2765,F,resource_fit:0.1333|tunnel_access_gain:0.0000|enemy_tunnel_threat:0.0375|own_tunnel_pressure:-0.0250|collapse_risk:-0.0000|territory_pressure:0.0787|opportunity_cost:-1.2765
4,utility_tunneler_vs_phase_player,15,player,utility_tunneler,1,tunnel_extend,"(-3, 3)","(-2, 2)",,0.2829,1.5011,1.2182,F,resource_fit:0.1333|tunnel_access_gain:0.0583|enemy_tunnel_threat:0.0375|own_tunnel_pressure:-0.0250|collapse_risk:-0.0000|territory_pressure:0.0787|opportunity_cost:-1.2182
4,utility_tunneler_vs_phase_player,15,player,utility_tunneler,1,tunnel_extend,"(-2, 1)","(-2, 2)",,0.2246,1.5011,1.2765,F,resource_fit:0.1333|tunnel_access_gain:0.0000|enemy_tunnel_threat:0.0375|own_tunnel_pressure:-0.0250|collapse_risk:-0.0000|territory_pressure:0.0787|opportunity_cost:-1.2765
4,utility_tunneler_vs_phase_player,15,player,utility_tunneler,1,tunnel_extend,"(-2, 3)","(-2, 2)",,0.2246,1.5011,1.2765,F,resource_fit:0.1333|tunnel_access_gain:0.0000|enemy_tunnel_threat:0.0375|own_tunnel_pressure:-0.0250|collapse_risk:-0.0000|territory_pressure:0.0787|opportunity_cost:-1.2765
4,utility_tunneler_vs_phase_player,15,player,utility_tunneler,1,tunnel_extend,"(-1, 1)","(-2, 2)",,0.2829,1.5011,1.2182,F,resource_fit:0.1333|tunnel_access_gain:0.0583|enemy_tunnel_threat:0.0375|own_tunnel_pressure:-0.0250|collapse_risk:-0.0000|territory_pressure:0.0787|opportunity_cost:-1.2182
4,utility_tunneler_vs_phase_player,15,player,utility_tunneler,1,tunnel_extend,"(-1, 2)","(-2, 2)",,0.2829,1.5011,1.2182,F,resource_fit:0.1333|tunnel_access_gain:0.0583|enemy_tunnel_threat:0.0375|own_tunnel_pressure:-0.0250|collapse_risk:-0.0000|territory_pressure:0.0787|opportunity_cost:-1.2182
4,utility_tunneler_vs_phase_player,15,player,utility_tunneler,1,tunnel_extend,"(-3, 3)","(-2, 3)",,0.2829,1.5011,1.2182,F,resource_fit:0.1333|tunnel_access_gain:0.0583|enemy_tunnel_threat:0.0375|own_tunnel_pressure:-0.0250|collapse_risk:-0.0000|territory_pressure:0.0787|opportunity_cost:-1.2182
4,utility_tunneler_vs_phase_player,15,player,utility_tunneler,1,tunnel_extend,"(-2, 2)","(-2, 3)",,0.2246,1.5011,1.2765,F,resource_fit:0.1333|tunnel_access_gain:0.0000|enemy_tunnel_threat:0.0375|own_tunnel_pressure:-0.0250|collapse_risk:-0.0000|territory_pressure:0.0787|opportunity_cost:-1.2765
4,utility_tunneler_vs_phase_player,15,player,utility_tunneler,1,tunnel_extend,"(-1, 2)","(-2, 3)",,0.2829,1.5011,1.2182,F,resource_fit:0.1333|tunnel_access_gain:0.0583|enemy_tunnel_threat:0.0375|own_tunnel_pressure:-0.0250|collapse_risk:-0.0000|territory_pressure:0.0787|opportunity_cost:-1.2182
4,utility_tunneler_vs_phase_player,15,player,utility_tunneler,1,tunnel_extend,"(-1, 3)","(-2, 3)",,0.2829,1.5011,1.2182,F,resource_fit:0.1333|tunnel_access_gain:0.0583|enemy_tunnel_threat:0.0375|own_tunnel_pressure:-0.0250|collapse_risk:-0.0000|territory_pressure:0.0787|opportunity_cost:-1.2182
4,utility_tunneler_vs_phase_player,15,player,utility_tunneler,1,wait,,,,0.0,1.5011,1.5011,F,opportunity_cost:-1.5011
4,utility_tunneler_vs_phase_player,15,player,utility_tunneler,2,tunnel_entrance,"(-3, 3)",,,0.3738,0.4923,0.1186,F,resource_fit:0.1250|tunnel_access_gain:0.1500|enemy_tunnel_threat:0.0227|collapse_risk:-0.0000|territory_pressure:0.0760|opportunity_cost:-0.1186
4,utility_tunneler_vs_phase_player,15,player,utility_tunneler,2,tunnel_entrance,"(-1, 3)",,,0.3238,0.4923,0.1686,F,resource_fit:0.1250|tunnel_access_gain:0.1000|enemy_tunnel_threat:0.0227|collapse_risk:-0.0000|territory_pressure:0.0760|opportunity_cost:-0.1686
4,utility_tunneler_vs_phase_player,15,player,utility_tunneler,2,tunnel_extend,"(-2, 0)","(-3, 1)",,0.1685,0.4923,0.3239,F,resource_fit:0.1083|tunnel_access_gain:0.0000|enemy_tunnel_threat:0.0341|own_tunnel_pressure:-0.0500|collapse_risk:-0.0000|territory_pressure:0.0760|opportunity_cost:-0.3239
4,utility_tunneler_vs_phase_player,15,player,utility_tunneler,2,tunnel_extend,"(-2, 1)","(-3, 1)",,0.1685,0.4923,0.3239,F,resource_fit:0.1083|tunnel_access_gain:0.0000|enemy_tunnel_threat:0.0341|own_tunnel_pressure:-0.0500|collapse_risk:-0.0000|territory_pressure:0.0760|opportunity_cost:-0.3239
4,utility_tunneler_vs_phase_player,15,player,utility_tunneler,2,tunnel_extend,"(-3, 3)","(-3, 2)",,0.2018,0.4923,0.2905,F,resource_fit:0.1083|tunnel_access_gain:0.0583|enemy_tunnel_threat:0.0341|own_tunnel_pressure:-0.0750|collapse_risk:-0.0000|territory_pressure:0.0760|opportunity_cost:-0.2905
4,utility_tunneler_vs_phase_player,15,player,utility_tunneler,2,tunnel_extend,"(-2, 2)","(-3, 2)",,0.1435,0.4923,0.3489,F,resource_fit:0.1083|tunnel_access_gain:0.0000|enemy_tunnel_threat:0.0341|own_tunnel_pressure:-0.0750|collapse_risk:-0.0000|territory_pressure:0.0760|opportunity_cost:-0.3489
4,utility_tunneler_vs_phase_player,15,player,utility_tunneler,2,tunnel_extend,"(-3, 1)","(-2, 0)",,0.1935,0.4923,0.2989,F,resource_fit:0.1083|tunnel_access_gain:0.0000|enemy_tunnel_threat:0.0341|own_tunnel_pressure:-0.0250|collapse_risk:-0.0000|territory_pressure:0.0760|opportunity_cost:-0.2989
4,utility_tunneler_vs_phase_player,15,player,utility_tunneler,2,tunnel_extend,"(-2, -1)","(-2, 0)",,0.3101,0.4923,0.1822,F,resource_fit:0.1083|tunnel_access_gain:0.1167|enemy_tunnel_threat:0.0341|own_tunnel_pressure:-0.0250|collapse_risk:-0.0000|territory_pressure:0.0760|opportunity_cost:-0.1822
4,utility_tunneler_vs_phase_player,15,player,utility_tunneler,2,tunnel_extend,"(-2, 1)","(-2, 0)",,0.1935,0.4923,0.2989,F,resource_fit:0.1083|tunnel_access_gain:0.0000|enemy_tunnel_threat:0.0341|own_tunnel_pressure:-0.0250|collapse_risk:-0.0000|territory_pressure:0.0760|opportunity_cost:-0.2989
4,utility_tunneler_vs_phase_player,15,player,utility_tunneler,2,tunnel_extend,"(-1, -1)","(-2, 0)",,0.2518,0.4923,0.2405,F,resource_fit:0.1083|tunnel_access_gain:0.0583|enemy_tunnel_threat:0.0341|own_tunnel_pressure:-0.0250|collapse_risk:-0.0000|territory_pressure:0.0760|opportunity_cost:-0.2405
4,utility_tunneler_vs_phase_player,15,player,utility_tunneler,2,tunnel_extend,"(-1, 0)","(-2, 0)",,0.2518,0.4923,0.2405,F,resource_fit:0.1083|tunnel_access_gain:0.0583|enemy_tunnel_threat:0.0341|own_tunnel_pressure:-0.0250|collapse_risk:-0.0000|territory_pressure:0.0760|opportunity_cost:-0.2405
4,utility_tunneler_vs_phase_player,15,player,utility_tunneler,2,tunnel_extend,"(-3, 1)","(-2, 1)",,0.1685,0.4923,0.3239,F,resource_fit:0.1083|tunnel_access_gain:0.0000|enemy_tunnel_threat:0.0341|own_tunnel_pressure:-0.0500|collapse_risk:-0.0000|territory_pressure:0.0760|opportunity_cost:-0.3239
4,utility_tunneler_vs_phase_player,15,player,utility_tunneler,2,tunnel_extend,"(-2, 0)","(-2, 1)",,0.1685,0.4923,0.3239,F,resource_fit:0.1083|tunnel_access_gain:0.0000|enemy_tunnel_threat:0.0341|own_tunnel_pressure:-0.0500|collapse_risk:-0.0000|territory_pressure:0.0760|opportunity_cost:-0.3239
4,utility_tunneler_vs_phase_player,15,player,utility_tunneler,2,tunnel_extend,"(-2, 2)","(-2, 1)",,0.1685,0.4923,0.3239,F,resource_fit:0.1083|tunnel_access_gain:0.0000|enemy_tunnel_threat:0.0341|own_tunnel_pressure:-0.0500|collapse_risk:-0.0000|territory_pressure:0.0760|opportunity_cost:-0.3239
4,utility_tunneler_vs_phase_player,15,player,utility_tunneler,2,tunnel_extend,"(-1, 0)","(-2, 1)",,0.2268,0.4923,0.2655,F,resource_fit:0.1083|tunnel_access_gain:0.0583|enemy_tunnel_threat:0.0341|own_tunnel_pressure:-0.0500|collapse_risk:-0.0000|territory_pressure:0.0760|opportunity_cost:-0.2655
4,utility_tunneler_vs_phase_player,15,player,utility_tunneler,2,tunnel_extend,"(-1, 1)","(-2, 1)",,0.2268,0.4923,0.2655,F,resource_fit:0.1083|tunnel_access_gain:0.0583|enemy_tunnel_threat:0.0341|own_tunnel_pressure:-0.0500|collapse_risk:-0.0000|territory_pressure:0.0760|opportunity_cost:-0.2655
4,utility_tunneler_vs_phase_player,15,player,utility_tunneler,2,tunnel_extend,"(-3, 2)","(-2, 2)",,0.1935,0.4923,0.2989,F,resource_fit:0.1083|tunnel_access_gain:0.0000|enemy_tunnel_threat:0.0341|own_tunnel_pressure:-0.0250|collapse_risk:-0.0000|territory_pressure:0.0760|opportunity_cost:-0.2989
4,utility_tunneler_vs_phase_player,15,player,utility_tunneler,2,tunnel_extend,"(-3, 3)","(-2, 2)",,0.2518,0.4923,0.2405,F,resource_fit:0.1083|tunnel_access_gain:0.0583|enemy_tunnel_threat:0.0341|own_tunnel_pressure:-0.0250|collapse_risk:-0.0000|territory_pressure:0.0760|opportunity_cost:-0.2405
4,utility_tunneler_vs_phase_player,15,player,utility_tunneler,2,tunnel_extend,"(-2, 1)","(-2, 2)",,0.1935,0.4923,0.2989,F,resource_fit:0.1083|tunnel_access_gain:0.0000|enemy_tunnel_threat:0.0341|own_tunnel_pressure:-0.0250|collapse_risk:-0.0000|territory_pressure:0.0760|opportunity_cost:-0.2989
4,utility_tunneler_vs_phase_player,15,player,utility_tunneler,2,tunnel_extend,"(-2, 3)","(-2, 2)",,0.1935,0.4923,0.2989,F,resource_fit:0.1083|tunnel_access_gain:0.0000|enemy_tunnel_threat:0.0341|own_tunnel_pressure:-0.0250|collapse_risk:-0.0000|territory_pressure:0.0760|opportunity_cost:-0.2989
4,utility_tunneler_vs_phase_player,15,player,utility_tunneler,2,tunnel_extend,"(-1, 1)","(-2, 2)",,0.2518,0.4923,0.2405,F,resource_fit:0.1083|tunnel_access_gain:0.0583|enemy_tunnel_threat:0.0341|own_tunnel_pressure:-0.0250|collapse_risk:-0.0000|territory_pressure:0.0760|opportunity_cost:-0.2405
4,utility_tunneler_vs_phase_player,15,player,utility_tunneler,2,tunnel_extend,"(-1, 2)","(-2, 2)",,0.2518,0.4923,0.2405,F,resource_fit:0.1083|tunnel_access_gain:0.0583|enemy_tunnel_threat:0.0341|own_tunnel_pressure:-0.0250|collapse_risk:-0.0000|territory_pressure:0.0760|opportunity_cost:-0.2405
4,utility_tunneler_vs_phase_player,15,player,utility_tunneler,2,tunnel_extend,"(-3, 3)","(-2, 3)",,0.2518,0.4923,0.2405,F,resource_fit:0.1083|tunnel_access_gain:0.0583|enemy_tunnel_threat:0.0341|own_tunnel_pressure:-0.0250|collapse_risk:-0.0000|territory_pressure:0.0760|opportunity_cost:-0.2405
4,utility_tunneler_vs_phase_player,15,player,utility_tunneler,2,tunnel_extend,"(-2, 2)","(-2, 3)",,0.1935,0.4923,0.2989,F,resource_fit:0.1083|tunnel_access_gain:0.0000|enemy_tunnel_threat:0.0341|own_tunnel_pressure:-0.0250|collapse_risk:-0.0000|territory_pressure:0.0760|opportunity_cost:-0.2989
4,utility_tunneler_vs_phase_player,15,player,utility_tunneler,2,tunnel_extend,"(-1, 2)","(-2, 3)",,0.2518,0.4923,0.2405,F,resource_fit:0.1083|tunnel_access_gain:0.0583|enemy_tunnel_threat:0.0341|own_tunnel_pressure:-0.0250|collapse_risk:-0.0000|territory_pressure:0.0760|opportunity_cost:-0.2405
4,utility_tunneler_vs_phase_player,15,player,utility_tunneler,2,tunnel_extend,"(-1, 3)","(-2, 3)",,0.2518,0.4923,0.2405,F,resource_fit:0.1083|tunnel_access_gain:0.0583|enemy_tunnel_threat:0.0341|own_tunnel_pressure:-0.0250|collapse_risk:-0.0000|territory_pressure:0.0760|opportunity_cost:-0.2405
4,utility_tunneler_vs_phase_player,15,player,utility_tunneler,2,wait,,,,0.0,0.4923,0.4923,F,opportunity_cost:-0.4923
4,utility_tunneler_vs_phase_player,15,player,utility_tunneler,3,tunnel_entrance,"(-3, 3)",,,0.3663,0.3726,0.0063,T,resource_fit:0.1250|tunnel_access_gain:0.1500|enemy_tunnel_threat:0.0250|collapse_risk:-0.0000|territory_pressure:0.0663|opportunity_cost:-0.0063
4,utility_tunneler_vs_phase_player,15,player,utility_tunneler,3,tunnel_entrance,"(-1, 3)",,,0.3163,0.3726,0.0563,F,resource_fit:0.1250|tunnel_access_gain:0.1000|enemy_tunnel_threat:0.0250|collapse_risk:-0.0000|territory_pressure:0.0663|opportunity_cost:-0.0563
4,utility_tunneler_vs_phase_player,15,player,utility_tunneler,3,tunnel_extend,"(-2, 0)","(-3, 1)",,0.1621,0.3726,0.2104,F,resource_fit:0.1083|tunnel_access_gain:0.0000|enemy_tunnel_threat:0.0375|own_tunnel_pressure:-0.0500|collapse_risk:-0.0000|territory_pressure:0.0663|opportunity_cost:-0.2104
4,utility_tunneler_vs_phase_player,15,player,utility_tunneler,3,tunnel_extend,"(-2, 1)","(-3, 1)",,0.1621,0.3726,0.2104,F,resource_fit:0.1083|tunnel_access_gain:0.0000|enemy_tunnel_threat:0.0375|own_tunnel_pressure:-0.0500|collapse_risk:-0.0000|territory_pressure:0.0663|opportunity_cost:-0.2104
4,utility_tunneler_vs_phase_player,15,player,utility_tunneler,3,tunnel_extend,"(-3, 3)","(-3, 2)",,0.1954,0.3726,0.1771,F,resource_fit:0.1083|tunnel_access_gain:0.0583|enemy_tunnel_threat:0.0375|own_tunnel_pressure:-0.0750|collapse_risk:-0.0000|territory_pressure:0.0663|opportunity_cost:-0.1771
4,utility_tunneler_vs_phase_player,15,player,utility_tunneler,3,tunnel_extend,"(-2, 2)","(-3, 2)",,0.1371,0.3726,0.2354,F,resource_fit:0.1083|tunnel_access_gain:0.0000|enemy_tunnel_threat:0.0375|own_tunnel_pressure:-0.0750|collapse_risk:-0.0000|territory_pressure:0.0663|opportunity_cost:-0.2354
4,utility_tunneler_vs_phase_player,15,player,utility_tunneler,3,tunnel_extend,"(-3, 1)","(-2, 0)",,0.1871,0.3726,0.1854,F,resource_fit:0.1083|tunnel_access_gain:0.0000|enemy_tunnel_threat:0.0375|own_tunnel_pressure:-0.0250|collapse_risk:-0.0000|territory_pressure:0.0663|opportunity_cost:-0.1854
4,utility_tunneler_vs_phase_player,15,player,utility_tunneler,3,tunnel_extend,"(-2, -1)","(-2, 0)",,0.3038,0.3726,0.0688,F,resource_fit:0.1083|tunnel_access_gain:0.1167|enemy_tunnel_threat:0.0375|own_tunnel_pressure:-0.0250|collapse_risk:-0.0000|territory_pressure:0.0663|opportunity_cost:-0.0688
4,utility_tunneler_vs_phase_player,15,player,utility_tunneler,3,tunnel_extend,"(-2, 1)","(-2, 0)",,0.1871,0.3726,0.1854,F,resource_fit:0.1083|tunnel_access_gain:0.0000|enemy_tunnel_threat:0.0375|own_tunnel_pressure:-0.0250|collapse_risk:-0.0000|territory_pressure:0.0663|opportunity_cost:-0.1854
4,utility_tunneler_vs_phase_player,15,player,utility_tunneler,3,tunnel_extend,"(-1, -1)","(-2, 0)",,0.2454,0.3726,0.1271,F,resource_fit:0.1083|tunnel_access_gain:0.0583|enemy_tunnel_threat:0.0375|own_tunnel_pressure:-0.0250|collapse_risk:-0.0000|territory_pressure:0.0663|opportunity_cost:-0.1271
4,utility_tunneler_vs_phase_player,15,player,utility_tunneler,3,tunnel_extend,"(-1, 0)","(-2, 0)",,0.2454,0.3726,0.1271,F,resource_fit:0.1083|tunnel_access_gain:0.0583|enemy_tunnel_threat:0.0375|own_tunnel_pressure:-0.0250|collapse_risk:-0.0000|territory_pressure:0.0663|opportunity_cost:-0.1271
4,utility_tunneler_vs_phase_player,15,player,utility_tunneler,3,tunnel_extend,"(-3, 1)","(-2, 1)",,0.1621,0.3726,0.2104,F,resource_fit:0.1083|tunnel_access_gain:0.0000|enemy_tunnel_threat:0.0375|own_tunnel_pressure:-0.0500|collapse_risk:-0.0000|territory_pressure:0.0663|opportunity_cost:-0.2104
4,utility_tunneler_vs_phase_player,15,player,utility_tunneler,3,tunnel_extend,"(-2, 0)","(-2, 1)",,0.1621,0.3726,0.2104,F,resource_fit:0.1083|tunnel_access_gain:0.0000|enemy_tunnel_threat:0.0375|own_tunnel_pressure:-0.0500|collapse_risk:-0.0000|territory_pressure:0.0663|opportunity_cost:-0.2104
4,utility_tunneler_vs_phase_player,15,player,utility_tunneler,3,tunnel_extend,"(-2, 2)","(-2, 1)",,0.1621,0.3726,0.2104,F,resource_fit:0.1083|tunnel_access_gain:0.0000|enemy_tunnel_threat:0.0375|own_tunnel_pressure:-0.0500|collapse_risk:-0.0000|territory_pressure:0.0663|opportunity_cost:-0.2104
4,utility_tunneler_vs_phase_player,15,player,utility_tunneler,3,tunnel_extend,"(-1, 0)","(-2, 1)",,0.2204,0.3726,0.1521,F,resource_fit:0.1083|tunnel_access_gain:0.0583|enemy_tunnel_threat:0.0375|own_tunnel_pressure:-0.0500|collapse_risk:-0.0000|territory_pressure:0.0663|opportunity_cost:-0.1521
4,utility_tunneler_vs_phase_player,15,player,utility_tunneler,3,tunnel_extend,"(-1, 1)","(-2, 1)",,0.2204,0.3726,0.1521,F,resource_fit:0.1083|tunnel_access_gain:0.0583|enemy_tunnel_threat:0.0375|own_tunnel_pressure:-0.0500|collapse_risk:-0.0000|territory_pressure:0.0663|opportunity_cost:-0.1521
4,utility_tunneler_vs_phase_player,15,player,utility_tunneler,3,tunnel_extend,"(-3, 2)","(-2, 2)",,0.1871,0.3726,0.1854,F,resource_fit:0.1083|tunnel_access_gain:0.0000|enemy_tunnel_threat:0.0375|own_tunnel_pressure:-0.0250|collapse_risk:-0.0000|territory_pressure:0.0663|opportunity_cost:-0.1854
4,utility_tunneler_vs_phase_player,15,player,utility_tunneler,3,tunnel_extend,"(-3, 3)","(-2, 2)",,0.2454,0.3726,0.1271,F,resource_fit:0.1083|tunnel_access_gain:0.0583|enemy_tunnel_threat:0.0375|own_tunnel_pressure:-0.0250|collapse_risk:-0.0000|territory_pressure:0.0663|opportunity_cost:-0.1271
4,utility_tunneler_vs_phase_player,15,player,utility_tunneler,3,tunnel_extend,"(-2, 1)","(-2, 2)",,0.1871,0.3726,0.1854,F,resource_fit:0.1083|tunnel_access_gain:0.0000|enemy_tunnel_threat:0.0375|own_tunnel_pressure:-0.0250|collapse_risk:-0.0000|territory_pressure:0.0663|opportunity_cost:-0.1854
4,utility_tunneler_vs_phase_player,15,player,utility_tunneler,3,tunnel_extend,"(-2, 3)","(-2, 2)",,0.1871,0.3726,0.1854,F,resource_fit:0.1083|tunnel_access_gain:0.0000|enemy_tunnel_threat:0.0375|own_tunnel_pressure:-0.0250|collapse_risk:-0.0000|territory_pressure:0.0663|opportunity_cost:-0.1854
4,utility_tunneler_vs_phase_player,15,player,utility_tunneler,3,tunnel_extend,"(-1, 1)","(-2, 2)",,0.2454,0.3726,0.1271,F,resource_fit:0.1083|tunnel_access_gain:0.0583|enemy_tunnel_threat:0.0375|own_tunnel_pressure:-0.0250|collapse_risk:-0.0000|territory_pressure:0.0663|opportunity_cost:-0.1271
4,utility_tunneler_vs_phase_player,15,player,utility_tunneler,3,tunnel_extend,"(-1, 2)","(-2, 2)",,0.2454,0.3726,0.1271,F,resource_fit:0.1083|tunnel_access_gain:0.0583|enemy_tunnel_threat:0.0375|own_tunnel_pressure:-0.0250|collapse_risk:-0.0000|territory_pressure:0.0663|opportunity_cost:-0.1271
4,utility_tunneler_vs_phase_player,15,player,utility_tunneler,3,tunnel_extend,"(-3, 3)","(-2, 3)",,0.2454,0.3726,0.1271,F,resource_fit:0.1083|tunnel_access_gain:0.0583|enemy_tunnel_threat:0.0375|own_tunnel_pressure:-0.0250|collapse_risk:-0.0000|territory_pressure:0.0663|opportunity_cost:-0.1271
4,utility_tunneler_vs_phase_player,15,player,utility_tunneler,3,tunnel_extend,"(-2, 2)","(-2, 3)",,0.1871,0.3726,0.1854,F,resource_fit:0.1083|tunnel_access_gain:0.0000|enemy_tunnel_threat:0.0375|own_tunnel_pressure:-0.0250|collapse_risk:-0.0000|territory_pressure:0.0663|opportunity_cost:-0.1854
4,utility_tunneler_vs_phase_player,15,player,utility_tunneler,3,tunnel_extend,"(-1, 2)","(-2, 3)",,0.2454,0.3726,0.1271,F,resource_fit:0.1083|tunnel_access_gain:0.0583|enemy_tunnel_threat:0.0375|own_tunnel_pressure:-0.0250|collapse_risk:-0.0000|territory_pressure:0.0663|opportunity_cost:-0.1271
4,utility_tunneler_vs_phase_player,15,player,utility_tunneler,3,tunnel_extend,"(-1, 3)","(-2, 3)",,0.2454,0.3726,0.1271,F,resource_fit:0.1083|tunnel_access_gain:0.0583|enemy_tunnel_threat:0.0375|own_tunnel_pressure:-0.0250|collapse_risk:-0.0000|territory_pressure:0.0663|opportunity_cost:-0.1271
4,utility_tunneler_vs_phase_player,15,player,utility_tunneler,3,wait,,,,0.0,0.3726,0.3726,F,opportunity_cost:-0.3726
4,utility_tunneler_vs_phase_player,16,player,utility_tunneler,1,tunnel_entrance,"(-1, 3)",,,0.3051,0.3726,0.0675,F,resource_fit:0.1354|tunnel_access_gain:0.0500|enemy_tunnel_threat:0.0295|collapse_risk:-0.0000|territory_pressure:0.0901|opportunity_cost:-0.0675
4,utility_tunneler_vs_phase_player,16,player,utility_tunneler,1,tunnel_extend,"(-2, 0)","(-3, 1)",,0.2011,0.3726,0.1714,F,resource_fit:0.1167|tunnel_access_gain:0.0000|enemy_tunnel_threat:0.0443|own_tunnel_pressure:-0.0500|collapse_risk:-0.0000|territory_pressure:0.0901|opportunity_cost:-0.1714
4,utility_tunneler_vs_phase_player,16,player,utility_tunneler,1,tunnel_extend,"(-2, 1)","(-3, 1)",,0.2011,0.3726,0.1714,F,resource_fit:0.1167|tunnel_access_gain:0.0000|enemy_tunnel_threat:0.0443|own_tunnel_pressure:-0.0500|collapse_risk:-0.0000|territory_pressure:0.0901|opportunity_cost:-0.1714
4,utility_tunneler_vs_phase_player,16,player,utility_tunneler,1,tunnel_extend,"(-3, 3)","(-3, 2)",,0.1761,0.3726,0.1964,F,resource_fit:0.1167|tunnel_access_gain:0.0000|enemy_tunnel_threat:0.0443|own_tunnel_pressure:-0.0750|collapse_risk:-0.0000|territory_pressure:0.0901|opportunity_cost:-0.1964
4,utility_tunneler_vs_phase_player,16,player,utility_tunneler,1,tunnel_extend,"(-2, 2)","(-3, 2)",,0.1761,0.3726,0.1964,F,resource_fit:0.1167|tunnel_access_gain:0.0000|enemy_tunnel_threat:0.0443|own_tunnel_pressure:-0.0750|collapse_risk:-0.0000|territory_pressure:0.0901|opportunity_cost:-0.1964
4,utility_tunneler_vs_phase_player,16,player,utility_tunneler,1,tunnel_extend,"(-3, 2)","(-3, 3)",,0.2261,0.3726,0.1464,F,resource_fit:0.1167|tunnel_access_gain:0.0000|enemy_tunnel_threat:0.0443|own_tunnel_pressure:-0.0250|collapse_risk:-0.0000|territory_pressure:0.0901|opportunity_cost:-0.1464
4,utility_tunneler_vs_phase_player,16,player,utility_tunneler,1,tunnel_extend,"(-2, 2)","(-3, 3)",,0.2261,0.3726,0.1464,F,resource_fit:0.1167|tunnel_access_gain:0.0000|enemy_tunnel_threat:0.0443|own_tunnel_pressure:-0.0250|collapse_risk:-0.0000|territory_pressure:0.0901|opportunity_cost:-0.1464
4,utility_tunneler_vs_phase_player,16,player,utility_tunneler,1,tunnel_extend,"(-2, 3)","(-3, 3)",,0.2261,0.3726,0.1464,F,resource_fit:0.1167|tunnel_access_gain:0.0000|enemy_tunnel_threat:0.0443|own_tunnel_pressure:-0.0250|collapse_risk:-0.0000|territory_pressure:0.0901|opportunity_cost:-0.1464
4,utility_tunneler_vs_phase_player,16,player,utility_tunneler,1,tunnel_extend,"(-3, 1)","(-2, 0)",,0.2261,0.3726,0.1464,F,resource_fit:0.1167|tunnel_access_gain:0.0000|enemy_tunnel_threat:0.0443|own_tunnel_pressure:-0.0250|collapse_risk:-0.0000|territory_pressure:0.0901|opportunity_cost:-0.1464
4,utility_tunneler_vs_phase_player,16,player,utility_tunneler,1,tunnel_extend,"(-2, -1)","(-2, 0)",,0.3428,0.3726,0.0298,T,resource_fit:0.1167|tunnel_access_gain:0.1167|enemy_tunnel_threat:0.0443|own_tunnel_pressure:-0.0250|collapse_risk:-0.0000|territory_pressure:0.0901|opportunity_cost:-0.0298
4,utility_tunneler_vs_phase_player,16,player,utility_tunneler,1,tunnel_extend,"(-2, 1)","(-2, 0)",,0.2261,0.3726,0.1464,F,resource_fit:0.1167|tunnel_access_gain:0.0000|enemy_tunnel_threat:0.0443|own_tunnel_pressure:-0.0250|collapse_risk:-0.0000|territory_pressure:0.0901|opportunity_cost:-0.1464
4,utility_tunneler_vs_phase_player,16,player,utility_tunneler,1,tunnel_extend,"(-1, -1)","(-2, 0)",,0.2844,0.3726,0.0881,F,resource_fit:0.1167|tunnel_access_gain:0.0583|enemy_tunnel_threat:0.0443|own_tunnel_pressure:-0.0250|collapse_risk:-0.0000|territory_pressure:0.0901|opportunity_cost:-0.0881
4,utility_tunneler_vs_phase_player,16,player,utility_tunneler,1,tunnel_extend,"(-1, 0)","(-2, 0)",,0.2844,0.3726,0.0881,F,resource_fit:0.1167|tunnel_access_gain:0.0583|enemy_tunnel_threat:0.0443|own_tunnel_pressure:-0.0250|collapse_risk:-0.0000|territory_pressure:0.0901|opportunity_cost:-0.0881
4,utility_tunneler_vs_phase_player,16,player,utility_tunneler,1,tunnel_extend,"(-3, 1)","(-2, 1)",,0.2011,0.3726,0.1714,F,resource_fit:0.1167|tunnel_access_gain:0.0000|enemy_tunnel_threat:0.0443|own_tunnel_pressure:-0.0500|collapse_risk:-0.0000|territory_pressure:0.0901|opportunity_cost:-0.1714
4,utility_tunneler_vs_phase_player,16,player,utility_tunneler,1,tunnel_extend,"(-2, 0)","(-2, 1)",,0.2011,0.3726,0.1714,F,resource_fit:0.1167|tunnel_access_gain:0.0000|enemy_tunnel_threat:0.0443|own_tunnel_pressure:-0.0500|collapse_risk:-0.0000|territory_pressure:0.0901|opportunity_cost:-0.1714
4,utility_tunneler_vs_phase_player,16,player,utility_tunneler,1,tunnel_extend,"(-2, 2)","(-2, 1)",,0.2011,0.3726,0.1714,F,resource_fit:0.1167|tunnel_access_gain:0.0000|enemy_tunnel_threat:0.0443|own_tunnel_pressure:-0.0500|collapse_risk:-0.0000|territory_pressure:0.0901|opportunity_cost:-0.1714
4,utility_tunneler_vs_phase_player,16,player,utility_tunneler,1,tunnel_extend,"(-1, 0)","(-2, 1)",,0.2594,0.3726,0.1131,F,resource_fit:0.1167|tunnel_access_gain:0.0583|enemy_tunnel_threat:0.0443|own_tunnel_pressure:-0.0500|collapse_risk:-0.0000|territory_pressure:0.0901|opportunity_cost:-0.1131
4,utility_tunneler_vs_phase_player,16,player,utility_tunneler,1,tunnel_extend,"(-1, 1)","(-2, 1)",,0.2594,0.3726,0.1131,F,resource_fit:0.1167|tunnel_access_gain:0.0583|enemy_tunnel_threat:0.0443|own_tunnel_pressure:-0.0500|collapse_risk:-0.0000|territory_pressure:0.0901|opportunity_cost:-0.1131
4,utility_tunneler_vs_phase_player,16,player,utility_tunneler,1,tunnel_extend,"(-3, 2)","(-2, 2)",,0.2261,0.3726,0.1464,F,resource_fit:0.1167|tunnel_access_gain:0.0000|enemy_tunnel_threat:0.0443|own_tunnel_pressure:-0.0250|collapse_risk:-0.0000|territory_pressure:0.0901|opportunity_cost:-0.1464
4,utility_tunneler_vs_phase_player,16,player,utility_tunneler,1,tunnel_extend,"(-3, 3)","(-2, 2)",,0.2261,0.3726,0.1464,F,resource_fit:0.1167|tunnel_access_gain:0.0000|enemy_tunnel_threat:0.0443|own_tunnel_pressure:-0.0250|collapse_risk:-0.0000|territory_pressure:0.0901|opportunity_cost:-0.1464
4,utility_tunneler_vs_phase_player,16,player,utility_tunneler,1,tunnel_extend,"(-2, 1)","(-2, 2)",,0.2261,0.3726,0.1464,F,resource_fit:0.1167|tunnel_access_gain:0.0000|enemy_tunnel_threat:0.0443|own_tunnel_pressure:-0.0250|collapse_risk:-0.0000|territory_pressure:0.0901|opportunity_cost:-0.1464
4,utility_tunneler_vs_phase_player,16,player,utility_tunneler,1,tunnel_extend,"(-2, 3)","(-2, 2)",,0.2261,0.3726,0.1464,F,resource_fit:0.1167|tunnel_access_gain:0.0000|enemy_tunnel_threat:0.0443|own_tunnel_pressure:-0.0250|collapse_risk:-0.0000|territory_pressure:0.0901|opportunity_cost:-0.1464
4,utility_tunneler_vs_phase_player,16,player,utility_tunneler,1,tunnel_extend,"(-1, 1)","(-2, 2)",,0.2844,0.3726,0.0881,F,resource_fit:0.1167|tunnel_access_gain:0.0583|enemy_tunnel_threat:0.0443|own_tunnel_pressure:-0.0250|collapse_risk:-0.0000|territory_pressure:0.0901|opportunity_cost:-0.0881
4,utility_tunneler_vs_phase_player,16,player,utility_tunneler,1,tunnel_extend,"(-1, 2)","(-2, 2)",,0.2844,0.3726,0.0881,F,resource_fit:0.1167|tunnel_access_gain:0.0583|enemy_tunnel_threat:0.0443|own_tunnel_pressure:-0.0250|collapse_risk:-0.0000|territory_pressure:0.0901|opportunity_cost:-0.0881
4,utility_tunneler_vs_phase_player,16,player,utility_tunneler,1,tunnel_extend,"(-3, 3)","(-2, 3)",,0.2261,0.3726,0.1464,F,resource_fit:0.1167|tunnel_access_gain:0.0000|enemy_tunnel_threat:0.0443|own_tunnel_pressure:-0.0250|collapse_risk:-0.0000|territory_pressure:0.0901|opportunity_cost:-0.1464
4,utility_tunneler_vs_phase_player,16,player,utility_tunneler,1,tunnel_extend,"(-2, 2)","(-2, 3)",,0.2261,0.3726,0.1464,F,resource_fit:0.1167|tunnel_access_gain:0.0000|enemy_tunnel_threat:0.0443|own_tunnel_pressure:-0.0250|collapse_risk:-0.0000|territory_pressure:0.0901|opportunity_cost:-0.1464
4,utility_tunneler_vs_phase_player,16,player,utility_tunneler,1,tunnel_extend,"(-1, 2)","(-2, 3)",,0.2844,0.3726,0.0881,F,resource_fit:0.1167|tunnel_access_gain:0.0583|enemy_tunnel_threat:0.0443|own_tunnel_pressure:-0.0250|collapse_risk:-0.0000|territory_pressure:0.0901|opportunity_cost:-0.0881
4,utility_tunneler_vs_phase_player,16,player,utility_tunneler,1,tunnel_extend,"(-1, 3)","(-2, 3)",,0.2844,0.3726,0.0881,F,resource_fit:0.1167|tunnel_access_gain:0.0583|enemy_tunnel_threat:0.0443|own_tunnel_pressure:-0.0250|collapse_risk:-0.0000|territory_pressure:0.0901|opportunity_cost:-0.0881
4,utility_tunneler_vs_phase_player,16,player,utility_tunneler,1,wait,,,,0.0,0.3726,0.3726,F,opportunity_cost:-0.3726
4,utility_tunneler_vs_phase_player,16,player,utility_tunneler,2,tunnel_entrance,"(-1, 3)",,,0.2888,0.3726,0.0838,F,resource_fit:0.1146|tunnel_access_gain:0.0500|enemy_tunnel_threat:0.0341|collapse_risk:-0.0000|territory_pressure:0.0901|opportunity_cost:-0.0838
4,utility_tunneler_vs_phase_player,16,player,utility_tunneler,2,tunnel_extend,"(-2, 0)","(-3, 1)",,0.1913,0.3726,0.1813,F,resource_fit:0.1000|tunnel_access_gain:0.0000|enemy_tunnel_threat:0.0511|own_tunnel_pressure:-0.0500|collapse_risk:-0.0000|territory_pressure:0.0901|opportunity_cost:-0.1813
4,utility_tunneler_vs_phase_player,16,player,utility_tunneler,2,tunnel_extend,"(-2, 1)","(-3, 1)",,0.1913,0.3726,0.1813,F,resource_fit:0.1000|tunnel_access_gain:0.0000|enemy_tunnel_threat:0.0511|own_tunnel_pressure:-0.0500|collapse_risk:-0.0000|territory_pressure:0.0901|opportunity_cost:-0.1813
4,utility_tunneler_vs_phase_player,16,player,utility_tunneler,2,tunnel_extend,"(-3, 3)","(-3, 2)",,0.1663,0.3726,0.2063,F,resource_fit:0.1000|tunnel_access_gain:0.0000|enemy_tunnel_threat:0.0511|own_tunnel_pressure:-0.0750|collapse_risk:-0.0000|territory_pressure:0.0901|opportunity_cost:-0.2063
4,utility_tunneler_vs_phase_player,16,player,utility_tunneler,2,tunnel_extend,"(-2, 2)","(-3, 2)",,0.1663,0.3726,0.2063,F,resource_fit:0.1000|tunnel_access_gain:0.0000|enemy_tunnel_threat:0.0511|own_tunnel_pressure:-0.0750|collapse_risk:-0.0000|territory_pressure:0.0901|opportunity_cost:-0.2063
4,utility_tunneler_vs_phase_player,16,player,utility_tunneler,2,tunnel_extend,"(-3, 2)","(-3, 3)",,0.2163,0.3726,0.1563,F,resource_fit:0.1000|tunnel_access_gain:0.0000|enemy_tunnel_threat:0.0511|own_tunnel_pressure:-0.0250|collapse_risk:-0.0000|territory_pressure:0.0901|opportunity_cost:-0.1563
4,utility_tunneler_vs_phase_player,16,player,utility_tunneler,2,tunnel_extend,"(-2, 2)","(-3, 3)",,0.2163,0.3726,0.1563,F,resource_fit:0.1000|tunnel_access_gain:0.0000|enemy_tunnel_threat:0.0511|own_tunnel_pressure:-0.0250|collapse_risk:-0.0000|territory_pressure:0.0901|opportunity_cost:-0.1563
4,utility_tunneler_vs_phase_player,16,player,utility_tunneler,2,tunnel_extend,"(-2, 3)","(-3, 3)",,0.2163,0.3726,0.1563,F,resource_fit:0.1000|tunnel_access_gain:0.0000|enemy_tunnel_threat:0.0511|own_tunnel_pressure:-0.0250|collapse_risk:-0.0000|territory_pressure:0.0901|opportunity_cost:-0.1563
4,utility_tunneler_vs_phase_player,16,player,utility_tunneler,2,tunnel_extend,"(-1, -1)","(-2, -1)",,0.2246,0.3726,0.148,F,resource_fit:0.1000|tunnel_access_gain:0.0583|enemy_tunnel_threat:0.0511|own_tunnel_pressure:-0.0750|collapse_risk:-0.0000|territory_pressure:0.0901|opportunity_cost:-0.1480
4,utility_tunneler_vs_phase_player,16,player,utility_tunneler,2,tunnel_extend,"(-3, 1)","(-2, 0)",,0.1913,0.3726,0.1813,F,resource_fit:0.1000|tunnel_access_gain:0.0000|enemy_tunnel_threat:0.0511|own_tunnel_pressure:-0.0500|collapse_risk:-0.0000|territory_pressure:0.0901|opportunity_cost:-0.1813
4,utility_tunneler_vs_phase_player,16,player,utility_tunneler,2,tunnel_extend,"(-2, 1)","(-2, 0)",,0.1913,0.3726,0.1813,F,resource_fit:0.1000|tunnel_access_gain:0.0000|enemy_tunnel_threat:0.0511|own_tunnel_pressure:-0.0500|collapse_risk:-0.0000|territory_pressure:0.0901|opportunity_cost:-0.1813
4,utility_tunneler_vs_phase_player,16,player,utility_tunneler,2,tunnel_extend,"(-1, -1)","(-2, 0)",,0.2496,0.3726,0.123,F,resource_fit:0.1000|tunnel_access_gain:0.0583|enemy_tunnel_threat:0.0511|own_tunnel_pressure:-0.0500|collapse_risk:-0.0000|territory_pressure:0.0901|opportunity_cost:-0.1230
4,utility_tunneler_vs_phase_player,16,player,utility_tunneler,2,tunnel_extend,"(-1, 0)","(-2, 0)",,0.2496,0.3726,0.123,F,resource_fit:0.1000|tunnel_access_gain:0.0583|enemy_tunnel_threat:0.0511|own_tunnel_pressure:-0.0500|collapse_risk:-0.0000|territory_pressure:0.0901|opportunity_cost:-0.1230
4,utility_tunneler_vs_phase_player,16,player,utility_tunneler,2,tunnel_extend,"(-3, 1)","(-2, 1)",,0.1913,0.3726,0.1813,F,resource_fit:0.1000|tunnel_access_gain:0.0000|enemy_tunnel_threat:0.0511|own_tunnel_pressure:-0.0500|collapse_risk:-0.0000|territory_pressure:0.0901|opportunity_cost:-0.1813
4,utility_tunneler_vs_phase_player,16,player,utility_tunneler,2,tunnel_extend,"(-2, 0)","(-2, 1)",,0.1913,0.3726,0.1813,F,resource_fit:0.1000|tunnel_access_gain:0.0000|enemy_tunnel_threat:0.0511|own_tunnel_pressure:-0.0500|collapse_risk:-0.0000|territory_pressure:0.0901|opportunity_cost:-0.1813
4,utility_tunneler_vs_phase_player,16,player,utility_tunneler,2,tunnel_extend,"(-2, 2)","(-2, 1)",,0.1913,0.3726,0.1813,F,resource_fit:0.1000|tunnel_access_gain:0.0000|enemy_tunnel_threat:0.0511|own_tunnel_pressure:-0.0500|collapse_risk:-0.0000|territory_pressure:0.0901|opportunity_cost:-0.1813
4,utility_tunneler_vs_phase_player,16,player,utility_tunneler,2,tunnel_extend,"(-1, 0)","(-2, 1)",,0.2496,0.3726,0.123,F,resource_fit:0.1000|tunnel_access_gain:0.0583|enemy_tunnel_threat:0.0511|own_tunnel_pressure:-0.0500|collapse_risk:-0.0000|territory_pressure:0.0901|opportunity_cost:-0.1230
4,utility_tunneler_vs_phase_player,16,player,utility_tunneler,2,tunnel_extend,"(-1, 1)","(-2, 1)",,0.2496,0.3726,0.123,F,resource_fit:0.1000|tunnel_access_gain:0.0583|enemy_tunnel_threat:0.0511|own_tunnel_pressure:-0.0500|collapse_risk:-0.0000|territory_pressure:0.0901|opportunity_cost:-0.1230
4,utility_tunneler_vs_phase_player,16,player,utility_tunneler,2,tunnel_extend,"(-3, 2)","(-2, 2)",,0.2163,0.3726,0.1563,F,resource_fit:0.1000|tunnel_access_gain:0.0000|enemy_tunnel_threat:0.0511|own_tunnel_pressure:-0.0250|collapse_risk:-0.0000|territory_pressure:0.0901|opportunity_cost:-0.1563
4,utility_tunneler_vs_phase_player,16,player,utility_tunneler,2,tunnel_extend,"(-3, 3)","(-2, 2)",,0.2163,0.3726,0.1563,F,resource_fit:0.1000|tunnel_access_gain:0.0000|enemy_tunnel_threat:0.0511|own_tunnel_pressure:-0.0250|collapse_risk:-0.0000|territory_pressure:0.0901|opportunity_cost:-0.1563
4,utility_tunneler_vs_phase_player,16,player,utility_tunneler,2,tunnel_extend,"(-2, 1)","(-2, 2)",,0.2163,0.3726,0.1563,F,resource_fit:0.1000|tunnel_access_gain:0.0000|enemy_tunnel_threat:0.0511|own_tunnel_pressure:-0.0250|collapse_risk:-0.0000|territory_pressure:0.0901|opportunity_cost:-0.1563
4,utility_tunneler_vs_phase_player,16,player,utility_tunneler,2,tunnel_extend,"(-2, 3)","(-2, 2)",,0.2163,0.3726,0.1563,F,resource_fit:0.1000|tunnel_access_gain:0.0000|enemy_tunnel_threat:0.0511|own_tunnel_pressure:-0.0250|collapse_risk:-0.0000|territory_pressure:0.0901|opportunity_cost:-0.1563
4,utility_tunneler_vs_phase_player,16,player,utility_tunneler,2,tunnel_extend,"(-1, 1)","(-2, 2)",,0.2746,0.3726,0.098,F,resource_fit:0.1000|tunnel_access_gain:0.0583|enemy_tunnel_threat:0.0511|own_tunnel_pressure:-0.0250|collapse_risk:-0.0000|territory_pressure:0.0901|opportunity_cost:-0.0980
4,utility_tunneler_vs_phase_player,16,player,utility_tunneler,2,tunnel_extend,"(-1, 2)","(-2, 2)",,0.2746,0.3726,0.098,F,resource_fit:0.1000|tunnel_access_gain:0.0583|enemy_tunnel_threat:0.0511|own_tunnel_pressure:-0.0250|collapse_risk:-0.0000|territory_pressure:0.0901|opportunity_cost:-0.0980
4,utility_tunneler_vs_phase_player,16,player,utility_tunneler,2,tunnel_extend,"(-3, 3)","(-2, 3)",,0.2163,0.3726,0.1563,F,resource_fit:0.1000|tunnel_access_gain:0.0000|enemy_tunnel_threat:0.0511|own_tunnel_pressure:-0.0250|collapse_risk:-0.0000|territory_pressure:0.0901|opportunity_cost:-0.1563
4,utility_tunneler_vs_phase_player,16,player,utility_tunneler,2,tunnel_extend,"(-2, 2)","(-2, 3)",,0.2163,0.3726,0.1563,F,resource_fit:0.1000|tunnel_access_gain:0.0000|enemy_tunnel_threat:0.0511|own_tunnel_pressure:-0.0250|collapse_risk:-0.0000|territory_pressure:0.0901|opportunity_cost:-0.1563
4,utility_tunneler_vs_phase_player,16,player,utility_tunneler,2,tunnel_extend,"(-1, 2)","(-2, 3)",,0.2746,0.3726,0.098,F,resource_fit:0.1000|tunnel_access_gain:0.0583|enemy_tunnel_threat:0.0511|own_tunnel_pressure:-0.0250|collapse_risk:-0.0000|territory_pressure:0.0901|opportunity_cost:-0.0980
4,utility_tunneler_vs_phase_player,16,player,utility_tunneler,2,tunnel_extend,"(-1, 3)","(-2, 3)",,0.2746,0.3726,0.098,F,resource_fit:0.1000|tunnel_access_gain:0.0583|enemy_tunnel_threat:0.0511|own_tunnel_pressure:-0.0250|collapse_risk:-0.0000|territory_pressure:0.0901|opportunity_cost:-0.0980
4,utility_tunneler_vs_phase_player,16,player,utility_tunneler,2,tunnel_extend,"(-1, -1)","(-1, -2)",,0.2746,0.3726,0.098,F,resource_fit:0.1000|tunnel_access_gain:0.0583|enemy_tunnel_threat:0.0511|own_tunnel_pressure:-0.0250|collapse_risk:-0.0000|territory_pressure:0.0901|opportunity_cost:-0.0980
4,utility_tunneler_vs_phase_player,16,player,utility_tunneler,2,tunnel_extend,"(0, -3)","(-1, -2)",,0.2746,0.3726,0.098,F,resource_fit:0.1000|tunnel_access_gain:0.0583|enemy_tunnel_threat:0.0511|own_tunnel_pressure:-0.0250|collapse_risk:-0.0000|territory_pressure:0.0901|opportunity_cost:-0.0980
4,utility_tunneler_vs_phase_player,16,player,utility_tunneler,2,tunnel_extend,"(0, -2)","(-1, -2)",,0.2746,0.3726,0.098,F,resource_fit:0.1000|tunnel_access_gain:0.0583|enemy_tunnel_threat:0.0511|own_tunnel_pressure:-0.0250|collapse_risk:-0.0000|territory_pressure:0.0901|opportunity_cost:-0.0980
4,utility_tunneler_vs_phase_player,16,player,utility_tunneler,2,tunnel_raid,"(-1, -2)",,,0.5029,0.3726,0.0,T,resource_fit:0.0750|enemy_tunnel_threat:0.0341|raid_value:0.3262|territory_pressure:0.0676|opportunity_cost:-0.0000
4,utility_tunneler_vs_phase_player,16,player,utility_tunneler,2,wait,,,,0.0,0.3726,0.3726,F,opportunity_cost:-0.3726
4,utility_tunneler_vs_phase_player,16,player,utility_tunneler,3,tunnel_entrance,"(-1, 3)",,,0.2783,0.3726,0.0943,T,resource_fit:0.1146|tunnel_access_gain:0.0500|enemy_tunnel_threat:0.0333|collapse_risk:-0.0000|territory_pressure:0.0804|opportunity_cost:-0.0943
4,utility_tunneler_vs_phase_player,16,player,utility_tunneler,3,tunnel_extend,"(-2, 0)","(-3, 1)",,0.1804,0.3726,0.1922,F,resource_fit:0.1000|tunnel_access_gain:0.0000|enemy_tunnel_threat:0.0500|own_tunnel_pressure:-0.0500|collapse_risk:-0.0000|territory_pressure:0.0804|opportunity_cost:-0.1922
4,utility_tunneler_vs_phase_player,16,player,utility_tunneler,3,tunnel_extend,"(-2, 1)","(-3, 1)",,0.1804,0.3726,0.1922,F,resource_fit:0.1000|tunnel_access_gain:0.0000|enemy_tunnel_threat:0.0500|own_tunnel_pressure:-0.0500|collapse_risk:-0.0000|territory_pressure:0.0804|opportunity_cost:-0.1922
4,utility_tunneler_vs_phase_player,16,player,utility_tunneler,3,tunnel_extend,"(-3, 3)","(-3, 2)",,0.1554,0.3726,0.2172,F,resource_fit:0.1000|tunnel_access_gain:0.0000|enemy_tunnel_threat:0.0500|own_tunnel_pressure:-0.0750|collapse_risk:-0.0000|territory_pressure:0.0804|opportunity_cost:-0.2172
4,utility_tunneler_vs_phase_player,16,player,utility_tunneler,3,tunnel_extend,"(-2, 2)","(-3, 2)",,0.1554,0.3726,0.2172,F,resource_fit:0.1000|tunnel_access_gain:0.0000|enemy_tunnel_threat:0.0500|own_tunnel_pressure:-0.0750|collapse_risk:-0.0000|territory_pressure:0.0804|opportunity_cost:-0.2172
4,utility_tunneler_vs_phase_player,16,player,utility_tunneler,3,tunnel_extend,"(-3, 2)","(-3, 3)",,0.2054,0.3726,0.1672,F,resource_fit:0.1000|tunnel_access_gain:0.0000|enemy_tunnel_threat:0.0500|own_tunnel_pressure:-0.0250|collapse_risk:-0.0000|territory_pressure:0.0804|opportunity_cost:-0.1672
4,utility_tunneler_vs_phase_player,16,player,utility_tunneler,3,tunnel_extend,"(-2, 2)","(-3, 3)",,0.2054,0.3726,0.1672,F,resource_fit:0.1000|tunnel_access_gain:0.0000|enemy_tunnel_threat:0.0500|own_tunnel_pressure:-0.0250|collapse_risk:-0.0000|territory_pressure:0.0804|opportunity_cost:-0.1672
4,utility_tunneler_vs_phase_player,16,player,utility_tunneler,3,tunnel_extend,"(-2, 3)","(-3, 3)",,0.2054,0.3726,0.1672,F,resource_fit:0.1000|tunnel_access_gain:0.0000|enemy_tunnel_threat:0.0500|own_tunnel_pressure:-0.0250|collapse_risk:-0.0000|territory_pressure:0.0804|opportunity_cost:-0.1672
4,utility_tunneler_vs_phase_player,16,player,utility_tunneler,3,tunnel_extend,"(-1, -1)","(-2, -1)",,0.2137,0.3726,0.1588,F,resource_fit:0.1000|tunnel_access_gain:0.0583|enemy_tunnel_threat:0.0500|own_tunnel_pressure:-0.0750|collapse_risk:-0.0000|territory_pressure:0.0804|opportunity_cost:-0.1588
4,utility_tunneler_vs_phase_player,16,player,utility_tunneler,3,tunnel_extend,"(-3, 1)","(-2, 0)",,0.1804,0.3726,0.1922,F,resource_fit:0.1000|tunnel_access_gain:0.0000|enemy_tunnel_threat:0.0500|own_tunnel_pressure:-0.0500|collapse_risk:-0.0000|territory_pressure:0.0804|opportunity_cost:-0.1922
4,utility_tunneler_vs_phase_player,16,player,utility_tunneler,3,tunnel_extend,"(-2, 1)","(-2, 0)",,0.1804,0.3726,0.1922,F,resource_fit:0.1000|tunnel_access_gain:0.0000|enemy_tunnel_threat:0.0500|own_tunnel_pressure:-0.0500|collapse_risk:-0.0000|territory_pressure:0.0804|opportunity_cost:-0.1922
4,utility_tunneler_vs_phase_player,16,player,utility_tunneler,3,tunnel_extend,"(-1, -1)","(-2, 0)",,0.2387,0.3726,0.1338,F,resource_fit:0.1000|tunnel_access_gain:0.0583|enemy_tunnel_threat:0.0500|own_tunnel_pressure:-0.0500|collapse_risk:-0.0000|territory_pressure:0.0804|opportunity_cost:-0.1338
4,utility_tunneler_vs_phase_player,16,player,utility_tunneler,3,tunnel_extend,"(-1, 0)","(-2, 0)",,0.2387,0.3726,0.1338,F,resource_fit:0.1000|tunnel_access_gain:0.0583|enemy_tunnel_threat:0.0500|own_tunnel_pressure:-0.0500|collapse_risk:-0.0000|territory_pressure:0.0804|opportunity_cost:-0.1338
4,utility_tunneler_vs_phase_player,16,player,utility_tunneler,3,tunnel_extend,"(-3, 1)","(-2, 1)",,0.1804,0.3726,0.1922,F,resource_fit:0.1000|tunnel_access_gain:0.0000|enemy_tunnel_threat:0.0500|own_tunnel_pressure:-0.0500|collapse_risk:-0.0000|territory_pressure:0.0804|opportunity_cost:-0.1922
4,utility_tunneler_vs_phase_player,16,player,utility_tunneler,3,tunnel_extend,"(-2, 0)","(-2, 1)",,0.1804,0.3726,0.1922,F,resource_fit:0.1000|tunnel_access_gain:0.0000|enemy_tunnel_threat:0.0500|own_tunnel_pressure:-0.0500|collapse_risk:-0.0000|territory_pressure:0.0804|opportunity_cost:-0.1922
4,utility_tunneler_vs_phase_player,16,player,utility_tunneler,3,tunnel_extend,"(-2, 2)","(-2, 1)",,0.1804,0.3726,0.1922,F,resource_fit:0.1000|tunnel_access_gain:0.0000|enemy_tunnel_threat:0.0500|own_tunnel_pressure:-0.0500|collapse_risk:-0.0000|territory_pressure:0.0804|opportunity_cost:-0.1922
4,utility_tunneler_vs_phase_player,16,player,utility_tunneler,3,tunnel_extend,"(-1, 0)","(-2, 1)",,0.2387,0.3726,0.1338,F,resource_fit:0.1000|tunnel_access_gain:0.0583|enemy_tunnel_threat:0.0500|own_tunnel_pressure:-0.0500|collapse_risk:-0.0000|territory_pressure:0.0804|opportunity_cost:-0.1338
4,utility_tunneler_vs_phase_player,16,player,utility_tunneler,3,tunnel_extend,"(-1, 1)","(-2, 1)",,0.2387,0.3726,0.1338,F,resource_fit:0.1000|tunnel_access_gain:0.0583|enemy_tunnel_threat:0.0500|own_tunnel_pressure:-0.0500|collapse_risk:-0.0000|territory_pressure:0.0804|opportunity_cost:-0.1338
4,utility_tunneler_vs_phase_player,16,player,utility_tunneler,3,tunnel_extend,"(-3, 2)","(-2, 2)",,0.2054,0.3726,0.1672,F,resource_fit:0.1000|tunnel_access_gain:0.0000|enemy_tunnel_threat:0.0500|own_tunnel_pressure:-0.0250|collapse_risk:-0.0000|territory_pressure:0.0804|opportunity_cost:-0.1672
4,utility_tunneler_vs_phase_player,16,player,utility_tunneler,3,tunnel_extend,"(-3, 3)","(-2, 2)",,0.2054,0.3726,0.1672,F,resource_fit:0.1000|tunnel_access_gain:0.0000|enemy_tunnel_threat:0.0500|own_tunnel_pressure:-0.0250|collapse_risk:-0.0000|territory_pressure:0.0804|opportunity_cost:-0.1672
4,utility_tunneler_vs_phase_player,16,player,utility_tunneler,3,tunnel_extend,"(-2, 1)","(-2, 2)",,0.2054,0.3726,0.1672,F,resource_fit:0.1000|tunnel_access_gain:0.0000|enemy_tunnel_threat:0.0500|own_tunnel_pressure:-0.0250|collapse_risk:-0.0000|territory_pressure:0.0804|opportunity_cost:-0.1672
4,utility_tunneler_vs_phase_player,16,player,utility_tunneler,3,tunnel_extend,"(-2, 3)","(-2, 2)",,0.2054,0.3726,0.1672,F,resource_fit:0.1000|tunnel_access_gain:0.0000|enemy_tunnel_threat:0.0500|own_tunnel_pressure:-0.0250|collapse_risk:-0.0000|territory_pressure:0.0804|opportunity_cost:-0.1672
4,utility_tunneler_vs_phase_player,16,player,utility_tunneler,3,tunnel_extend,"(-1, 1)","(-2, 2)",,0.2637,0.3726,0.1088,F,resource_fit:0.1000|tunnel_access_gain:0.0583|enemy_tunnel_threat:0.0500|own_tunnel_pressure:-0.0250|collapse_risk:-0.0000|territory_pressure:0.0804|opportunity_cost:-0.1088
4,utility_tunneler_vs_phase_player,16,player,utility_tunneler,3,tunnel_extend,"(-1, 2)","(-2, 2)",,0.2637,0.3726,0.1088,F,resource_fit:0.1000|tunnel_access_gain:0.0583|enemy_tunnel_threat:0.0500|own_tunnel_pressure:-0.0250|collapse_risk:-0.0000|territory_pressure:0.0804|opportunity_cost:-0.1088
4,utility_tunneler_vs_phase_player,16,player,utility_tunneler,3,tunnel_extend,"(-3, 3)","(-2, 3)",,0.2054,0.3726,0.1672,F,resource_fit:0.1000|tunnel_access_gain:0.0000|enemy_tunnel_threat:0.0500|own_tunnel_pressure:-0.0250|collapse_risk:-0.0000|territory_pressure:0.0804|opportunity_cost:-0.1672
4,utility_tunneler_vs_phase_player,16,player,utility_tunneler,3,tunnel_extend,"(-2, 2)","(-2, 3)",,0.2054,0.3726,0.1672,F,resource_fit:0.1000|tunnel_access_gain:0.0000|enemy_tunnel_threat:0.0500|own_tunnel_pressure:-0.0250|collapse_risk:-0.0000|territory_pressure:0.0804|opportunity_cost:-0.1672
4,utility_tunneler_vs_phase_player,16,player,utility_tunneler,3,tunnel_extend,"(-1, 2)","(-2, 3)",,0.2637,0.3726,0.1088,F,resource_fit:0.1000|tunnel_access_gain:0.0583|enemy_tunnel_threat:0.0500|own_tunnel_pressure:-0.0250|collapse_risk:-0.0000|territory_pressure:0.0804|opportunity_cost:-0.1088
4,utility_tunneler_vs_phase_player,16,player,utility_tunneler,3,tunnel_extend,"(-1, 3)","(-2, 3)",,0.2637,0.3726,0.1088,F,resource_fit:0.1000|tunnel_access_gain:0.0583|enemy_tunnel_threat:0.0500|own_tunnel_pressure:-0.0250|collapse_risk:-0.0000|territory_pressure:0.0804|opportunity_cost:-0.1088
4,utility_tunneler_vs_phase_player,16,player,utility_tunneler,3,tunnel_extend,"(-1, -1)","(-1, -2)",,0.2637,0.3726,0.1088,F,resource_fit:0.1000|tunnel_access_gain:0.0583|enemy_tunnel_threat:0.0500|own_tunnel_pressure:-0.0250|collapse_risk:-0.0000|territory_pressure:0.0804|opportunity_cost:-0.1088
4,utility_tunneler_vs_phase_player,16,player,utility_tunneler,3,tunnel_extend,"(0, -3)","(-1, -2)",,0.2637,0.3726,0.1088,F,resource_fit:0.1000|tunnel_access_gain:0.0583|enemy_tunnel_threat:0.0500|own_tunnel_pressure:-0.0250|collapse_risk:-0.0000|territory_pressure:0.0804|opportunity_cost:-0.1088
4,utility_tunneler_vs_phase_player,16,player,utility_tunneler,3,tunnel_extend,"(0, -2)","(-1, -2)",,0.2637,0.3726,0.1088,F,resource_fit:0.1000|tunnel_access_gain:0.0583|enemy_tunnel_threat:0.0500|own_tunnel_pressure:-0.0250|collapse_risk:-0.0000|territory_pressure:0.0804|opportunity_cost:-0.1088
4,utility_tunneler_vs_phase_player,16,player,utility_tunneler,3,wait,,,,0.0,0.3726,0.3726,F,opportunity_cost:-0.3726
4,utility_tunneler_vs_phase_player,17,player,utility_tunneler,1,tunnel_entrance,"(-1, -2)",,,0.3616,1.1694,0.8078,F,resource_fit:0.1458|tunnel_access_gain:0.1000|enemy_tunnel_threat:0.0354|collapse_risk:-0.0000|territory_pressure:0.0804|opportunity_cost:-0.8078
4,utility_tunneler_vs_phase_player,17,player,utility_tunneler,1,tunnel_entrance,"(-1, -1)",,,0.4116,1.1694,0.7578,F,resource_fit:0.1458|tunnel_access_gain:0.1500|enemy_tunnel_threat:0.0354|collapse_risk:-0.0000|territory_pressure:0.0804|opportunity_cost:-0.7578
4,utility_tunneler_vs_phase_player,17,player,utility_tunneler,1,tunnel_extend,"(-2, 0)","(-3, 1)",,0.2085,1.1694,0.9609,F,resource_fit:0.1250|tunnel_access_gain:0.0000|enemy_tunnel_threat:0.0531|own_tunnel_pressure:-0.0500|collapse_risk:-0.0000|territory_pressure:0.0804|opportunity_cost:-0.9609
4,utility_tunneler_vs_phase_player,17,player,utility_tunneler,1,tunnel_extend,"(-2, 1)","(-3, 1)",,0.2085,1.1694,0.9609,F,resource_fit:0.1250|tunnel_access_gain:0.0000|enemy_tunnel_threat:0.0531|own_tunnel_pressure:-0.0500|collapse_risk:-0.0000|territory_pressure:0.0804|opportunity_cost:-0.9609
4,utility_tunneler_vs_phase_player,17,player,utility_tunneler,1,tunnel_extend,"(-3, 3)","(-3, 2)",,0.1835,1.1694,0.9859,F,resource_fit:0.1250|tunnel_access_gain:0.0000|enemy_tunnel_threat:0.0531|own_tunnel_pressure:-0.0750|collapse_risk:-0.0000|territory_pressure:0.0804|opportunity_cost:-0.9859
4,utility_tunneler_vs_phase_player,17,player,utility_tunneler,1,tunnel_extend,"(-2, 2)","(-3, 2)",,0.1835,1.1694,0.9859,F,resource_fit:0.1250|tunnel_access_gain:0.0000|enemy_tunnel_threat:0.0531|own_tunnel_pressure:-0.0750|collapse_risk:-0.0000|territory_pressure:0.0804|opportunity_cost:-0.9859
4,utility_tunneler_vs_phase_player,17,player,utility_tunneler,1,tunnel_extend,"(-3, 2)","(-3, 3)",,0.2335,1.1694,0.9359,F,resource_fit:0.1250|tunnel_access_gain:0.0000|enemy_tunnel_threat:0.0531|own_tunnel_pressure:-0.0250|collapse_risk:-0.0000|territory_pressure:0.0804|opportunity_cost:-0.9359
4,utility_tunneler_vs_phase_player,17,player,utility_tunneler,1,tunnel_extend,"(-2, 2)","(-3, 3)",,0.2335,1.1694,0.9359,F,resource_fit:0.1250|tunnel_access_gain:0.0000|enemy_tunnel_threat:0.0531|own_tunnel_pressure:-0.0250|collapse_risk:-0.0000|territory_pressure:0.0804|opportunity_cost:-0.9359
4,utility_tunneler_vs_phase_player,17,player,utility_tunneler,1,tunnel_extend,"(-2, 3)","(-3, 3)",,0.2335,1.1694,0.9359,F,resource_fit:0.1250|tunnel_access_gain:0.0000|enemy_tunnel_threat:0.0531|own_tunnel_pressure:-0.0250|collapse_risk:-0.0000|territory_pressure:0.0804|opportunity_cost:-0.9359
4,utility_tunneler_vs_phase_player,17,player,utility_tunneler,1,tunnel_extend,"(-1, -1)","(-2, -1)",,0.2418,1.1694,0.9276,F,resource_fit:0.1250|tunnel_access_gain:0.0583|enemy_tunnel_threat:0.0531|own_tunnel_pressure:-0.0750|collapse_risk:-0.0000|territory_pressure:0.0804|opportunity_cost:-0.9276
4,utility_tunneler_vs_phase_player,17,player,utility_tunneler,1,tunnel_extend,"(-3, 1)","(-2, 0)",,0.2085,1.1694,0.9609,F,resource_fit:0.1250|tunnel_access_gain:0.0000|enemy_tunnel_threat:0.0531|own_tunnel_pressure:-0.0500|collapse_risk:-0.0000|territory_pressure:0.0804|opportunity_cost:-0.9609
4,utility_tunneler_vs_phase_player,17,player,utility_tunneler,1,tunnel_extend,"(-2, 1)","(-2, 0)",,0.2085,1.1694,0.9609,F,resource_fit:0.1250|tunnel_access_gain:0.0000|enemy_tunnel_threat:0.0531|own_tunnel_pressure:-0.0500|collapse_risk:-0.0000|territory_pressure:0.0804|opportunity_cost:-0.9609
4,utility_tunneler_vs_phase_player,17,player,utility_tunneler,1,tunnel_extend,"(-1, -1)","(-2, 0)",,0.2668,1.1694,0.9026,F,resource_fit:0.1250|tunnel_access_gain:0.0583|enemy_tunnel_threat:0.0531|own_tunnel_pressure:-0.0500|collapse_risk:-0.0000|territory_pressure:0.0804|opportunity_cost:-0.9026
4,utility_tunneler_vs_phase_player,17,player,utility_tunneler,1,tunnel_extend,"(-1, 0)","(-2, 0)",,0.2668,1.1694,0.9026,F,resource_fit:0.1250|tunnel_access_gain:0.0583|enemy_tunnel_threat:0.0531|own_tunnel_pressure:-0.0500|collapse_risk:-0.0000|territory_pressure:0.0804|opportunity_cost:-0.9026
4,utility_tunneler_vs_phase_player,17,player,utility_tunneler,1,tunnel_extend,"(-3, 1)","(-2, 1)",,0.2085,1.1694,0.9609,F,resource_fit:0.1250|tunnel_access_gain:0.0000|enemy_tunnel_threat:0.0531|own_tunnel_pressure:-0.0500|collapse_risk:-0.0000|territory_pressure:0.0804|opportunity_cost:-0.9609
4,utility_tunneler_vs_phase_player,17,player,utility_tunneler,1,tunnel_extend,"(-2, 0)","(-2, 1)",,0.2085,1.1694,0.9609,F,resource_fit:0.1250|tunnel_access_gain:0.0000|enemy_tunnel_threat:0.0531|own_tunnel_pressure:-0.0500|collapse_risk:-0.0000|territory_pressure:0.0804|opportunity_cost:-0.9609
4,utility_tunneler_vs_phase_player,17,player,utility_tunneler,1,tunnel_extend,"(-2, 2)","(-2, 1)",,0.2085,1.1694,0.9609,F,resource_fit:0.1250|tunnel_access_gain:0.0000|enemy_tunnel_threat:0.0531|own_tunnel_pressure:-0.0500|collapse_risk:-0.0000|territory_pressure:0.0804|opportunity_cost:-0.9609
4,utility_tunneler_vs_phase_player,17,player,utility_tunneler,1,tunnel_extend,"(-1, 0)","(-2, 1)",,0.2668,1.1694,0.9026,F,resource_fit:0.1250|tunnel_access_gain:0.0583|enemy_tunnel_threat:0.0531|own_tunnel_pressure:-0.0500|collapse_risk:-0.0000|territory_pressure:0.0804|opportunity_cost:-0.9026
4,utility_tunneler_vs_phase_player,17,player,utility_tunneler,1,tunnel_extend,"(-1, 1)","(-2, 1)",,0.2668,1.1694,0.9026,F,resource_fit:0.1250|tunnel_access_gain:0.0583|enemy_tunnel_threat:0.0531|own_tunnel_pressure:-0.0500|collapse_risk:-0.0000|territory_pressure:0.0804|opportunity_cost:-0.9026
4,utility_tunneler_vs_phase_player,17,player,utility_tunneler,1,tunnel_extend,"(-3, 2)","(-2, 2)",,0.2335,1.1694,0.9359,F,resource_fit:0.1250|tunnel_access_gain:0.0000|enemy_tunnel_threat:0.0531|own_tunnel_pressure:-0.0250|collapse_risk:-0.0000|territory_pressure:0.0804|opportunity_cost:-0.9359
4,utility_tunneler_vs_phase_player,17,player,utility_tunneler,1,tunnel_extend,"(-3, 3)","(-2, 2)",,0.2335,1.1694,0.9359,F,resource_fit:0.1250|tunnel_access_gain:0.0000|enemy_tunnel_threat:0.0531|own_tunnel_pressure:-0.0250|collapse_risk:-0.0000|territory_pressure:0.0804|opportunity_cost:-0.9359
4,utility_tunneler_vs_phase_player,17,player,utility_tunneler,1,tunnel_extend,"(-2, 1)","(-2, 2)",,0.2335,1.1694,0.9359,F,resource_fit:0.1250|tunnel_access_gain:0.0000|enemy_tunnel_threat:0.0531|own_tunnel_pressure:-0.0250|collapse_risk:-0.0000|territory_pressure:0.0804|opportunity_cost:-0.9359
4,utility_tunneler_vs_phase_player,17,player,utility_tunneler,1,tunnel_extend,"(-2, 3)","(-2, 2)",,0.2335,1.1694,0.9359,F,resource_fit:0.1250|tunnel_access_gain:0.0000|enemy_tunnel_threat:0.0531|own_tunnel_pressure:-0.0250|collapse_risk:-0.0000|territory_pressure:0.0804|opportunity_cost:-0.9359
4,utility_tunneler_vs_phase_player,17,player,utility_tunneler,1,tunnel_extend,"(-1, 1)","(-2, 2)",,0.2918,1.1694,0.8776,F,resource_fit:0.1250|tunnel_access_gain:0.0583|enemy_tunnel_threat:0.0531|own_tunnel_pressure:-0.0250|collapse_risk:-0.0000|territory_pressure:0.0804|opportunity_cost:-0.8776
4,utility_tunneler_vs_phase_player,17,player,utility_tunneler,1,tunnel_extend,"(-1, 2)","(-2, 2)",,0.2918,1.1694,0.8776,F,resource_fit:0.1250|tunnel_access_gain:0.0583|enemy_tunnel_threat:0.0531|own_tunnel_pressure:-0.0250|collapse_risk:-0.0000|territory_pressure:0.0804|opportunity_cost:-0.8776
4,utility_tunneler_vs_phase_player,17,player,utility_tunneler,1,tunnel_extend,"(-3, 3)","(-2, 3)",,0.2335,1.1694,0.9359,F,resource_fit:0.1250|tunnel_access_gain:0.0000|enemy_tunnel_threat:0.0531|own_tunnel_pressure:-0.0250|collapse_risk:-0.0000|territory_pressure:0.0804|opportunity_cost:-0.9359
4,utility_tunneler_vs_phase_player,17,player,utility_tunneler,1,tunnel_extend,"(-2, 2)","(-2, 3)",,0.2335,1.1694,0.9359,F,resource_fit:0.1250|tunnel_access_gain:0.0000|enemy_tunnel_threat:0.0531|own_tunnel_pressure:-0.0250|collapse_risk:-0.0000|territory_pressure:0.0804|opportunity_cost:-0.9359
4,utility_tunneler_vs_phase_player,17,player,utility_tunneler,1,tunnel_extend,"(-1, 2)","(-2, 3)",,0.2918,1.1694,0.8776,F,resource_fit:0.1250|tunnel_access_gain:0.0583|enemy_tunnel_threat:0.0531|own_tunnel_pressure:-0.0250|collapse_risk:-0.0000|territory_pressure:0.0804|opportunity_cost:-0.8776
4,utility_tunneler_vs_phase_player,17,player,utility_tunneler,1,tunnel_extend,"(-1, 3)","(-2, 3)",,0.2335,1.1694,0.9359,F,resource_fit:0.1250|tunnel_access_gain:0.0000|enemy_tunnel_threat:0.0531|own_tunnel_pressure:-0.0250|collapse_risk:-0.0000|territory_pressure:0.0804|opportunity_cost:-0.9359
4,utility_tunneler_vs_phase_player,17,player,utility_tunneler,1,tunnel_extend,"(-1, -1)","(-1, -2)",,0.2918,1.1694,0.8776,F,resource_fit:0.1250|tunnel_access_gain:0.0583|enemy_tunnel_threat:0.0531|own_tunnel_pressure:-0.0250|collapse_risk:-0.0000|territory_pressure:0.0804|opportunity_cost:-0.8776
4,utility_tunneler_vs_phase_player,17,player,utility_tunneler,1,tunnel_extend,"(0, -3)","(-1, -2)",,0.2918,1.1694,0.8776,F,resource_fit:0.1250|tunnel_access_gain:0.0583|enemy_tunnel_threat:0.0531|own_tunnel_pressure:-0.0250|collapse_risk:-0.0000|territory_pressure:0.0804|opportunity_cost:-0.8776
4,utility_tunneler_vs_phase_player,17,player,utility_tunneler,1,tunnel_extend,"(0, -2)","(-1, -2)",,0.2918,1.1694,0.8776,F,resource_fit:0.1250|tunnel_access_gain:0.0583|enemy_tunnel_threat:0.0531|own_tunnel_pressure:-0.0250|collapse_risk:-0.0000|territory_pressure:0.0804|opportunity_cost:-0.8776
4,utility_tunneler_vs_phase_player,17,player,utility_tunneler,1,tunnel_extend,"(-2, 3)","(-1, 3)",,0.2335,1.1694,0.9359,F,resource_fit:0.1250|tunnel_access_gain:0.0000|enemy_tunnel_threat:0.0531|own_tunnel_pressure:-0.0250|collapse_risk:-0.0000|territory_pressure:0.0804|opportunity_cost:-0.9359
4,utility_tunneler_vs_phase_player,17,player,utility_tunneler,1,tunnel_extend,"(-1, 2)","(-1, 3)",,0.2918,1.1694,0.8776,F,resource_fit:0.1250|tunnel_access_gain:0.0583|enemy_tunnel_threat:0.0531|own_tunnel_pressure:-0.0250|collapse_risk:-0.0000|territory_pressure:0.0804|opportunity_cost:-0.8776
4,utility_tunneler_vs_phase_player,17,player,utility_tunneler,1,tunnel_extend,"(0, 2)","(-1, 3)",,0.2918,1.1694,0.8776,F,resource_fit:0.1250|tunnel_access_gain:0.0583|enemy_tunnel_threat:0.0531|own_tunnel_pressure:-0.0250|collapse_risk:-0.0000|territory_pressure:0.0804|opportunity_cost:-0.8776
4,utility_tunneler_vs_phase_player,17,player,utility_tunneler,1,wait,,,,0.0,1.1694,1.1694,F,opportunity_cost:-1.1694
4,utility_tunneler_vs_phase_player,17,player,utility_tunneler,2,wait,,,,0.0,0.7576,0.7576,F,opportunity_cost:-0.7576
4,utility_tunneler_vs_phase_player,17,player,utility_tunneler,3,wait,,,,0.0,0.7062,0.7062,F,opportunity_cost:-0.7062
4,utility_tunneler_vs_phase_player,18,player,utility_tunneler,1,tunnel_extend,"(-2, 0)","(-3, 1)",,0.2369,0.4685,0.2316,F,resource_fit:0.1167|tunnel_access_gain:0.0000|enemy_tunnel_threat:0.0562|own_tunnel_pressure:-0.0500|collapse_risk:-0.0000|territory_pressure:0.1140|opportunity_cost:-0.2316
4,utility_tunneler_vs_phase_player,18,player,utility_tunneler,1,tunnel_extend,"(-2, 1)","(-3, 1)",,0.2369,0.4685,0.2316,F,resource_fit:0.1167|tunnel_access_gain:0.0000|enemy_tunnel_threat:0.0562|own_tunnel_pressure:-0.0500|collapse_risk:-0.0000|territory_pressure:0.1140|opportunity_cost:-0.2316
4,utility_tunneler_vs_phase_player,18,player,utility_tunneler,1,tunnel_extend,"(-3, 3)","(-3, 2)",,0.2119,0.4685,0.2566,F,resource_fit:0.1167|tunnel_access_gain:0.0000|enemy_tunnel_threat:0.0562|own_tunnel_pressure:-0.0750|collapse_risk:-0.0000|territory_pressure:0.1140|opportunity_cost:-0.2566
4,utility_tunneler_vs_phase_player,18,player,utility_tunneler,1,tunnel_extend,"(-2, 2)","(-3, 2)",,0.2119,0.4685,0.2566,F,resource_fit:0.1167|tunnel_access_gain:0.0000|enemy_tunnel_threat:0.0562|own_tunnel_pressure:-0.0750|collapse_risk:-0.0000|territory_pressure:0.1140|opportunity_cost:-0.2566
4,utility_tunneler_vs_phase_player,18,player,utility_tunneler,1,tunnel_extend,"(-3, 2)","(-3, 3)",,0.2619,0.4685,0.2066,F,resource_fit:0.1167|tunnel_access_gain:0.0000|enemy_tunnel_threat:0.0562|own_tunnel_pressure:-0.0250|collapse_risk:-0.0000|territory_pressure:0.1140|opportunity_cost:-0.2066
4,utility_tunneler_vs_phase_player,18,player,utility_tunneler,1,tunnel_extend,"(-2, 2)","(-3, 3)",,0.2619,0.4685,0.2066,F,resource_fit:0.1167|tunnel_access_gain:0.0000|enemy_tunnel_threat:0.0562|own_tunnel_pressure:-0.0250|collapse_risk:-0.0000|territory_pressure:0.1140|opportunity_cost:-0.2066
4,utility_tunneler_vs_phase_player,18,player,utility_tunneler,1,tunnel_extend,"(-2, 3)","(-3, 3)",,0.3202,0.4685,0.1483,F,resource_fit:0.1167|tunnel_access_gain:0.0583|enemy_tunnel_threat:0.0562|own_tunnel_pressure:-0.0250|collapse_risk:-0.0000|territory_pressure:0.1140|opportunity_cost:-0.1483
4,utility_tunneler_vs_phase_player,18,player,utility_tunneler,1,tunnel_extend,"(-1, -1)","(-2, -1)",,0.2702,0.4685,0.1983,F,resource_fit:0.1167|tunnel_access_gain:0.0583|enemy_tunnel_threat:0.0562|own_tunnel_pressure:-0.0750|collapse_risk:-0.0000|territory_pressure:0.1140|opportunity_cost:-0.1983
4,utility_tunneler_vs_phase_player,18,player,utility_tunneler,1,tunnel_extend,"(-3, 1)","(-2, 0)",,0.2369,0.4685,0.2316,F,resource_fit:0.1167|tunnel_access_gain:0.0000|enemy_tunnel_threat:0.0562|own_tunnel_pressure:-0.0500|collapse_risk:-0.0000|territory_pressure:0.1140|opportunity_cost:-0.2316
4,utility_tunneler_vs_phase_player,18,player,utility_tunneler,1,tunnel_extend,"(-2, 1)","(-2, 0)",,0.2369,0.4685,0.2316,F,resource_fit:0.1167|tunnel_access_gain:0.0000|enemy_tunnel_threat:0.0562|own_tunnel_pressure:-0.0500|collapse_risk:-0.0000|territory_pressure:0.1140|opportunity_cost:-0.2316
4,utility_tunneler_vs_phase_player,18,player,utility_tunneler,1,tunnel_extend,"(-1, -1)","(-2, 0)",,0.2952,0.4685,0.1733,F,resource_fit:0.1167|tunnel_access_gain:0.0583|enemy_tunnel_threat:0.0562|own_tunnel_pressure:-0.0500|collapse_risk:-0.0000|territory_pressure:0.1140|opportunity_cost:-0.1733
4,utility_tunneler_vs_phase_player,18,player,utility_tunneler,1,tunnel_extend,"(-1, 0)","(-2, 0)",,0.2952,0.4685,0.1733,F,resource_fit:0.1167|tunnel_access_gain:0.0583|enemy_tunnel_threat:0.0562|own_tunnel_pressure:-0.0500|collapse_risk:-0.0000|territory_pressure:0.1140|opportunity_cost:-0.1733
4,utility_tunneler_vs_phase_player,18,player,utility_tunneler,1,tunnel_extend,"(-3, 1)","(-2, 1)",,0.2369,0.4685,0.2316,F,resource_fit:0.1167|tunnel_access_gain:0.0000|enemy_tunnel_threat:0.0562|own_tunnel_pressure:-0.0500|collapse_risk:-0.0000|territory_pressure:0.1140|opportunity_cost:-0.2316
4,utility_tunneler_vs_phase_player,18,player,utility_tunneler,1,tunnel_extend,"(-2, 0)","(-2, 1)",,0.2369,0.4685,0.2316,F,resource_fit:0.1167|tunnel_access_gain:0.0000|enemy_tunnel_threat:0.0562|own_tunnel_pressure:-0.0500|collapse_risk:-0.0000|territory_pressure:0.1140|opportunity_cost:-0.2316
4,utility_tunneler_vs_phase_player,18,player,utility_tunneler,1,tunnel_extend,"(-2, 2)","(-2, 1)",,0.2369,0.4685,0.2316,F,resource_fit:0.1167|tunnel_access_gain:0.0000|enemy_tunnel_threat:0.0562|own_tunnel_pressure:-0.0500|collapse_risk:-0.0000|territory_pressure:0.1140|opportunity_cost:-0.2316
4,utility_tunneler_vs_phase_player,18,player,utility_tunneler,1,tunnel_extend,"(-1, 0)","(-2, 1)",,0.2952,0.4685,0.1733,F,resource_fit:0.1167|tunnel_access_gain:0.0583|enemy_tunnel_threat:0.0562|own_tunnel_pressure:-0.0500|collapse_risk:-0.0000|territory_pressure:0.1140|opportunity_cost:-0.1733
4,utility_tunneler_vs_phase_player,18,player,utility_tunneler,1,tunnel_extend,"(-1, 1)","(-2, 1)",,0.2952,0.4685,0.1733,F,resource_fit:0.1167|tunnel_access_gain:0.0583|enemy_tunnel_threat:0.0562|own_tunnel_pressure:-0.0500|collapse_risk:-0.0000|territory_pressure:0.1140|opportunity_cost:-0.1733
4,utility_tunneler_vs_phase_player,18,player,utility_tunneler,1,tunnel_extend,"(-3, 2)","(-2, 2)",,0.2619,0.4685,0.2066,F,resource_fit:0.1167|tunnel_access_gain:0.0000|enemy_tunnel_threat:0.0562|own_tunnel_pressure:-0.0250|collapse_risk:-0.0000|territory_pressure:0.1140|opportunity_cost:-0.2066
4,utility_tunneler_vs_phase_player,18,player,utility_tunneler,1,tunnel_extend,"(-3, 3)","(-2, 2)",,0.2619,0.4685,0.2066,F,resource_fit:0.1167|tunnel_access_gain:0.0000|enemy_tunnel_threat:0.0562|own_tunnel_pressure:-0.0250|collapse_risk:-0.0000|territory_pressure:0.1140|opportunity_cost:-0.2066
4,utility_tunneler_vs_phase_player,18,player,utility_tunneler,1,tunnel_extend,"(-2, 1)","(-2, 2)",,0.2619,0.4685,0.2066,F,resource_fit:0.1167|tunnel_access_gain:0.0000|enemy_tunnel_threat:0.0562|own_tunnel_pressure:-0.0250|collapse_risk:-0.0000|territory_pressure:0.1140|opportunity_cost:-0.2066
4,utility_tunneler_vs_phase_player,18,player,utility_tunneler,1,tunnel_extend,"(-2, 3)","(-2, 2)",,0.3202,0.4685,0.1483,F,resource_fit:0.1167|tunnel_access_gain:0.0583|enemy_tunnel_threat:0.0562|own_tunnel_pressure:-0.0250|collapse_risk:-0.0000|territory_pressure:0.1140|opportunity_cost:-0.1483
4,utility_tunneler_vs_phase_player,18,player,utility_tunneler,1,tunnel_extend,"(-1, 1)","(-2, 2)",,0.3202,0.4685,0.1483,F,resource_fit:0.1167|tunnel_access_gain:0.0583|enemy_tunnel_threat:0.0562|own_tunnel_pressure:-0.0250|collapse_risk:-0.0000|territory_pressure:0.1140|opportunity_cost:-0.1483
4,utility_tunneler_vs_phase_player,18,player,utility_tunneler,1,tunnel_extend,"(-1, 2)","(-2, 2)",,0.3202,0.4685,0.1483,F,resource_fit:0.1167|tunnel_access_gain:0.0583|enemy_tunnel_threat:0.0562|own_tunnel_pressure:-0.0250|collapse_risk:-0.0000|territory_pressure:0.1140|opportunity_cost:-0.1483
4,utility_tunneler_vs_phase_player,18,player,utility_tunneler,1,tunnel_extend,"(-1, -1)","(-1, -2)",,0.3202,0.4685,0.1483,F,resource_fit:0.1167|tunnel_access_gain:0.0583|enemy_tunnel_threat:0.0562|own_tunnel_pressure:-0.0250|collapse_risk:-0.0000|territory_pressure:0.1140|opportunity_cost:-0.1483
4,utility_tunneler_vs_phase_player,18,player,utility_tunneler,1,tunnel_extend,"(0, -3)","(-1, -2)",,0.3202,0.4685,0.1483,F,resource_fit:0.1167|tunnel_access_gain:0.0583|enemy_tunnel_threat:0.0562|own_tunnel_pressure:-0.0250|collapse_risk:-0.0000|territory_pressure:0.1140|opportunity_cost:-0.1483
4,utility_tunneler_vs_phase_player,18,player,utility_tunneler,1,tunnel_extend,"(0, -2)","(-1, -2)",,0.3202,0.4685,0.1483,F,resource_fit:0.1167|tunnel_access_gain:0.0583|enemy_tunnel_threat:0.0562|own_tunnel_pressure:-0.0250|collapse_risk:-0.0000|territory_pressure:0.1140|opportunity_cost:-0.1483
4,utility_tunneler_vs_phase_player,18,player,utility_tunneler,1,tunnel_raid,"(-1, -2)",,,0.5167,0.4685,0.0,T,resource_fit:0.1125|enemy_tunnel_threat:0.0375|raid_value:0.2812|territory_pressure:0.0855|opportunity_cost:-0.0000
4,utility_tunneler_vs_phase_player,18,player,utility_tunneler,1,wait,,,,0.0,0.4685,0.4685,F,opportunity_cost:-0.4685
4,utility_tunneler_vs_phase_player,18,player,utility_tunneler,2,tunnel_extend,"(-2, 0)","(-3, 1)",,0.2254,0.4685,0.2431,F,resource_fit:0.1167|tunnel_access_gain:0.0000|enemy_tunnel_threat:0.0545|own_tunnel_pressure:-0.0500|collapse_risk:-0.0000|territory_pressure:0.1042|opportunity_cost:-0.2431
4,utility_tunneler_vs_phase_player,18,player,utility_tunneler,2,tunnel_extend,"(-2, 1)","(-3, 1)",,0.2254,0.4685,0.2431,F,resource_fit:0.1167|tunnel_access_gain:0.0000|enemy_tunnel_threat:0.0545|own_tunnel_pressure:-0.0500|collapse_risk:-0.0000|territory_pressure:0.1042|opportunity_cost:-0.2431
4,utility_tunneler_vs_phase_player,18,player,utility_tunneler,2,tunnel_extend,"(-3, 3)","(-3, 2)",,0.2004,0.4685,0.2681,F,resource_fit:0.1167|tunnel_access_gain:0.0000|enemy_tunnel_threat:0.0545|own_tunnel_pressure:-0.0750|collapse_risk:-0.0000|territory_pressure:0.1042|opportunity_cost:-0.2681
4,utility_tunneler_vs_phase_player,18,player,utility_tunneler,2,tunnel_extend,"(-2, 2)","(-3, 2)",,0.2004,0.4685,0.2681,F,resource_fit:0.1167|tunnel_access_gain:0.0000|enemy_tunnel_threat:0.0545|own_tunnel_pressure:-0.0750|collapse_risk:-0.0000|territory_pressure:0.1042|opportunity_cost:-0.2681
4,utility_tunneler_vs_phase_player,18,player,utility_tunneler,2,tunnel_extend,"(-3, 2)","(-3, 3)",,0.2504,0.4685,0.2181,F,resource_fit:0.1167|tunnel_access_gain:0.0000|enemy_tunnel_threat:0.0545|own_tunnel_pressure:-0.0250|collapse_risk:-0.0000|territory_pressure:0.1042|opportunity_cost:-0.2181
4,utility_tunneler_vs_phase_player,18,player,utility_tunneler,2,tunnel_extend,"(-2, 2)","(-3, 3)",,0.2504,0.4685,0.2181,F,resource_fit:0.1167|tunnel_access_gain:0.0000|enemy_tunnel_threat:0.0545|own_tunnel_pressure:-0.0250|collapse_risk:-0.0000|territory_pressure:0.1042|opportunity_cost:-0.2181
4,utility_tunneler_vs_phase_player,18,player,utility_tunneler,2,tunnel_extend,"(-2, 3)","(-3, 3)",,0.3088,0.4685,0.1597,F,resource_fit:0.1167|tunnel_access_gain:0.0583|enemy_tunnel_threat:0.0545|own_tunnel_pressure:-0.0250|collapse_risk:-0.0000|territory_pressure:0.1042|opportunity_cost:-0.1597
4,utility_tunneler_vs_phase_player,18,player,utility_tunneler,2,tunnel_extend,"(-1, -1)","(-2, -1)",,0.2588,0.4685,0.2097,F,resource_fit:0.1167|tunnel_access_gain:0.0583|enemy_tunnel_threat:0.0545|own_tunnel_pressure:-0.0750|collapse_risk:-0.0000|territory_pressure:0.1042|opportunity_cost:-0.2097
4,utility_tunneler_vs_phase_player,18,player,utility_tunneler,2,tunnel_extend,"(-3, 1)","(-2, 0)",,0.2254,0.4685,0.2431,F,resource_fit:0.1167|tunnel_access_gain:0.0000|enemy_tunnel_threat:0.0545|own_tunnel_pressure:-0.0500|collapse_risk:-0.0000|territory_pressure:0.1042|opportunity_cost:-0.2431
4,utility_tunneler_vs_phase_player,18,player,utility_tunneler,2,tunnel_extend,"(-2, 1)","(-2, 0)",,0.2254,0.4685,0.2431,F,resource_fit:0.1167|tunnel_access_gain:0.0000|enemy_tunnel_threat:0.0545|own_tunnel_pressure:-0.0500|collapse_risk:-0.0000|territory_pressure:0.1042|opportunity_cost:-0.2431
4,utility_tunneler_vs_phase_player,18,player,utility_tunneler,2,tunnel_extend,"(-1, -1)","(-2, 0)",,0.2838,0.4685,0.1847,F,resource_fit:0.1167|tunnel_access_gain:0.0583|enemy_tunnel_threat:0.0545|own_tunnel_pressure:-0.0500|collapse_risk:-0.0000|territory_pressure:0.1042|opportunity_cost:-0.1847
4,utility_tunneler_vs_phase_player,18,player,utility_tunneler,2,tunnel_extend,"(-1, 0)","(-2, 0)",,0.2838,0.4685,0.1847,F,resource_fit:0.1167|tunnel_access_gain:0.0583|enemy_tunnel_threat:0.0545|own_tunnel_pressure:-0.0500|collapse_risk:-0.0000|territory_pressure:0.1042|opportunity_cost:-0.1847
4,utility_tunneler_vs_phase_player,18,player,utility_tunneler,2,tunnel_extend,"(-3, 1)","(-2, 1)",,0.2254,0.4685,0.2431,F,resource_fit:0.1167|tunnel_access_gain:0.0000|enemy_tunnel_threat:0.0545|own_tunnel_pressure:-0.0500|collapse_risk:-0.0000|territory_pressure:0.1042|opportunity_cost:-0.2431
4,utility_tunneler_vs_phase_player,18,player,utility_tunneler,2,tunnel_extend,"(-2, 0)","(-2, 1)",,0.2254,0.4685,0.2431,F,resource_fit:0.1167|tunnel_access_gain:0.0000|enemy_tunnel_threat:0.0545|own_tunnel_pressure:-0.0500|collapse_risk:-0.0000|territory_pressure:0.1042|opportunity_cost:-0.2431
4,utility_tunneler_vs_phase_player,18,player,utility_tunneler,2,tunnel_extend,"(-2, 2)","(-2, 1)",,0.2254,0.4685,0.2431,F,resource_fit:0.1167|tunnel_access_gain:0.0000|enemy_tunnel_threat:0.0545|own_tunnel_pressure:-0.0500|collapse_risk:-0.0000|territory_pressure:0.1042|opportunity_cost:-0.2431
4,utility_tunneler_vs_phase_player,18,player,utility_tunneler,2,tunnel_extend,"(-1, 0)","(-2, 1)",,0.2838,0.4685,0.1847,F,resource_fit:0.1167|tunnel_access_gain:0.0583|enemy_tunnel_threat:0.0545|own_tunnel_pressure:-0.0500|collapse_risk:-0.0000|territory_pressure:0.1042|opportunity_cost:-0.1847
4,utility_tunneler_vs_phase_player,18,player,utility_tunneler,2,tunnel_extend,"(-1, 1)","(-2, 1)",,0.2838,0.4685,0.1847,F,resource_fit:0.1167|tunnel_access_gain:0.0583|enemy_tunnel_threat:0.0545|own_tunnel_pressure:-0.0500|collapse_risk:-0.0000|territory_pressure:0.1042|opportunity_cost:-0.1847
4,utility_tunneler_vs_phase_player,18,player,utility_tunneler,2,tunnel_extend,"(-3, 2)","(-2, 2)",,0.2504,0.4685,0.2181,F,resource_fit:0.1167|tunnel_access_gain:0.0000|enemy_tunnel_threat:0.0545|own_tunnel_pressure:-0.0250|collapse_risk:-0.0000|territory_pressure:0.1042|opportunity_cost:-0.2181
4,utility_tunneler_vs_phase_player,18,player,utility_tunneler,2,tunnel_extend,"(-3, 3)","(-2, 2)",,0.2504,0.4685,0.2181,F,resource_fit:0.1167|tunnel_access_gain:0.0000|enemy_tunnel_threat:0.0545|own_tunnel_pressure:-0.0250|collapse_risk:-0.0000|territory_pressure:0.1042|opportunity_cost:-0.2181
4,utility_tunneler_vs_phase_player,18,player,utility_tunneler,2,tunnel_extend,"(-2, 1)","(-2, 2)",,0.2504,0.4685,0.2181,F,resource_fit:0.1167|tunnel_access_gain:0.0000|enemy_tunnel_threat:0.0545|own_tunnel_pressure:-0.0250|collapse_risk:-0.0000|territory_pressure:0.1042|opportunity_cost:-0.2181
4,utility_tunneler_vs_phase_player,18,player,utility_tunneler,2,tunnel_extend,"(-2, 3)","(-2, 2)",,0.3088,0.4685,0.1597,F,resource_fit:0.1167|tunnel_access_gain:0.0583|enemy_tunnel_threat:0.0545|own_tunnel_pressure:-0.0250|collapse_risk:-0.0000|territory_pressure:0.1042|opportunity_cost:-0.1597
4,utility_tunneler_vs_phase_player,18,player,utility_tunneler,2,tunnel_extend,"(-1, 1)","(-2, 2)",,0.3088,0.4685,0.1597,F,resource_fit:0.1167|tunnel_access_gain:0.0583|enemy_tunnel_threat:0.0545|own_tunnel_pressure:-0.0250|collapse_risk:-0.0000|territory_pressure:0.1042|opportunity_cost:-0.1597
4,utility_tunneler_vs_phase_player,18,player,utility_tunneler,2,tunnel_extend,"(-1, 2)","(-2, 2)",,0.3088,0.4685,0.1597,F,resource_fit:0.1167|tunnel_access_gain:0.0583|enemy_tunnel_threat:0.0545|own_tunnel_pressure:-0.0250|collapse_risk:-0.0000|territory_pressure:0.1042|opportunity_cost:-0.1597
4,utility_tunneler_vs_phase_player,18,player,utility_tunneler,2,tunnel_extend,"(-1, -1)","(-1, -2)",,0.3088,0.4685,0.1597,F,resource_fit:0.1167|tunnel_access_gain:0.0583|enemy_tunnel_threat:0.0545|own_tunnel_pressure:-0.0250|collapse_risk:-0.0000|territory_pressure:0.1042|opportunity_cost:-0.1597
4,utility_tunneler_vs_phase_player,18,player,utility_tunneler,2,tunnel_extend,"(0, -3)","(-1, -2)",,0.3088,0.4685,0.1597,F,resource_fit:0.1167|tunnel_access_gain:0.0583|enemy_tunnel_threat:0.0545|own_tunnel_pressure:-0.0250|collapse_risk:-0.0000|territory_pressure:0.1042|opportunity_cost:-0.1597
4,utility_tunneler_vs_phase_player,18,player,utility_tunneler,2,tunnel_extend,"(0, -2)","(-1, -2)",,0.3088,0.4685,0.1597,F,resource_fit:0.1167|tunnel_access_gain:0.0583|enemy_tunnel_threat:0.0545|own_tunnel_pressure:-0.0250|collapse_risk:-0.0000|territory_pressure:0.1042|opportunity_cost:-0.1597
4,utility_tunneler_vs_phase_player,18,player,utility_tunneler,2,wait,,,,0.0,0.4685,0.4685,F,opportunity_cost:-0.4685
4,utility_tunneler_vs_phase_player,18,player,utility_tunneler,3,tunnel_extend,"(-2, 0)","(-3, 1)",,0.2254,0.15,0.0,F,resource_fit:0.1167|tunnel_access_gain:0.0000|enemy_tunnel_threat:0.0545|own_tunnel_pressure:-0.0500|collapse_risk:-0.0000|territory_pressure:0.1042|opportunity_cost:-0.0000
4,utility_tunneler_vs_phase_player,18,player,utility_tunneler,3,tunnel_extend,"(-2, 1)","(-3, 1)",,0.2254,0.15,0.0,F,resource_fit:0.1167|tunnel_access_gain:0.0000|enemy_tunnel_threat:0.0545|own_tunnel_pressure:-0.0500|collapse_risk:-0.0000|territory_pressure:0.1042|opportunity_cost:-0.0000
4,utility_tunneler_vs_phase_player,18,player,utility_tunneler,3,tunnel_extend,"(-3, 3)","(-3, 2)",,0.2004,0.15,0.0,F,resource_fit:0.1167|tunnel_access_gain:0.0000|enemy_tunnel_threat:0.0545|own_tunnel_pressure:-0.0750|collapse_risk:-0.0000|territory_pressure:0.1042|opportunity_cost:-0.0000
4,utility_tunneler_vs_phase_player,18,player,utility_tunneler,3,tunnel_extend,"(-2, 2)","(-3, 2)",,0.2004,0.15,0.0,F,resource_fit:0.1167|tunnel_access_gain:0.0000|enemy_tunnel_threat:0.0545|own_tunnel_pressure:-0.0750|collapse_risk:-0.0000|territory_pressure:0.1042|opportunity_cost:-0.0000
4,utility_tunneler_vs_phase_player,18,player,utility_tunneler,3,tunnel_extend,"(-3, 2)","(-3, 3)",,0.2504,0.15,0.0,F,resource_fit:0.1167|tunnel_access_gain:0.0000|enemy_tunnel_threat:0.0545|own_tunnel_pressure:-0.0250|collapse_risk:-0.0000|territory_pressure:0.1042|opportunity_cost:-0.0000
4,utility_tunneler_vs_phase_player,18,player,utility_tunneler,3,tunnel_extend,"(-2, 2)","(-3, 3)",,0.2504,0.15,0.0,F,resource_fit:0.1167|tunnel_access_gain:0.0000|enemy_tunnel_threat:0.0545|own_tunnel_pressure:-0.0250|collapse_risk:-0.0000|territory_pressure:0.1042|opportunity_cost:-0.0000
4,utility_tunneler_vs_phase_player,18,player,utility_tunneler,3,tunnel_extend,"(-2, 3)","(-3, 3)",,0.3088,0.15,0.0,T,resource_fit:0.1167|tunnel_access_gain:0.0583|enemy_tunnel_threat:0.0545|own_tunnel_pressure:-0.0250|collapse_risk:-0.0000|territory_pressure:0.1042|opportunity_cost:-0.0000
4,utility_tunneler_vs_phase_player,18,player,utility_tunneler,3,tunnel_extend,"(-1, -1)","(-2, -1)",,0.2588,0.15,0.0,F,resource_fit:0.1167|tunnel_access_gain:0.0583|enemy_tunnel_threat:0.0545|own_tunnel_pressure:-0.0750|collapse_risk:-0.0000|territory_pressure:0.1042|opportunity_cost:-0.0000
4,utility_tunneler_vs_phase_player,18,player,utility_tunneler,3,tunnel_extend,"(-3, 1)","(-2, 0)",,0.2254,0.15,0.0,F,resource_fit:0.1167|tunnel_access_gain:0.0000|enemy_tunnel_threat:0.0545|own_tunnel_pressure:-0.0500|collapse_risk:-0.0000|territory_pressure:0.1042|opportunity_cost:-0.0000
4,utility_tunneler_vs_phase_player,18,player,utility_tunneler,3,tunnel_extend,"(-2, 1)","(-2, 0)",,0.2254,0.15,0.0,F,resource_fit:0.1167|tunnel_access_gain:0.0000|enemy_tunnel_threat:0.0545|own_tunnel_pressure:-0.0500|collapse_risk:-0.0000|territory_pressure:0.1042|opportunity_cost:-0.0000
4,utility_tunneler_vs_phase_player,18,player,utility_tunneler,3,tunnel_extend,"(-1, -1)","(-2, 0)",,0.2838,0.15,0.0,F,resource_fit:0.1167|tunnel_access_gain:0.0583|enemy_tunnel_threat:0.0545|own_tunnel_pressure:-0.0500|collapse_risk:-0.0000|territory_pressure:0.1042|opportunity_cost:-0.0000
4,utility_tunneler_vs_phase_player,18,player,utility_tunneler,3,tunnel_extend,"(-1, 0)","(-2, 0)",,0.2838,0.15,0.0,F,resource_fit:0.1167|tunnel_access_gain:0.0583|enemy_tunnel_threat:0.0545|own_tunnel_pressure:-0.0500|collapse_risk:-0.0000|territory_pressure:0.1042|opportunity_cost:-0.0000
4,utility_tunneler_vs_phase_player,18,player,utility_tunneler,3,tunnel_extend,"(-3, 1)","(-2, 1)",,0.2254,0.15,0.0,F,resource_fit:0.1167|tunnel_access_gain:0.0000|enemy_tunnel_threat:0.0545|own_tunnel_pressure:-0.0500|collapse_risk:-0.0000|territory_pressure:0.1042|opportunity_cost:-0.0000
4,utility_tunneler_vs_phase_player,18,player,utility_tunneler,3,tunnel_extend,"(-2, 0)","(-2, 1)",,0.2254,0.15,0.0,F,resource_fit:0.1167|tunnel_access_gain:0.0000|enemy_tunnel_threat:0.0545|own_tunnel_pressure:-0.0500|collapse_risk:-0.0000|territory_pressure:0.1042|opportunity_cost:-0.0000
4,utility_tunneler_vs_phase_player,18,player,utility_tunneler,3,tunnel_extend,"(-2, 2)","(-2, 1)",,0.2254,0.15,0.0,F,resource_fit:0.1167|tunnel_access_gain:0.0000|enemy_tunnel_threat:0.0545|own_tunnel_pressure:-0.0500|collapse_risk:-0.0000|territory_pressure:0.1042|opportunity_cost:-0.0000
4,utility_tunneler_vs_phase_player,18,player,utility_tunneler,3,tunnel_extend,"(-1, 0)","(-2, 1)",,0.2838,0.15,0.0,F,resource_fit:0.1167|tunnel_access_gain:0.0583|enemy_tunnel_threat:0.0545|own_tunnel_pressure:-0.0500|collapse_risk:-0.0000|territory_pressure:0.1042|opportunity_cost:-0.0000
4,utility_tunneler_vs_phase_player,18,player,utility_tunneler,3,tunnel_extend,"(-1, 1)","(-2, 1)",,0.2838,0.15,0.0,F,resource_fit:0.1167|tunnel_access_gain:0.0583|enemy_tunnel_threat:0.0545|own_tunnel_pressure:-0.0500|collapse_risk:-0.0000|territory_pressure:0.1042|opportunity_cost:-0.0000
4,utility_tunneler_vs_phase_player,18,player,utility_tunneler,3,tunnel_extend,"(-3, 2)","(-2, 2)",,0.2504,0.15,0.0,F,resource_fit:0.1167|tunnel_access_gain:0.0000|enemy_tunnel_threat:0.0545|own_tunnel_pressure:-0.0250|collapse_risk:-0.0000|territory_pressure:0.1042|opportunity_cost:-0.0000
4,utility_tunneler_vs_phase_player,18,player,utility_tunneler,3,tunnel_extend,"(-3, 3)","(-2, 2)",,0.2504,0.15,0.0,F,resource_fit:0.1167|tunnel_access_gain:0.0000|enemy_tunnel_threat:0.0545|own_tunnel_pressure:-0.0250|collapse_risk:-0.0000|territory_pressure:0.1042|opportunity_cost:-0.0000
4,utility_tunneler_vs_phase_player,18,player,utility_tunneler,3,tunnel_extend,"(-2, 1)","(-2, 2)",,0.2504,0.15,0.0,F,resource_fit:0.1167|tunnel_access_gain:0.0000|enemy_tunnel_threat:0.0545|own_tunnel_pressure:-0.0250|collapse_risk:-0.0000|territory_pressure:0.1042|opportunity_cost:-0.0000
4,utility_tunneler_vs_phase_player,18,player,utility_tunneler,3,tunnel_extend,"(-2, 3)","(-2, 2)",,0.3088,0.15,0.0,F,resource_fit:0.1167|tunnel_access_gain:0.0583|enemy_tunnel_threat:0.0545|own_tunnel_pressure:-0.0250|collapse_risk:-0.0000|territory_pressure:0.1042|opportunity_cost:-0.0000
4,utility_tunneler_vs_phase_player,18,player,utility_tunneler,3,tunnel_extend,"(-1, 1)","(-2, 2)",,0.3088,0.15,0.0,F,resource_fit:0.1167|tunnel_access_gain:0.0583|enemy_tunnel_threat:0.0545|own_tunnel_pressure:-0.0250|collapse_risk:-0.0000|territory_pressure:0.1042|opportunity_cost:-0.0000
4,utility_tunneler_vs_phase_player,18,player,utility_tunneler,3,tunnel_extend,"(-1, 2)","(-2, 2)",,0.3088,0.15,0.0,F,resource_fit:0.1167|tunnel_access_gain:0.0583|enemy_tunnel_threat:0.0545|own_tunnel_pressure:-0.0250|collapse_risk:-0.0000|territory_pressure:0.1042|opportunity_cost:-0.0000
4,utility_tunneler_vs_phase_player,18,player,utility_tunneler,3,tunnel_extend,"(-1, -1)","(-1, -2)",,0.3088,0.15,0.0,F,resource_fit:0.1167|tunnel_access_gain:0.0583|enemy_tunnel_threat:0.0545|own_tunnel_pressure:-0.0250|collapse_risk:-0.0000|territory_pressure:0.1042|opportunity_cost:-0.0000
4,utility_tunneler_vs_phase_player,18,player,utility_tunneler,3,tunnel_extend,"(0, -3)","(-1, -2)",,0.3088,0.15,0.0,F,resource_fit:0.1167|tunnel_access_gain:0.0583|enemy_tunnel_threat:0.0545|own_tunnel_pressure:-0.0250|collapse_risk:-0.0000|territory_pressure:0.1042|opportunity_cost:-0.0000
4,utility_tunneler_vs_phase_player,18,player,utility_tunneler,3,tunnel_extend,"(0, -2)","(-1, -2)",,0.3088,0.15,0.0,F,resource_fit:0.1167|tunnel_access_gain:0.0583|enemy_tunnel_threat:0.0545|own_tunnel_pressure:-0.0250|collapse_risk:-0.0000|territory_pressure:0.1042|opportunity_cost:-0.0000
4,utility_tunneler_vs_phase_player,18,player,utility_tunneler,3,wait,,,,0.0,0.15,0.15,F,opportunity_cost:-0.1500
4,utility_tunneler_vs_phase_player,19,player,utility_tunneler,1,tunnel_extend,"(-2, 0)","(-3, 1)",,0.2455,0.8623,0.6167,F,resource_fit:0.1333|tunnel_access_gain:0.0000|enemy_tunnel_threat:0.0580|own_tunnel_pressure:-0.0500|collapse_risk:-0.0000|territory_pressure:0.1042|opportunity_cost:-0.6167
4,utility_tunneler_vs_phase_player,19,player,utility_tunneler,1,tunnel_extend,"(-2, 1)","(-3, 1)",,0.2455,0.8623,0.6167,F,resource_fit:0.1333|tunnel_access_gain:0.0000|enemy_tunnel_threat:0.0580|own_tunnel_pressure:-0.0500|collapse_risk:-0.0000|territory_pressure:0.1042|opportunity_cost:-0.6167
4,utility_tunneler_vs_phase_player,19,player,utility_tunneler,1,tunnel_extend,"(-3, 3)","(-3, 2)",,0.2205,0.8623,0.6417,F,resource_fit:0.1333|tunnel_access_gain:0.0000|enemy_tunnel_threat:0.0580|own_tunnel_pressure:-0.0750|collapse_risk:-0.0000|territory_pressure:0.1042|opportunity_cost:-0.6417
4,utility_tunneler_vs_phase_player,19,player,utility_tunneler,1,tunnel_extend,"(-2, 2)","(-3, 2)",,0.2205,0.8623,0.6417,F,resource_fit:0.1333|tunnel_access_gain:0.0000|enemy_tunnel_threat:0.0580|own_tunnel_pressure:-0.0750|collapse_risk:-0.0000|territory_pressure:0.1042|opportunity_cost:-0.6417
4,utility_tunneler_vs_phase_player,19,player,utility_tunneler,1,tunnel_extend,"(-3, 2)","(-3, 3)",,0.2455,0.8623,0.6167,F,resource_fit:0.1333|tunnel_access_gain:0.0000|enemy_tunnel_threat:0.0580|own_tunnel_pressure:-0.0500|collapse_risk:-0.0000|territory_pressure:0.1042|opportunity_cost:-0.6167
4,utility_tunneler_vs_phase_player,19,player,utility_tunneler,1,tunnel_extend,"(-2, 2)","(-3, 3)",,0.2455,0.8623,0.6167,F,resource_fit:0.1333|tunnel_access_gain:0.0000|enemy_tunnel_threat:0.0580|own_tunnel_pressure:-0.0500|collapse_risk:-0.0000|territory_pressure:0.1042|opportunity_cost:-0.6167
4,utility_tunneler_vs_phase_player,19,player,utility_tunneler,1,tunnel_extend,"(-1, -1)","(-2, -1)",,0.2789,0.8623,0.5834,F,resource_fit:0.1333|tunnel_access_gain:0.0583|enemy_tunnel_threat:0.0580|own_tunnel_pressure:-0.0750|collapse_risk:-0.0000|territory_pressure:0.1042|opportunity_cost:-0.5834
4,utility_tunneler_vs_phase_player,19,player,utility_tunneler,1,tunnel_extend,"(-3, 1)","(-2, 0)",,0.2455,0.8623,0.6167,F,resource_fit:0.1333|tunnel_access_gain:0.0000|enemy_tunnel_threat:0.0580|own_tunnel_pressure:-0.0500|collapse_risk:-0.0000|territory_pressure:0.1042|opportunity_cost:-0.6167
4,utility_tunneler_vs_phase_player,19,player,utility_tunneler,1,tunnel_extend,"(-2, 1)","(-2, 0)",,0.2455,0.8623,0.6167,F,resource_fit:0.1333|tunnel_access_gain:0.0000|enemy_tunnel_threat:0.0580|own_tunnel_pressure:-0.0500|collapse_risk:-0.0000|territory_pressure:0.1042|opportunity_cost:-0.6167
4,utility_tunneler_vs_phase_player,19,player,utility_tunneler,1,tunnel_extend,"(-1, -1)","(-2, 0)",,0.3039,0.8623,0.5584,F,resource_fit:0.1333|tunnel_access_gain:0.0583|enemy_tunnel_threat:0.0580|own_tunnel_pressure:-0.0500|collapse_risk:-0.0000|territory_pressure:0.1042|opportunity_cost:-0.5584
4,utility_tunneler_vs_phase_player,19,player,utility_tunneler,1,tunnel_extend,"(-1, 0)","(-2, 0)",,0.3039,0.8623,0.5584,F,resource_fit:0.1333|tunnel_access_gain:0.0583|enemy_tunnel_threat:0.0580|own_tunnel_pressure:-0.0500|collapse_risk:-0.0000|territory_pressure:0.1042|opportunity_cost:-0.5584
4,utility_tunneler_vs_phase_player,19,player,utility_tunneler,1,tunnel_extend,"(-3, 1)","(-2, 1)",,0.2455,0.8623,0.6167,F,resource_fit:0.1333|tunnel_access_gain:0.0000|enemy_tunnel_threat:0.0580|own_tunnel_pressure:-0.0500|collapse_risk:-0.0000|territory_pressure:0.1042|opportunity_cost:-0.6167
4,utility_tunneler_vs_phase_player,19,player,utility_tunneler,1,tunnel_extend,"(-2, 0)","(-2, 1)",,0.2455,0.8623,0.6167,F,resource_fit:0.1333|tunnel_access_gain:0.0000|enemy_tunnel_threat:0.0580|own_tunnel_pressure:-0.0500|collapse_risk:-0.0000|territory_pressure:0.1042|opportunity_cost:-0.6167
4,utility_tunneler_vs_phase_player,19,player,utility_tunneler,1,tunnel_extend,"(-2, 2)","(-2, 1)",,0.2455,0.8623,0.6167,F,resource_fit:0.1333|tunnel_access_gain:0.0000|enemy_tunnel_threat:0.0580|own_tunnel_pressure:-0.0500|collapse_risk:-0.0000|territory_pressure:0.1042|opportunity_cost:-0.6167
4,utility_tunneler_vs_phase_player,19,player,utility_tunneler,1,tunnel_extend,"(-1, 0)","(-2, 1)",,0.3039,0.8623,0.5584,F,resource_fit:0.1333|tunnel_access_gain:0.0583|enemy_tunnel_threat:0.0580|own_tunnel_pressure:-0.0500|collapse_risk:-0.0000|territory_pressure:0.1042|opportunity_cost:-0.5584
4,utility_tunneler_vs_phase_player,19,player,utility_tunneler,1,tunnel_extend,"(-1, 1)","(-2, 1)",,0.3039,0.8623,0.5584,F,resource_fit:0.1333|tunnel_access_gain:0.0583|enemy_tunnel_threat:0.0580|own_tunnel_pressure:-0.0500|collapse_risk:-0.0000|territory_pressure:0.1042|opportunity_cost:-0.5584
4,utility_tunneler_vs_phase_player,19,player,utility_tunneler,1,tunnel_extend,"(-3, 2)","(-2, 2)",,0.2705,0.8623,0.5917,F,resource_fit:0.1333|tunnel_access_gain:0.0000|enemy_tunnel_threat:0.0580|own_tunnel_pressure:-0.0250|collapse_risk:-0.0000|territory_pressure:0.1042|opportunity_cost:-0.5917
4,utility_tunneler_vs_phase_player,19,player,utility_tunneler,1,tunnel_extend,"(-3, 3)","(-2, 2)",,0.2705,0.8623,0.5917,F,resource_fit:0.1333|tunnel_access_gain:0.0000|enemy_tunnel_threat:0.0580|own_tunnel_pressure:-0.0250|collapse_risk:-0.0000|territory_pressure:0.1042|opportunity_cost:-0.5917
4,utility_tunneler_vs_phase_player,19,player,utility_tunneler,1,tunnel_extend,"(-2, 1)","(-2, 2)",,0.2705,0.8623,0.5917,F,resource_fit:0.1333|tunnel_access_gain:0.0000|enemy_tunnel_threat:0.0580|own_tunnel_pressure:-0.0250|collapse_risk:-0.0000|territory_pressure:0.1042|opportunity_cost:-0.5917
4,utility_tunneler_vs_phase_player,19,player,utility_tunneler,1,tunnel_extend,"(-2, 3)","(-2, 2)",,0.2705,0.8623,0.5917,F,resource_fit:0.1333|tunnel_access_gain:0.0000|enemy_tunnel_threat:0.0580|own_tunnel_pressure:-0.0250|collapse_risk:-0.0000|territory_pressure:0.1042|opportunity_cost:-0.5917
4,utility_tunneler_vs_phase_player,19,player,utility_tunneler,1,tunnel_extend,"(-1, 1)","(-2, 2)",,0.3289,0.8623,0.5334,F,resource_fit:0.1333|tunnel_access_gain:0.0583|enemy_tunnel_threat:0.0580|own_tunnel_pressure:-0.0250|collapse_risk:-0.0000|territory_pressure:0.1042|opportunity_cost:-0.5334
4,utility_tunneler_vs_phase_player,19,player,utility_tunneler,1,tunnel_extend,"(-1, 2)","(-2, 2)",,0.3289,0.8623,0.5334,F,resource_fit:0.1333|tunnel_access_gain:0.0583|enemy_tunnel_threat:0.0580|own_tunnel_pressure:-0.0250|collapse_risk:-0.0000|territory_pressure:0.1042|opportunity_cost:-0.5334
4,utility_tunneler_vs_phase_player,19,player,utility_tunneler,1,tunnel_extend,"(-2, 2)","(-2, 3)",,0.2455,0.8623,0.6167,F,resource_fit:0.1333|tunnel_access_gain:0.0000|enemy_tunnel_threat:0.0580|own_tunnel_pressure:-0.0500|collapse_risk:-0.0000|territory_pressure:0.1042|opportunity_cost:-0.6167
4,utility_tunneler_vs_phase_player,19,player,utility_tunneler,1,tunnel_extend,"(-1, 2)","(-2, 3)",,0.3039,0.8623,0.5584,F,resource_fit:0.1333|tunnel_access_gain:0.0583|enemy_tunnel_threat:0.0580|own_tunnel_pressure:-0.0500|collapse_risk:-0.0000|territory_pressure:0.1042|opportunity_cost:-0.5584
4,utility_tunneler_vs_phase_player,19,player,utility_tunneler,1,tunnel_extend,"(-1, 3)","(-2, 3)",,0.3039,0.8623,0.5584,F,resource_fit:0.1333|tunnel_access_gain:0.0583|enemy_tunnel_threat:0.0580|own_tunnel_pressure:-0.0500|collapse_risk:-0.0000|territory_pressure:0.1042|opportunity_cost:-0.5584
4,utility_tunneler_vs_phase_player,19,player,utility_tunneler,1,tunnel_extend,"(-1, -1)","(-1, -2)",,0.3289,0.8623,0.5334,F,resource_fit:0.1333|tunnel_access_gain:0.0583|enemy_tunnel_threat:0.0580|own_tunnel_pressure:-0.0250|collapse_risk:-0.0000|territory_pressure:0.1042|opportunity_cost:-0.5334
4,utility_tunneler_vs_phase_player,19,player,utility_tunneler,1,tunnel_extend,"(0, -3)","(-1, -2)",,0.3289,0.8623,0.5334,F,resource_fit:0.1333|tunnel_access_gain:0.0583|enemy_tunnel_threat:0.0580|own_tunnel_pressure:-0.0250|collapse_risk:-0.0000|territory_pressure:0.1042|opportunity_cost:-0.5334
4,utility_tunneler_vs_phase_player,19,player,utility_tunneler,1,tunnel_extend,"(0, -2)","(-1, -2)",,0.3289,0.8623,0.5334,F,resource_fit:0.1333|tunnel_access_gain:0.0583|enemy_tunnel_threat:0.0580|own_tunnel_pressure:-0.0250|collapse_risk:-0.0000|territory_pressure:0.1042|opportunity_cost:-0.5334
4,utility_tunneler_vs_phase_player,19,player,utility_tunneler,1,tunnel_raid,"(-2, 3)",,,0.4668,0.8623,0.3955,F,resource_fit:0.0875|enemy_tunnel_threat:0.0386|raid_value:0.2625|territory_pressure:0.0782|opportunity_cost:-0.3955
4,utility_tunneler_vs_phase_player,19,player,utility_tunneler,1,wait,,,,0.0,0.8623,0.8623,F,opportunity_cost:-0.8623
4,utility_tunneler_vs_phase_player,19,player,utility_tunneler,2,tunnel_extend,"(-2, 0)","(-3, 1)",,0.2309,0.1734,0.0,F,resource_fit:0.1333|tunnel_access_gain:0.0000|enemy_tunnel_threat:0.0531|own_tunnel_pressure:-0.0500|collapse_risk:-0.0000|territory_pressure:0.0945|opportunity_cost:-0.0000
4,utility_tunneler_vs_phase_player,19,player,utility_tunneler,2,tunnel_extend,"(-2, 1)","(-3, 1)",,0.2309,0.1734,0.0,F,resource_fit:0.1333|tunnel_access_gain:0.0000|enemy_tunnel_threat:0.0531|own_tunnel_pressure:-0.0500|collapse_risk:-0.0000|territory_pressure:0.0945|opportunity_cost:-0.0000
4,utility_tunneler_vs_phase_player,19,player,utility_tunneler,2,tunnel_extend,"(-3, 3)","(-3, 2)",,0.2059,0.1734,0.0,F,resource_fit:0.1333|tunnel_access_gain:0.0000|enemy_tunnel_threat:0.0531|own_tunnel_pressure:-0.0750|collapse_risk:-0.0000|territory_pressure:0.0945|opportunity_cost:-0.0000
4,utility_tunneler_vs_phase_player,19,player,utility_tunneler,2,tunnel_extend,"(-2, 2)","(-3, 2)",,0.2059,0.1734,0.0,F,resource_fit:0.1333|tunnel_access_gain:0.0000|enemy_tunnel_threat:0.0531|own_tunnel_pressure:-0.0750|collapse_risk:-0.0000|territory_pressure:0.0945|opportunity_cost:-0.0000
4,utility_tunneler_vs_phase_player,19,player,utility_tunneler,2,tunnel_extend,"(-3, 2)","(-3, 3)",,0.2309,0.1734,0.0,F,resource_fit:0.1333|tunnel_access_gain:0.0000|enemy_tunnel_threat:0.0531|own_tunnel_pressure:-0.0500|collapse_risk:-0.0000|territory_pressure:0.0945|opportunity_cost:-0.0000
4,utility_tunneler_vs_phase_player,19,player,utility_tunneler,2,tunnel_extend,"(-2, 2)","(-3, 3)",,0.2309,0.1734,0.0,F,resource_fit:0.1333|tunnel_access_gain:0.0000|enemy_tunnel_threat:0.0531|own_tunnel_pressure:-0.0500|collapse_risk:-0.0000|territory_pressure:0.0945|opportunity_cost:-0.0000
4,utility_tunneler_vs_phase_player,19,player,utility_tunneler,2,tunnel_extend,"(-1, -1)","(-2, -1)",,0.2643,0.1734,0.0,F,resource_fit:0.1333|tunnel_access_gain:0.0583|enemy_tunnel_threat:0.0531|own_tunnel_pressure:-0.0750|collapse_risk:-0.0000|territory_pressure:0.0945|opportunity_cost:-0.0000
4,utility_tunneler_vs_phase_player,19,player,utility_tunneler,2,tunnel_extend,"(-3, 1)","(-2, 0)",,0.2309,0.1734,0.0,F,resource_fit:0.1333|tunnel_access_gain:0.0000|enemy_tunnel_threat:0.0531|own_tunnel_pressure:-0.0500|collapse_risk:-0.0000|territory_pressure:0.0945|opportunity_cost:-0.0000
4,utility_tunneler_vs_phase_player,19,player,utility_tunneler,2,tunnel_extend,"(-2, 1)","(-2, 0)",,0.2309,0.1734,0.0,F,resource_fit:0.1333|tunnel_access_gain:0.0000|enemy_tunnel_threat:0.0531|own_tunnel_pressure:-0.0500|collapse_risk:-0.0000|territory_pressure:0.0945|opportunity_cost:-0.0000
4,utility_tunneler_vs_phase_player,19,player,utility_tunneler,2,tunnel_extend,"(-1, -1)","(-2, 0)",,0.2893,0.1734,0.0,F,resource_fit:0.1333|tunnel_access_gain:0.0583|enemy_tunnel_threat:0.0531|own_tunnel_pressure:-0.0500|collapse_risk:-0.0000|territory_pressure:0.0945|opportunity_cost:-0.0000
4,utility_tunneler_vs_phase_player,19,player,utility_tunneler,2,tunnel_extend,"(-1, 0)","(-2, 0)",,0.2893,0.1734,0.0,F,resource_fit:0.1333|tunnel_access_gain:0.0583|enemy_tunnel_threat:0.0531|own_tunnel_pressure:-0.0500|collapse_risk:-0.0000|territory_pressure:0.0945|opportunity_cost:-0.0000
4,utility_tunneler_vs_phase_player,19,player,utility_tunneler,2,tunnel_extend,"(-3, 1)","(-2, 1)",,0.2309,0.1734,0.0,F,resource_fit:0.1333|tunnel_access_gain:0.0000|enemy_tunnel_threat:0.0531|own_tunnel_pressure:-0.0500|collapse_risk:-0.0000|territory_pressure:0.0945|opportunity_cost:-0.0000
4,utility_tunneler_vs_phase_player,19,player,utility_tunneler,2,tunnel_extend,"(-2, 0)","(-2, 1)",,0.2309,0.1734,0.0,F,resource_fit:0.1333|tunnel_access_gain:0.0000|enemy_tunnel_threat:0.0531|own_tunnel_pressure:-0.0500|collapse_risk:-0.0000|territory_pressure:0.0945|opportunity_cost:-0.0000
4,utility_tunneler_vs_phase_player,19,player,utility_tunneler,2,tunnel_extend,"(-2, 2)","(-2, 1)",,0.2309,0.1734,0.0,F,resource_fit:0.1333|tunnel_access_gain:0.0000|enemy_tunnel_threat:0.0531|own_tunnel_pressure:-0.0500|collapse_risk:-0.0000|territory_pressure:0.0945|opportunity_cost:-0.0000
4,utility_tunneler_vs_phase_player,19,player,utility_tunneler,2,tunnel_extend,"(-1, 0)","(-2, 1)",,0.2893,0.1734,0.0,F,resource_fit:0.1333|tunnel_access_gain:0.0583|enemy_tunnel_threat:0.0531|own_tunnel_pressure:-0.0500|collapse_risk:-0.0000|territory_pressure:0.0945|opportunity_cost:-0.0000
4,utility_tunneler_vs_phase_player,19,player,utility_tunneler,2,tunnel_extend,"(-1, 1)","(-2, 1)",,0.2893,0.1734,0.0,F,resource_fit:0.1333|tunnel_access_gain:0.0583|enemy_tunnel_threat:0.0531|own_tunnel_pressure:-0.0500|collapse_risk:-0.0000|territory_pressure:0.0945|opportunity_cost:-0.0000
4,utility_tunneler_vs_phase_player,19,player,utility_tunneler,2,tunnel_extend,"(-3, 2)","(-2, 2)",,0.2559,0.1734,0.0,F,resource_fit:0.1333|tunnel_access_gain:0.0000|enemy_tunnel_threat:0.0531|own_tunnel_pressure:-0.0250|collapse_risk:-0.0000|territory_pressure:0.0945|opportunity_cost:-0.0000
4,utility_tunneler_vs_phase_player,19,player,utility_tunneler,2,tunnel_extend,"(-3, 3)","(-2, 2)",,0.2559,0.1734,0.0,F,resource_fit:0.1333|tunnel_access_gain:0.0000|enemy_tunnel_threat:0.0531|own_tunnel_pressure:-0.0250|collapse_risk:-0.0000|territory_pressure:0.0945|opportunity_cost:-0.0000
4,utility_tunneler_vs_phase_player,19,player,utility_tunneler,2,tunnel_extend,"(-2, 1)","(-2, 2)",,0.2559,0.1734,0.0,F,resource_fit:0.1333|tunnel_access_gain:0.0000|enemy_tunnel_threat:0.0531|own_tunnel_pressure:-0.0250|collapse_risk:-0.0000|territory_pressure:0.0945|opportunity_cost:-0.0000
4,utility_tunneler_vs_phase_player,19,player,utility_tunneler,2,tunnel_extend,"(-2, 3)","(-2, 2)",,0.2559,0.1734,0.0,F,resource_fit:0.1333|tunnel_access_gain:0.0000|enemy_tunnel_threat:0.0531|own_tunnel_pressure:-0.0250|collapse_risk:-0.0000|territory_pressure:0.0945|opportunity_cost:-0.0000
4,utility_tunneler_vs_phase_player,19,player,utility_tunneler,2,tunnel_extend,"(-1, 1)","(-2, 2)",,0.3143,0.1734,0.0,F,resource_fit:0.1333|tunnel_access_gain:0.0583|enemy_tunnel_threat:0.0531|own_tunnel_pressure:-0.0250|collapse_risk:-0.0000|territory_pressure:0.0945|opportunity_cost:-0.0000
4,utility_tunneler_vs_phase_player,19,player,utility_tunneler,2,tunnel_extend,"(-1, 2)","(-2, 2)",,0.3143,0.1734,0.0,F,resource_fit:0.1333|tunnel_access_gain:0.0583|enemy_tunnel_threat:0.0531|own_tunnel_pressure:-0.0250|collapse_risk:-0.0000|territory_pressure:0.0945|opportunity_cost:-0.0000
4,utility_tunneler_vs_phase_player,19,player,utility_tunneler,2,tunnel_extend,"(-2, 2)","(-2, 3)",,0.2309,0.1734,0.0,F,resource_fit:0.1333|tunnel_access_gain:0.0000|enemy_tunnel_threat:0.0531|own_tunnel_pressure:-0.0500|collapse_risk:-0.0000|territory_pressure:0.0945|opportunity_cost:-0.0000
4,utility_tunneler_vs_phase_player,19,player,utility_tunneler,2,tunnel_extend,"(-1, 2)","(-2, 3)",,0.2893,0.1734,0.0,F,resource_fit:0.1333|tunnel_access_gain:0.0583|enemy_tunnel_threat:0.0531|own_tunnel_pressure:-0.0500|collapse_risk:-0.0000|territory_pressure:0.0945|opportunity_cost:-0.0000
4,utility_tunneler_vs_phase_player,19,player,utility_tunneler,2,tunnel_extend,"(-1, 3)","(-2, 3)",,0.2893,0.1734,0.0,F,resource_fit:0.1333|tunnel_access_gain:0.0583|enemy_tunnel_threat:0.0531|own_tunnel_pressure:-0.0500|collapse_risk:-0.0000|territory_pressure:0.0945|opportunity_cost:-0.0000
4,utility_tunneler_vs_phase_player,19,player,utility_tunneler,2,tunnel_extend,"(-1, -1)","(-1, -2)",,0.3143,0.1734,0.0,F,resource_fit:0.1333|tunnel_access_gain:0.0583|enemy_tunnel_threat:0.0531|own_tunnel_pressure:-0.0250|collapse_risk:-0.0000|territory_pressure:0.0945|opportunity_cost:-0.0000
4,utility_tunneler_vs_phase_player,19,player,utility_tunneler,2,tunnel_extend,"(0, -3)","(-1, -2)",,0.3143,0.1734,0.0,F,resource_fit:0.1333|tunnel_access_gain:0.0583|enemy_tunnel_threat:0.0531|own_tunnel_pressure:-0.0250|collapse_risk:-0.0000|territory_pressure:0.0945|opportunity_cost:-0.0000
4,utility_tunneler_vs_phase_player,19,player,utility_tunneler,2,tunnel_extend,"(0, -2)","(-1, -2)",,0.3143,0.1734,0.0,F,resource_fit:0.1333|tunnel_access_gain:0.0583|enemy_tunnel_threat:0.0531|own_tunnel_pressure:-0.0250|collapse_risk:-0.0000|territory_pressure:0.0945|opportunity_cost:-0.0000
4,utility_tunneler_vs_phase_player,19,player,utility_tunneler,2,tunnel_raid,"(-2, 3)",,,0.4188,0.1734,0.0,T,resource_fit:0.0500|enemy_tunnel_threat:0.0354|raid_value:0.2625|territory_pressure:0.0709|opportunity_cost:-0.0000
4,utility_tunneler_vs_phase_player,19,player,utility_tunneler,2,wait,,,,0.0,0.1734,0.1734,F,opportunity_cost:-0.1734
4,utility_tunneler_vs_phase_player,19,player,utility_tunneler,3,tunnel_extend,"(-2, 0)","(-3, 1)",,0.2229,0.1734,0.0,F,resource_fit:0.1333|tunnel_access_gain:0.0000|enemy_tunnel_threat:0.0548|own_tunnel_pressure:-0.0500|collapse_risk:-0.0000|territory_pressure:0.0847|opportunity_cost:-0.0000
4,utility_tunneler_vs_phase_player,19,player,utility_tunneler,3,tunnel_extend,"(-2, 1)","(-3, 1)",,0.2229,0.1734,0.0,F,resource_fit:0.1333|tunnel_access_gain:0.0000|enemy_tunnel_threat:0.0548|own_tunnel_pressure:-0.0500|collapse_risk:-0.0000|territory_pressure:0.0847|opportunity_cost:-0.0000
4,utility_tunneler_vs_phase_player,19,player,utility_tunneler,3,tunnel_extend,"(-3, 3)","(-3, 2)",,0.1979,0.1734,0.0,F,resource_fit:0.1333|tunnel_access_gain:0.0000|enemy_tunnel_threat:0.0548|own_tunnel_pressure:-0.0750|collapse_risk:-0.0000|territory_pressure:0.0847|opportunity_cost:-0.0000
4,utility_tunneler_vs_phase_player,19,player,utility_tunneler,3,tunnel_extend,"(-2, 2)","(-3, 2)",,0.1979,0.1734,0.0,F,resource_fit:0.1333|tunnel_access_gain:0.0000|enemy_tunnel_threat:0.0548|own_tunnel_pressure:-0.0750|collapse_risk:-0.0000|territory_pressure:0.0847|opportunity_cost:-0.0000
4,utility_tunneler_vs_phase_player,19,player,utility_tunneler,3,tunnel_extend,"(-3, 2)","(-3, 3)",,0.2229,0.1734,0.0,F,resource_fit:0.1333|tunnel_access_gain:0.0000|enemy_tunnel_threat:0.0548|own_tunnel_pressure:-0.0500|collapse_risk:-0.0000|territory_pressure:0.0847|opportunity_cost:-0.0000
4,utility_tunneler_vs_phase_player,19,player,utility_tunneler,3,tunnel_extend,"(-2, 2)","(-3, 3)",,0.2229,0.1734,0.0,F,resource_fit:0.1333|tunnel_access_gain:0.0000|enemy_tunnel_threat:0.0548|own_tunnel_pressure:-0.0500|collapse_risk:-0.0000|territory_pressure:0.0847|opportunity_cost:-0.0000
4,utility_tunneler_vs_phase_player,19,player,utility_tunneler,3,tunnel_extend,"(-1, -1)","(-2, -1)",,0.2562,0.1734,0.0,F,resource_fit:0.1333|tunnel_access_gain:0.0583|enemy_tunnel_threat:0.0548|own_tunnel_pressure:-0.0750|collapse_risk:-0.0000|territory_pressure:0.0847|opportunity_cost:-0.0000
4,utility_tunneler_vs_phase_player,19,player,utility_tunneler,3,tunnel_extend,"(-3, 1)","(-2, 0)",,0.2229,0.1734,0.0,F,resource_fit:0.1333|tunnel_access_gain:0.0000|enemy_tunnel_threat:0.0548|own_tunnel_pressure:-0.0500|collapse_risk:-0.0000|territory_pressure:0.0847|opportunity_cost:-0.0000
4,utility_tunneler_vs_phase_player,19,player,utility_tunneler,3,tunnel_extend,"(-2, 1)","(-2, 0)",,0.2229,0.1734,0.0,F,resource_fit:0.1333|tunnel_access_gain:0.0000|enemy_tunnel_threat:0.0548|own_tunnel_pressure:-0.0500|collapse_risk:-0.0000|territory_pressure:0.0847|opportunity_cost:-0.0000
4,utility_tunneler_vs_phase_player,19,player,utility_tunneler,3,tunnel_extend,"(-1, -1)","(-2, 0)",,0.2812,0.1734,0.0,F,resource_fit:0.1333|tunnel_access_gain:0.0583|enemy_tunnel_threat:0.0548|own_tunnel_pressure:-0.0500|collapse_risk:-0.0000|territory_pressure:0.0847|opportunity_cost:-0.0000
4,utility_tunneler_vs_phase_player,19,player,utility_tunneler,3,tunnel_extend,"(-1, 0)","(-2, 0)",,0.2812,0.1734,0.0,F,resource_fit:0.1333|tunnel_access_gain:0.0583|enemy_tunnel_threat:0.0548|own_tunnel_pressure:-0.0500|collapse_risk:-0.0000|territory_pressure:0.0847|opportunity_cost:-0.0000
4,utility_tunneler_vs_phase_player,19,player,utility_tunneler,3,tunnel_extend,"(-3, 1)","(-2, 1)",,0.2229,0.1734,0.0,F,resource_fit:0.1333|tunnel_access_gain:0.0000|enemy_tunnel_threat:0.0548|own_tunnel_pressure:-0.0500|collapse_risk:-0.0000|territory_pressure:0.0847|opportunity_cost:-0.0000
4,utility_tunneler_vs_phase_player,19,player,utility_tunneler,3,tunnel_extend,"(-2, 0)","(-2, 1)",,0.2229,0.1734,0.0,F,resource_fit:0.1333|tunnel_access_gain:0.0000|enemy_tunnel_threat:0.0548|own_tunnel_pressure:-0.0500|collapse_risk:-0.0000|territory_pressure:0.0847|opportunity_cost:-0.0000
4,utility_tunneler_vs_phase_player,19,player,utility_tunneler,3,tunnel_extend,"(-2, 2)","(-2, 1)",,0.2229,0.1734,0.0,F,resource_fit:0.1333|tunnel_access_gain:0.0000|enemy_tunnel_threat:0.0548|own_tunnel_pressure:-0.0500|collapse_risk:-0.0000|territory_pressure:0.0847|opportunity_cost:-0.0000
4,utility_tunneler_vs_phase_player,19,player,utility_tunneler,3,tunnel_extend,"(-1, 0)","(-2, 1)",,0.2812,0.1734,0.0,F,resource_fit:0.1333|tunnel_access_gain:0.0583|enemy_tunnel_threat:0.0548|own_tunnel_pressure:-0.0500|collapse_risk:-0.0000|territory_pressure:0.0847|opportunity_cost:-0.0000
4,utility_tunneler_vs_phase_player,19,player,utility_tunneler,3,tunnel_extend,"(-1, 1)","(-2, 1)",,0.2812,0.1734,0.0,F,resource_fit:0.1333|tunnel_access_gain:0.0583|enemy_tunnel_threat:0.0548|own_tunnel_pressure:-0.0500|collapse_risk:-0.0000|territory_pressure:0.0847|opportunity_cost:-0.0000
4,utility_tunneler_vs_phase_player,19,player,utility_tunneler,3,tunnel_extend,"(-3, 2)","(-2, 2)",,0.2479,0.1734,0.0,F,resource_fit:0.1333|tunnel_access_gain:0.0000|enemy_tunnel_threat:0.0548|own_tunnel_pressure:-0.0250|collapse_risk:-0.0000|territory_pressure:0.0847|opportunity_cost:-0.0000
4,utility_tunneler_vs_phase_player,19,player,utility_tunneler,3,tunnel_extend,"(-3, 3)","(-2, 2)",,0.2479,0.1734,0.0,F,resource_fit:0.1333|tunnel_access_gain:0.0000|enemy_tunnel_threat:0.0548|own_tunnel_pressure:-0.0250|collapse_risk:-0.0000|territory_pressure:0.0847|opportunity_cost:-0.0000
4,utility_tunneler_vs_phase_player,19,player,utility_tunneler,3,tunnel_extend,"(-2, 1)","(-2, 2)",,0.2479,0.1734,0.0,F,resource_fit:0.1333|tunnel_access_gain:0.0000|enemy_tunnel_threat:0.0548|own_tunnel_pressure:-0.0250|collapse_risk:-0.0000|territory_pressure:0.0847|opportunity_cost:-0.0000
4,utility_tunneler_vs_phase_player,19,player,utility_tunneler,3,tunnel_extend,"(-2, 3)","(-2, 2)",,0.2479,0.1734,0.0,F,resource_fit:0.1333|tunnel_access_gain:0.0000|enemy_tunnel_threat:0.0548|own_tunnel_pressure:-0.0250|collapse_risk:-0.0000|territory_pressure:0.0847|opportunity_cost:-0.0000
4,utility_tunneler_vs_phase_player,19,player,utility_tunneler,3,tunnel_extend,"(-1, 1)","(-2, 2)",,0.3062,0.1734,0.0,F,resource_fit:0.1333|tunnel_access_gain:0.0583|enemy_tunnel_threat:0.0548|own_tunnel_pressure:-0.0250|collapse_risk:-0.0000|territory_pressure:0.0847|opportunity_cost:-0.0000
4,utility_tunneler_vs_phase_player,19,player,utility_tunneler,3,tunnel_extend,"(-1, 2)","(-2, 2)",,0.3062,0.1734,0.0,F,resource_fit:0.1333|tunnel_access_gain:0.0583|enemy_tunnel_threat:0.0548|own_tunnel_pressure:-0.0250|collapse_risk:-0.0000|territory_pressure:0.0847|opportunity_cost:-0.0000
4,utility_tunneler_vs_phase_player,19,player,utility_tunneler,3,tunnel_extend,"(-2, 2)","(-2, 3)",,0.2229,0.1734,0.0,F,resource_fit:0.1333|tunnel_access_gain:0.0000|enemy_tunnel_threat:0.0548|own_tunnel_pressure:-0.0500|collapse_risk:-0.0000|territory_pressure:0.0847|opportunity_cost:-0.0000
4,utility_tunneler_vs_phase_player,19,player,utility_tunneler,3,tunnel_extend,"(-1, 2)","(-2, 3)",,0.2812,0.1734,0.0,F,resource_fit:0.1333|tunnel_access_gain:0.0583|enemy_tunnel_threat:0.0548|own_tunnel_pressure:-0.0500|collapse_risk:-0.0000|territory_pressure:0.0847|opportunity_cost:-0.0000
4,utility_tunneler_vs_phase_player,19,player,utility_tunneler,3,tunnel_extend,"(-1, 3)","(-2, 3)",,0.2812,0.1734,0.0,F,resource_fit:0.1333|tunnel_access_gain:0.0583|enemy_tunnel_threat:0.0548|own_tunnel_pressure:-0.0500|collapse_risk:-0.0000|territory_pressure:0.0847|opportunity_cost:-0.0000
4,utility_tunneler_vs_phase_player,19,player,utility_tunneler,3,tunnel_extend,"(-1, -1)","(-1, -2)",,0.3062,0.1734,0.0,T,resource_fit:0.1333|tunnel_access_gain:0.0583|enemy_tunnel_threat:0.0548|own_tunnel_pressure:-0.0250|collapse_risk:-0.0000|territory_pressure:0.0847|opportunity_cost:-0.0000
4,utility_tunneler_vs_phase_player,19,player,utility_tunneler,3,tunnel_extend,"(0, -3)","(-1, -2)",,0.3062,0.1734,0.0,F,resource_fit:0.1333|tunnel_access_gain:0.0583|enemy_tunnel_threat:0.0548|own_tunnel_pressure:-0.0250|collapse_risk:-0.0000|territory_pressure:0.0847|opportunity_cost:-0.0000
4,utility_tunneler_vs_phase_player,19,player,utility_tunneler,3,tunnel_extend,"(0, -2)","(-1, -2)",,0.3062,0.1734,0.0,F,resource_fit:0.1333|tunnel_access_gain:0.0583|enemy_tunnel_threat:0.0548|own_tunnel_pressure:-0.0250|collapse_risk:-0.0000|territory_pressure:0.0847|opportunity_cost:-0.0000
4,utility_tunneler_vs_phase_player,19,player,utility_tunneler,3,wait,,,,0.0,0.1734,0.1734,F,opportunity_cost:-0.1734
4,utility_tunneler_vs_phase_player,20,player,utility_tunneler,1,tunnel_extend,"(-2, 0)","(-3, 1)",,0.269,0.7006,0.4316,F,resource_fit:0.1500|tunnel_access_gain:0.0000|enemy_tunnel_threat:0.0648|own_tunnel_pressure:-0.0500|collapse_risk:-0.0000|territory_pressure:0.1042|opportunity_cost:-0.4316
4,utility_tunneler_vs_phase_player,20,player,utility_tunneler,1,tunnel_extend,"(-2, 1)","(-3, 1)",,0.269,0.7006,0.4316,F,resource_fit:0.1500|tunnel_access_gain:0.0000|enemy_tunnel_threat:0.0648|own_tunnel_pressure:-0.0500|collapse_risk:-0.0000|territory_pressure:0.1042|opportunity_cost:-0.4316
4,utility_tunneler_vs_phase_player,20,player,utility_tunneler,1,tunnel_extend,"(-3, 3)","(-3, 2)",,0.244,0.7006,0.4566,F,resource_fit:0.1500|tunnel_access_gain:0.0000|enemy_tunnel_threat:0.0648|own_tunnel_pressure:-0.0750|collapse_risk:-0.0000|territory_pressure:0.1042|opportunity_cost:-0.4566
4,utility_tunneler_vs_phase_player,20,player,utility_tunneler,1,tunnel_extend,"(-2, 2)","(-3, 2)",,0.244,0.7006,0.4566,F,resource_fit:0.1500|tunnel_access_gain:0.0000|enemy_tunnel_threat:0.0648|own_tunnel_pressure:-0.0750|collapse_risk:-0.0000|territory_pressure:0.1042|opportunity_cost:-0.4566
4,utility_tunneler_vs_phase_player,20,player,utility_tunneler,1,tunnel_extend,"(-3, 2)","(-3, 3)",,0.269,0.7006,0.4316,F,resource_fit:0.1500|tunnel_access_gain:0.0000|enemy_tunnel_threat:0.0648|own_tunnel_pressure:-0.0500|collapse_risk:-0.0000|territory_pressure:0.1042|opportunity_cost:-0.4316
4,utility_tunneler_vs_phase_player,20,player,utility_tunneler,1,tunnel_extend,"(-2, 2)","(-3, 3)",,0.269,0.7006,0.4316,F,resource_fit:0.1500|tunnel_access_gain:0.0000|enemy_tunnel_threat:0.0648|own_tunnel_pressure:-0.0500|collapse_risk:-0.0000|territory_pressure:0.1042|opportunity_cost:-0.4316
4,utility_tunneler_vs_phase_player,20,player,utility_tunneler,1,tunnel_extend,"(-1, -1)","(-2, -1)",,0.244,0.7006,0.4566,F,resource_fit:0.1500|tunnel_access_gain:0.0000|enemy_tunnel_threat:0.0648|own_tunnel_pressure:-0.0750|collapse_risk:-0.0000|territory_pressure:0.1042|opportunity_cost:-0.4566
4,utility_tunneler_vs_phase_player,20,player,utility_tunneler,1,tunnel_extend,"(-3, 1)","(-2, 0)",,0.269,0.7006,0.4316,F,resource_fit:0.1500|tunnel_access_gain:0.0000|enemy_tunnel_threat:0.0648|own_tunnel_pressure:-0.0500|collapse_risk:-0.0000|territory_pressure:0.1042|opportunity_cost:-0.4316
4,utility_tunneler_vs_phase_player,20,player,utility_tunneler,1,tunnel_extend,"(-2, 1)","(-2, 0)",,0.269,0.7006,0.4316,F,resource_fit:0.1500|tunnel_access_gain:0.0000|enemy_tunnel_threat:0.0648|own_tunnel_pressure:-0.0500|collapse_risk:-0.0000|territory_pressure:0.1042|opportunity_cost:-0.4316
4,utility_tunneler_vs_phase_player,20,player,utility_tunneler,1,tunnel_extend,"(-1, -1)","(-2, 0)",,0.269,0.7006,0.4316,F,resource_fit:0.1500|tunnel_access_gain:0.0000|enemy_tunnel_threat:0.0648|own_tunnel_pressure:-0.0500|collapse_risk:-0.0000|territory_pressure:0.1042|opportunity_cost:-0.4316
4,utility_tunneler_vs_phase_player,20,player,utility_tunneler,1,tunnel_extend,"(-1, 0)","(-2, 0)",,0.3273,0.7006,0.3732,F,resource_fit:0.1500|tunnel_access_gain:0.0583|enemy_tunnel_threat:0.0648|own_tunnel_pressure:-0.0500|collapse_risk:-0.0000|territory_pressure:0.1042|opportunity_cost:-0.3732
4,utility_tunneler_vs_phase_player,20,player,utility_tunneler,1,tunnel_extend,"(-3, 1)","(-2, 1)",,0.269,0.7006,0.4316,F,resource_fit:0.1500|tunnel_access_gain:0.0000|enemy_tunnel_threat:0.0648|own_tunnel_pressure:-0.0500|collapse_risk:-0.0000|territory_pressure:0.1042|opportunity_cost:-0.4316
4,utility_tunneler_vs_phase_player,20,player,utility_tunneler,1,tunnel_extend,"(-2, 0)","(-2, 1)",,0.269,0.7006,0.4316,F,resource_fit:0.1500|tunnel_access_gain:0.0000|enemy_tunnel_threat:0.0648|own_tunnel_pressure:-0.0500|collapse_risk:-0.0000|territory_pressure:0.1042|opportunity_cost:-0.4316
4,utility_tunneler_vs_phase_player,20,player,utility_tunneler,1,tunnel_extend,"(-2, 2)","(-2, 1)",,0.269,0.7006,0.4316,F,resource_fit:0.1500|tunnel_access_gain:0.0000|enemy_tunnel_threat:0.0648|own_tunnel_pressure:-0.0500|collapse_risk:-0.0000|territory_pressure:0.1042|opportunity_cost:-0.4316
4,utility_tunneler_vs_phase_player,20,player,utility_tunneler,1,tunnel_extend,"(-1, 0)","(-2, 1)",,0.3273,0.7006,0.3732,F,resource_fit:0.1500|tunnel_access_gain:0.0583|enemy_tunnel_threat:0.0648|own_tunnel_pressure:-0.0500|collapse_risk:-0.0000|territory_pressure:0.1042|opportunity_cost:-0.3732
4,utility_tunneler_vs_phase_player,20,player,utility_tunneler,1,tunnel_extend,"(-1, 1)","(-2, 1)",,0.3273,0.7006,0.3732,F,resource_fit:0.1500|tunnel_access_gain:0.0583|enemy_tunnel_threat:0.0648|own_tunnel_pressure:-0.0500|collapse_risk:-0.0000|territory_pressure:0.1042|opportunity_cost:-0.3732
4,utility_tunneler_vs_phase_player,20,player,utility_tunneler,1,tunnel_extend,"(-3, 2)","(-2, 2)",,0.294,0.7006,0.4066,F,resource_fit:0.1500|tunnel_access_gain:0.0000|enemy_tunnel_threat:0.0648|own_tunnel_pressure:-0.0250|collapse_risk:-0.0000|territory_pressure:0.1042|opportunity_cost:-0.4066
4,utility_tunneler_vs_phase_player,20,player,utility_tunneler,1,tunnel_extend,"(-3, 3)","(-2, 2)",,0.294,0.7006,0.4066,F,resource_fit:0.1500|tunnel_access_gain:0.0000|enemy_tunnel_threat:0.0648|own_tunnel_pressure:-0.0250|collapse_risk:-0.0000|territory_pressure:0.1042|opportunity_cost:-0.4066
4,utility_tunneler_vs_phase_player,20,player,utility_tunneler,1,tunnel_extend,"(-2, 1)","(-2, 2)",,0.294,0.7006,0.4066,F,resource_fit:0.1500|tunnel_access_gain:0.0000|enemy_tunnel_threat:0.0648|own_tunnel_pressure:-0.0250|collapse_risk:-0.0000|territory_pressure:0.1042|opportunity_cost:-0.4066
4,utility_tunneler_vs_phase_player,20,player,utility_tunneler,1,tunnel_extend,"(-2, 3)","(-2, 2)",,0.294,0.7006,0.4066,F,resource_fit:0.1500|tunnel_access_gain:0.0000|enemy_tunnel_threat:0.0648|own_tunnel_pressure:-0.0250|collapse_risk:-0.0000|territory_pressure:0.1042|opportunity_cost:-0.4066
4,utility_tunneler_vs_phase_player,20,player,utility_tunneler,1,tunnel_extend,"(-1, 1)","(-2, 2)",,0.3523,0.7006,0.3482,F,resource_fit:0.1500|tunnel_access_gain:0.0583|enemy_tunnel_threat:0.0648|own_tunnel_pressure:-0.0250|collapse_risk:-0.0000|territory_pressure:0.1042|opportunity_cost:-0.3482
4,utility_tunneler_vs_phase_player,20,player,utility_tunneler,1,tunnel_extend,"(-1, 2)","(-2, 2)",,0.3523,0.7006,0.3482,F,resource_fit:0.1500|tunnel_access_gain:0.0583|enemy_tunnel_threat:0.0648|own_tunnel_pressure:-0.0250|collapse_risk:-0.0000|territory_pressure:0.1042|opportunity_cost:-0.3482
4,utility_tunneler_vs_phase_player,20,player,utility_tunneler,1,tunnel_extend,"(-2, 2)","(-2, 3)",,0.269,0.7006,0.4316,F,resource_fit:0.1500|tunnel_access_gain:0.0000|enemy_tunnel_threat:0.0648|own_tunnel_pressure:-0.0500|collapse_risk:-0.0000|territory_pressure:0.1042|opportunity_cost:-0.4316
4,utility_tunneler_vs_phase_player,20,player,utility_tunneler,1,tunnel_extend,"(-1, 2)","(-2, 3)",,0.3273,0.7006,0.3732,F,resource_fit:0.1500|tunnel_access_gain:0.0583|enemy_tunnel_threat:0.0648|own_tunnel_pressure:-0.0500|collapse_risk:-0.0000|territory_pressure:0.1042|opportunity_cost:-0.3732
4,utility_tunneler_vs_phase_player,20,player,utility_tunneler,1,tunnel_extend,"(-1, 3)","(-2, 3)",,0.3273,0.7006,0.3732,F,resource_fit:0.1500|tunnel_access_gain:0.0583|enemy_tunnel_threat:0.0648|own_tunnel_pressure:-0.0500|collapse_risk:-0.0000|territory_pressure:0.1042|opportunity_cost:-0.3732
4,utility_tunneler_vs_phase_player,20,player,utility_tunneler,1,tunnel_extend,"(0, -3)","(-1, -2)",,0.3273,0.7006,0.3732,F,resource_fit:0.1500|tunnel_access_gain:0.0583|enemy_tunnel_threat:0.0648|own_tunnel_pressure:-0.0500|collapse_risk:-0.0000|territory_pressure:0.1042|opportunity_cost:-0.3732
4,utility_tunneler_vs_phase_player,20,player,utility_tunneler,1,tunnel_extend,"(0, -2)","(-1, -2)",,0.3273,0.7006,0.3732,F,resource_fit:0.1500|tunnel_access_gain:0.0583|enemy_tunnel_threat:0.0648|own_tunnel_pressure:-0.0500|collapse_risk:-0.0000|territory_pressure:0.1042|opportunity_cost:-0.3732
4,utility_tunneler_vs_phase_player,20,player,utility_tunneler,1,tunnel_extend,"(-2, -1)","(-1, -1)",,0.294,0.7006,0.4066,F,resource_fit:0.1500|tunnel_access_gain:0.0000|enemy_tunnel_threat:0.0648|own_tunnel_pressure:-0.0250|collapse_risk:-0.0000|territory_pressure:0.1042|opportunity_cost:-0.4066
4,utility_tunneler_vs_phase_player,20,player,utility_tunneler,1,tunnel_extend,"(-2, 0)","(-1, -1)",,0.294,0.7006,0.4066,F,resource_fit:0.1500|tunnel_access_gain:0.0000|enemy_tunnel_threat:0.0648|own_tunnel_pressure:-0.0250|collapse_risk:-0.0000|territory_pressure:0.1042|opportunity_cost:-0.4066
4,utility_tunneler_vs_phase_player,20,player,utility_tunneler,1,tunnel_extend,"(-1, 0)","(-1, -1)",,0.3523,0.7006,0.3482,F,resource_fit:0.1500|tunnel_access_gain:0.0583|enemy_tunnel_threat:0.0648|own_tunnel_pressure:-0.0250|collapse_risk:-0.0000|territory_pressure:0.1042|opportunity_cost:-0.3482
4,utility_tunneler_vs_phase_player,20,player,utility_tunneler,1,tunnel_extend,"(0, -2)","(-1, -1)",,0.3523,0.7006,0.3482,F,resource_fit:0.1500|tunnel_access_gain:0.0583|enemy_tunnel_threat:0.0648|own_tunnel_pressure:-0.0250|collapse_risk:-0.0000|territory_pressure:0.1042|opportunity_cost:-0.3482
4,utility_tunneler_vs_phase_player,20,player,utility_tunneler,1,tunnel_extend,"(0, -1)","(-1, -1)",,0.3523,0.7006,0.3482,F,resource_fit:0.1500|tunnel_access_gain:0.0583|enemy_tunnel_threat:0.0648|own_tunnel_pressure:-0.0250|collapse_risk:-0.0000|territory_pressure:0.1042|opportunity_cost:-0.3482
4,utility_tunneler_vs_phase_player,20,player,utility_tunneler,1,tunnel_raid,"(-1, -1)",,,0.5101,0.7006,0.1905,F,resource_fit:0.0625|enemy_tunnel_threat:0.0432|raid_value:0.3262|territory_pressure:0.0782|opportunity_cost:-0.1905
4,utility_tunneler_vs_phase_player,20,player,utility_tunneler,1,wait,,,,0.0,0.7006,0.7006,F,opportunity_cost:-0.7006
4,utility_tunneler_vs_phase_player,20,player,utility_tunneler,2,tunnel_extend,"(-2, 0)","(-3, 1)",,0.269,0.0347,0.0,F,resource_fit:0.1500|tunnel_access_gain:0.0000|enemy_tunnel_threat:0.0648|own_tunnel_pressure:-0.0500|collapse_risk:-0.0000|territory_pressure:0.1042|opportunity_cost:-0.0000
4,utility_tunneler_vs_phase_player,20,player,utility_tunneler,2,tunnel_extend,"(-2, 1)","(-3, 1)",,0.269,0.0347,0.0,F,resource_fit:0.1500|tunnel_access_gain:0.0000|enemy_tunnel_threat:0.0648|own_tunnel_pressure:-0.0500|collapse_risk:-0.0000|territory_pressure:0.1042|opportunity_cost:-0.0000
4,utility_tunneler_vs_phase_player,20,player,utility_tunneler,2,tunnel_extend,"(-3, 3)","(-3, 2)",,0.244,0.0347,0.0,F,resource_fit:0.1500|tunnel_access_gain:0.0000|enemy_tunnel_threat:0.0648|own_tunnel_pressure:-0.0750|collapse_risk:-0.0000|territory_pressure:0.1042|opportunity_cost:-0.0000
4,utility_tunneler_vs_phase_player,20,player,utility_tunneler,2,tunnel_extend,"(-2, 2)","(-3, 2)",,0.244,0.0347,0.0,F,resource_fit:0.1500|tunnel_access_gain:0.0000|enemy_tunnel_threat:0.0648|own_tunnel_pressure:-0.0750|collapse_risk:-0.0000|territory_pressure:0.1042|opportunity_cost:-0.0000
4,utility_tunneler_vs_phase_player,20,player,utility_tunneler,2,tunnel_extend,"(-3, 2)","(-3, 3)",,0.269,0.0347,0.0,F,resource_fit:0.1500|tunnel_access_gain:0.0000|enemy_tunnel_threat:0.0648|own_tunnel_pressure:-0.0500|collapse_risk:-0.0000|territory_pressure:0.1042|opportunity_cost:-0.0000
4,utility_tunneler_vs_phase_player,20,player,utility_tunneler,2,tunnel_extend,"(-2, 2)","(-3, 3)",,0.269,0.0347,0.0,F,resource_fit:0.1500|tunnel_access_gain:0.0000|enemy_tunnel_threat:0.0648|own_tunnel_pressure:-0.0500|collapse_risk:-0.0000|territory_pressure:0.1042|opportunity_cost:-0.0000
4,utility_tunneler_vs_phase_player,20,player,utility_tunneler,2,tunnel_extend,"(-1, -1)","(-2, -1)",,0.244,0.0347,0.0,F,resource_fit:0.1500|tunnel_access_gain:0.0000|enemy_tunnel_threat:0.0648|own_tunnel_pressure:-0.0750|collapse_risk:-0.0000|territory_pressure:0.1042|opportunity_cost:-0.0000
4,utility_tunneler_vs_phase_player,20,player,utility_tunneler,2,tunnel_extend,"(-3, 1)","(-2, 0)",,0.269,0.0347,0.0,F,resource_fit:0.1500|tunnel_access_gain:0.0000|enemy_tunnel_threat:0.0648|own_tunnel_pressure:-0.0500|collapse_risk:-0.0000|territory_pressure:0.1042|opportunity_cost:-0.0000
4,utility_tunneler_vs_phase_player,20,player,utility_tunneler,2,tunnel_extend,"(-2, 1)","(-2, 0)",,0.269,0.0347,0.0,F,resource_fit:0.1500|tunnel_access_gain:0.0000|enemy_tunnel_threat:0.0648|own_tunnel_pressure:-0.0500|collapse_risk:-0.0000|territory_pressure:0.1042|opportunity_cost:-0.0000
4,utility_tunneler_vs_phase_player,20,player,utility_tunneler,2,tunnel_extend,"(-1, -1)","(-2, 0)",,0.269,0.0347,0.0,F,resource_fit:0.1500|tunnel_access_gain:0.0000|enemy_tunnel_threat:0.0648|own_tunnel_pressure:-0.0500|collapse_risk:-0.0000|territory_pressure:0.1042|opportunity_cost:-0.0000
4,utility_tunneler_vs_phase_player,20,player,utility_tunneler,2,tunnel_extend,"(-1, 0)","(-2, 0)",,0.3273,0.0347,0.0,F,resource_fit:0.1500|tunnel_access_gain:0.0583|enemy_tunnel_threat:0.0648|own_tunnel_pressure:-0.0500|collapse_risk:-0.0000|territory_pressure:0.1042|opportunity_cost:-0.0000
4,utility_tunneler_vs_phase_player,20,player,utility_tunneler,2,tunnel_extend,"(-3, 1)","(-2, 1)",,0.269,0.0347,0.0,F,resource_fit:0.1500|tunnel_access_gain:0.0000|enemy_tunnel_threat:0.0648|own_tunnel_pressure:-0.0500|collapse_risk:-0.0000|territory_pressure:0.1042|opportunity_cost:-0.0000
4,utility_tunneler_vs_phase_player,20,player,utility_tunneler,2,tunnel_extend,"(-2, 0)","(-2, 1)",,0.269,0.0347,0.0,F,resource_fit:0.1500|tunnel_access_gain:0.0000|enemy_tunnel_threat:0.0648|own_tunnel_pressure:-0.0500|collapse_risk:-0.0000|territory_pressure:0.1042|opportunity_cost:-0.0000
4,utility_tunneler_vs_phase_player,20,player,utility_tunneler,2,tunnel_extend,"(-2, 2)","(-2, 1)",,0.269,0.0347,0.0,F,resource_fit:0.1500|tunnel_access_gain:0.0000|enemy_tunnel_threat:0.0648|own_tunnel_pressure:-0.0500|collapse_risk:-0.0000|territory_pressure:0.1042|opportunity_cost:-0.0000
4,utility_tunneler_vs_phase_player,20,player,utility_tunneler,2,tunnel_extend,"(-1, 0)","(-2, 1)",,0.3273,0.0347,0.0,F,resource_fit:0.1500|tunnel_access_gain:0.0583|enemy_tunnel_threat:0.0648|own_tunnel_pressure:-0.0500|collapse_risk:-0.0000|territory_pressure:0.1042|opportunity_cost:-0.0000
4,utility_tunneler_vs_phase_player,20,player,utility_tunneler,2,tunnel_extend,"(-1, 1)","(-2, 1)",,0.3273,0.0347,0.0,F,resource_fit:0.1500|tunnel_access_gain:0.0583|enemy_tunnel_threat:0.0648|own_tunnel_pressure:-0.0500|collapse_risk:-0.0000|territory_pressure:0.1042|opportunity_cost:-0.0000
4,utility_tunneler_vs_phase_player,20,player,utility_tunneler,2,tunnel_extend,"(-3, 2)","(-2, 2)",,0.294,0.0347,0.0,F,resource_fit:0.1500|tunnel_access_gain:0.0000|enemy_tunnel_threat:0.0648|own_tunnel_pressure:-0.0250|collapse_risk:-0.0000|territory_pressure:0.1042|opportunity_cost:-0.0000
4,utility_tunneler_vs_phase_player,20,player,utility_tunneler,2,tunnel_extend,"(-3, 3)","(-2, 2)",,0.294,0.0347,0.0,F,resource_fit:0.1500|tunnel_access_gain:0.0000|enemy_tunnel_threat:0.0648|own_tunnel_pressure:-0.0250|collapse_risk:-0.0000|territory_pressure:0.1042|opportunity_cost:-0.0000
4,utility_tunneler_vs_phase_player,20,player,utility_tunneler,2,tunnel_extend,"(-2, 1)","(-2, 2)",,0.294,0.0347,0.0,F,resource_fit:0.1500|tunnel_access_gain:0.0000|enemy_tunnel_threat:0.0648|own_tunnel_pressure:-0.0250|collapse_risk:-0.0000|territory_pressure:0.1042|opportunity_cost:-0.0000
4,utility_tunneler_vs_phase_player,20,player,utility_tunneler,2,tunnel_extend,"(-2, 3)","(-2, 2)",,0.294,0.0347,0.0,F,resource_fit:0.1500|tunnel_access_gain:0.0000|enemy_tunnel_threat:0.0648|own_tunnel_pressure:-0.0250|collapse_risk:-0.0000|territory_pressure:0.1042|opportunity_cost:-0.0000
4,utility_tunneler_vs_phase_player,20,player,utility_tunneler,2,tunnel_extend,"(-1, 1)","(-2, 2)",,0.3523,0.0347,0.0,F,resource_fit:0.1500|tunnel_access_gain:0.0583|enemy_tunnel_threat:0.0648|own_tunnel_pressure:-0.0250|collapse_risk:-0.0000|territory_pressure:0.1042|opportunity_cost:-0.0000
4,utility_tunneler_vs_phase_player,20,player,utility_tunneler,2,tunnel_extend,"(-1, 2)","(-2, 2)",,0.3523,0.0347,0.0,F,resource_fit:0.1500|tunnel_access_gain:0.0583|enemy_tunnel_threat:0.0648|own_tunnel_pressure:-0.0250|collapse_risk:-0.0000|territory_pressure:0.1042|opportunity_cost:-0.0000
4,utility_tunneler_vs_phase_player,20,player,utility_tunneler,2,tunnel_extend,"(-2, 2)","(-2, 3)",,0.269,0.0347,0.0,F,resource_fit:0.1500|tunnel_access_gain:0.0000|enemy_tunnel_threat:0.0648|own_tunnel_pressure:-0.0500|collapse_risk:-0.0000|territory_pressure:0.1042|opportunity_cost:-0.0000
4,utility_tunneler_vs_phase_player,20,player,utility_tunneler,2,tunnel_extend,"(-1, 2)","(-2, 3)",,0.3273,0.0347,0.0,F,resource_fit:0.1500|tunnel_access_gain:0.0583|enemy_tunnel_threat:0.0648|own_tunnel_pressure:-0.0500|collapse_risk:-0.0000|territory_pressure:0.1042|opportunity_cost:-0.0000
4,utility_tunneler_vs_phase_player,20,player,utility_tunneler,2,tunnel_extend,"(-1, 3)","(-2, 3)",,0.3273,0.0347,0.0,F,resource_fit:0.1500|tunnel_access_gain:0.0583|enemy_tunnel_threat:0.0648|own_tunnel_pressure:-0.0500|collapse_risk:-0.0000|territory_pressure:0.1042|opportunity_cost:-0.0000
4,utility_tunneler_vs_phase_player,20,player,utility_tunneler,2,tunnel_extend,"(0, -3)","(-1, -2)",,0.3273,0.0347,0.0,F,resource_fit:0.1500|tunnel_access_gain:0.0583|enemy_tunnel_threat:0.0648|own_tunnel_pressure:-0.0500|collapse_risk:-0.0000|territory_pressure:0.1042|opportunity_cost:-0.0000
4,utility_tunneler_vs_phase_player,20,player,utility_tunneler,2,tunnel_extend,"(0, -2)","(-1, -2)",,0.3273,0.0347,0.0,F,resource_fit:0.1500|tunnel_access_gain:0.0583|enemy_tunnel_threat:0.0648|own_tunnel_pressure:-0.0500|collapse_risk:-0.0000|territory_pressure:0.1042|opportunity_cost:-0.0000
4,utility_tunneler_vs_phase_player,20,player,utility_tunneler,2,tunnel_extend,"(-2, -1)","(-1, -1)",,0.294,0.0347,0.0,F,resource_fit:0.1500|tunnel_access_gain:0.0000|enemy_tunnel_threat:0.0648|own_tunnel_pressure:-0.0250|collapse_risk:-0.0000|territory_pressure:0.1042|opportunity_cost:-0.0000
4,utility_tunneler_vs_phase_player,20,player,utility_tunneler,2,tunnel_extend,"(-2, 0)","(-1, -1)",,0.294,0.0347,0.0,F,resource_fit:0.1500|tunnel_access_gain:0.0000|enemy_tunnel_threat:0.0648|own_tunnel_pressure:-0.0250|collapse_risk:-0.0000|territory_pressure:0.1042|opportunity_cost:-0.0000
4,utility_tunneler_vs_phase_player,20,player,utility_tunneler,2,tunnel_extend,"(-1, 0)","(-1, -1)",,0.3523,0.0347,0.0,F,resource_fit:0.1500|tunnel_access_gain:0.0583|enemy_tunnel_threat:0.0648|own_tunnel_pressure:-0.0250|collapse_risk:-0.0000|territory_pressure:0.1042|opportunity_cost:-0.0000
4,utility_tunneler_vs_phase_player,20,player,utility_tunneler,2,tunnel_extend,"(0, -2)","(-1, -1)",,0.3523,0.0347,0.0,F,resource_fit:0.1500|tunnel_access_gain:0.0583|enemy_tunnel_threat:0.0648|own_tunnel_pressure:-0.0250|collapse_risk:-0.0000|territory_pressure:0.1042|opportunity_cost:-0.0000
4,utility_tunneler_vs_phase_player,20,player,utility_tunneler,2,tunnel_extend,"(0, -1)","(-1, -1)",,0.3523,0.0347,0.0,F,resource_fit:0.1500|tunnel_access_gain:0.0583|enemy_tunnel_threat:0.0648|own_tunnel_pressure:-0.0250|collapse_risk:-0.0000|territory_pressure:0.1042|opportunity_cost:-0.0000
4,utility_tunneler_vs_phase_player,20,player,utility_tunneler,2,tunnel_raid,"(-1, -1)",,,0.4401,0.0347,0.0,T,resource_fit:0.0375|enemy_tunnel_threat:0.0432|raid_value:0.2812|territory_pressure:0.0782|opportunity_cost:-0.0000
4,utility_tunneler_vs_phase_player,20,player,utility_tunneler,2,wait,,,,0.0,0.0347,0.0347,F,opportunity_cost:-0.0347
4,utility_tunneler_vs_phase_player,20,player,utility_tunneler,3,tunnel_extend,"(-2, 0)","(-3, 1)",,0.257,0.1734,0.0,F,resource_fit:0.1500|tunnel_access_gain:0.0000|enemy_tunnel_threat:0.0625|own_tunnel_pressure:-0.0500|collapse_risk:-0.0000|territory_pressure:0.0945|opportunity_cost:-0.0000
4,utility_tunneler_vs_phase_player,20,player,utility_tunneler,3,tunnel_extend,"(-2, 1)","(-3, 1)",,0.257,0.1734,0.0,F,resource_fit:0.1500|tunnel_access_gain:0.0000|enemy_tunnel_threat:0.0625|own_tunnel_pressure:-0.0500|collapse_risk:-0.0000|territory_pressure:0.0945|opportunity_cost:-0.0000
4,utility_tunneler_vs_phase_player,20,player,utility_tunneler,3,tunnel_extend,"(-3, 3)","(-3, 2)",,0.232,0.1734,0.0,F,resource_fit:0.1500|tunnel_access_gain:0.0000|enemy_tunnel_threat:0.0625|own_tunnel_pressure:-0.0750|collapse_risk:-0.0000|territory_pressure:0.0945|opportunity_cost:-0.0000
4,utility_tunneler_vs_phase_player,20,player,utility_tunneler,3,tunnel_extend,"(-2, 2)","(-3, 2)",,0.232,0.1734,0.0,F,resource_fit:0.1500|tunnel_access_gain:0.0000|enemy_tunnel_threat:0.0625|own_tunnel_pressure:-0.0750|collapse_risk:-0.0000|territory_pressure:0.0945|opportunity_cost:-0.0000
4,utility_tunneler_vs_phase_player,20,player,utility_tunneler,3,tunnel_extend,"(-3, 2)","(-3, 3)",,0.257,0.1734,0.0,F,resource_fit:0.1500|tunnel_access_gain:0.0000|enemy_tunnel_threat:0.0625|own_tunnel_pressure:-0.0500|collapse_risk:-0.0000|territory_pressure:0.0945|opportunity_cost:-0.0000
4,utility_tunneler_vs_phase_player,20,player,utility_tunneler,3,tunnel_extend,"(-2, 2)","(-3, 3)",,0.257,0.1734,0.0,F,resource_fit:0.1500|tunnel_access_gain:0.0000|enemy_tunnel_threat:0.0625|own_tunnel_pressure:-0.0500|collapse_risk:-0.0000|territory_pressure:0.0945|opportunity_cost:-0.0000
4,utility_tunneler_vs_phase_player,20,player,utility_tunneler,3,tunnel_extend,"(-1, -1)","(-2, -1)",,0.232,0.1734,0.0,F,resource_fit:0.1500|tunnel_access_gain:0.0000|enemy_tunnel_threat:0.0625|own_tunnel_pressure:-0.0750|collapse_risk:-0.0000|territory_pressure:0.0945|opportunity_cost:-0.0000
4,utility_tunneler_vs_phase_player,20,player,utility_tunneler,3,tunnel_extend,"(-3, 1)","(-2, 0)",,0.257,0.1734,0.0,F,resource_fit:0.1500|tunnel_access_gain:0.0000|enemy_tunnel_threat:0.0625|own_tunnel_pressure:-0.0500|collapse_risk:-0.0000|territory_pressure:0.0945|opportunity_cost:-0.0000
4,utility_tunneler_vs_phase_player,20,player,utility_tunneler,3,tunnel_extend,"(-2, 1)","(-2, 0)",,0.257,0.1734,0.0,F,resource_fit:0.1500|tunnel_access_gain:0.0000|enemy_tunnel_threat:0.0625|own_tunnel_pressure:-0.0500|collapse_risk:-0.0000|territory_pressure:0.0945|opportunity_cost:-0.0000
4,utility_tunneler_vs_phase_player,20,player,utility_tunneler,3,tunnel_extend,"(-1, -1)","(-2, 0)",,0.257,0.1734,0.0,F,resource_fit:0.1500|tunnel_access_gain:0.0000|enemy_tunnel_threat:0.0625|own_tunnel_pressure:-0.0500|collapse_risk:-0.0000|territory_pressure:0.0945|opportunity_cost:-0.0000
4,utility_tunneler_vs_phase_player,20,player,utility_tunneler,3,tunnel_extend,"(-1, 0)","(-2, 0)",,0.3153,0.1734,0.0,F,resource_fit:0.1500|tunnel_access_gain:0.0583|enemy_tunnel_threat:0.0625|own_tunnel_pressure:-0.0500|collapse_risk:-0.0000|territory_pressure:0.0945|opportunity_cost:-0.0000
4,utility_tunneler_vs_phase_player,20,player,utility_tunneler,3,tunnel_extend,"(-3, 1)","(-2, 1)",,0.257,0.1734,0.0,F,resource_fit:0.1500|tunnel_access_gain:0.0000|enemy_tunnel_threat:0.0625|own_tunnel_pressure:-0.0500|collapse_risk:-0.0000|territory_pressure:0.0945|opportunity_cost:-0.0000
4,utility_tunneler_vs_phase_player,20,player,utility_tunneler,3,tunnel_extend,"(-2, 0)","(-2, 1)",,0.257,0.1734,0.0,F,resource_fit:0.1500|tunnel_access_gain:0.0000|enemy_tunnel_threat:0.0625|own_tunnel_pressure:-0.0500|collapse_risk:-0.0000|territory_pressure:0.0945|opportunity_cost:-0.0000
4,utility_tunneler_vs_phase_player,20,player,utility_tunneler,3,tunnel_extend,"(-2, 2)","(-2, 1)",,0.257,0.1734,0.0,F,resource_fit:0.1500|tunnel_access_gain:0.0000|enemy_tunnel_threat:0.0625|own_tunnel_pressure:-0.0500|collapse_risk:-0.0000|territory_pressure:0.0945|opportunity_cost:-0.0000
4,utility_tunneler_vs_phase_player,20,player,utility_tunneler,3,tunnel_extend,"(-1, 0)","(-2, 1)",,0.3153,0.1734,0.0,F,resource_fit:0.1500|tunnel_access_gain:0.0583|enemy_tunnel_threat:0.0625|own_tunnel_pressure:-0.0500|collapse_risk:-0.0000|territory_pressure:0.0945|opportunity_cost:-0.0000
4,utility_tunneler_vs_phase_player,20,player,utility_tunneler,3,tunnel_extend,"(-1, 1)","(-2, 1)",,0.3153,0.1734,0.0,F,resource_fit:0.1500|tunnel_access_gain:0.0583|enemy_tunnel_threat:0.0625|own_tunnel_pressure:-0.0500|collapse_risk:-0.0000|territory_pressure:0.0945|opportunity_cost:-0.0000
4,utility_tunneler_vs_phase_player,20,player,utility_tunneler,3,tunnel_extend,"(-3, 2)","(-2, 2)",,0.282,0.1734,0.0,F,resource_fit:0.1500|tunnel_access_gain:0.0000|enemy_tunnel_threat:0.0625|own_tunnel_pressure:-0.0250|collapse_risk:-0.0000|territory_pressure:0.0945|opportunity_cost:-0.0000
4,utility_tunneler_vs_phase_player,20,player,utility_tunneler,3,tunnel_extend,"(-3, 3)","(-2, 2)",,0.282,0.1734,0.0,F,resource_fit:0.1500|tunnel_access_gain:0.0000|enemy_tunnel_threat:0.0625|own_tunnel_pressure:-0.0250|collapse_risk:-0.0000|territory_pressure:0.0945|opportunity_cost:-0.0000
4,utility_tunneler_vs_phase_player,20,player,utility_tunneler,3,tunnel_extend,"(-2, 1)","(-2, 2)",,0.282,0.1734,0.0,F,resource_fit:0.1500|tunnel_access_gain:0.0000|enemy_tunnel_threat:0.0625|own_tunnel_pressure:-0.0250|collapse_risk:-0.0000|territory_pressure:0.0945|opportunity_cost:-0.0000
4,utility_tunneler_vs_phase_player,20,player,utility_tunneler,3,tunnel_extend,"(-2, 3)","(-2, 2)",,0.282,0.1734,0.0,F,resource_fit:0.1500|tunnel_access_gain:0.0000|enemy_tunnel_threat:0.0625|own_tunnel_pressure:-0.0250|collapse_risk:-0.0000|territory_pressure:0.0945|opportunity_cost:-0.0000
4,utility_tunneler_vs_phase_player,20,player,utility_tunneler,3,tunnel_extend,"(-1, 1)","(-2, 2)",,0.3403,0.1734,0.0,F,resource_fit:0.1500|tunnel_access_gain:0.0583|enemy_tunnel_threat:0.0625|own_tunnel_pressure:-0.0250|collapse_risk:-0.0000|territory_pressure:0.0945|opportunity_cost:-0.0000
4,utility_tunneler_vs_phase_player,20,player,utility_tunneler,3,tunnel_extend,"(-1, 2)","(-2, 2)",,0.3403,0.1734,0.0,F,resource_fit:0.1500|tunnel_access_gain:0.0583|enemy_tunnel_threat:0.0625|own_tunnel_pressure:-0.0250|collapse_risk:-0.0000|territory_pressure:0.0945|opportunity_cost:-0.0000
4,utility_tunneler_vs_phase_player,20,player,utility_tunneler,3,tunnel_extend,"(-2, 2)","(-2, 3)",,0.257,0.1734,0.0,F,resource_fit:0.1500|tunnel_access_gain:0.0000|enemy_tunnel_threat:0.0625|own_tunnel_pressure:-0.0500|collapse_risk:-0.0000|territory_pressure:0.0945|opportunity_cost:-0.0000
4,utility_tunneler_vs_phase_player,20,player,utility_tunneler,3,tunnel_extend,"(-1, 2)","(-2, 3)",,0.3153,0.1734,0.0,F,resource_fit:0.1500|tunnel_access_gain:0.0583|enemy_tunnel_threat:0.0625|own_tunnel_pressure:-0.0500|collapse_risk:-0.0000|territory_pressure:0.0945|opportunity_cost:-0.0000
4,utility_tunneler_vs_phase_player,20,player,utility_tunneler,3,tunnel_extend,"(-1, 3)","(-2, 3)",,0.3153,0.1734,0.0,F,resource_fit:0.1500|tunnel_access_gain:0.0583|enemy_tunnel_threat:0.0625|own_tunnel_pressure:-0.0500|collapse_risk:-0.0000|territory_pressure:0.0945|opportunity_cost:-0.0000
4,utility_tunneler_vs_phase_player,20,player,utility_tunneler,3,tunnel_extend,"(0, -3)","(-1, -2)",,0.3153,0.1734,0.0,F,resource_fit:0.1500|tunnel_access_gain:0.0583|enemy_tunnel_threat:0.0625|own_tunnel_pressure:-0.0500|collapse_risk:-0.0000|territory_pressure:0.0945|opportunity_cost:-0.0000
4,utility_tunneler_vs_phase_player,20,player,utility_tunneler,3,tunnel_extend,"(0, -2)","(-1, -2)",,0.3153,0.1734,0.0,F,resource_fit:0.1500|tunnel_access_gain:0.0583|enemy_tunnel_threat:0.0625|own_tunnel_pressure:-0.0500|collapse_risk:-0.0000|territory_pressure:0.0945|opportunity_cost:-0.0000
4,utility_tunneler_vs_phase_player,20,player,utility_tunneler,3,tunnel_extend,"(-2, -1)","(-1, -1)",,0.282,0.1734,0.0,F,resource_fit:0.1500|tunnel_access_gain:0.0000|enemy_tunnel_threat:0.0625|own_tunnel_pressure:-0.0250|collapse_risk:-0.0000|territory_pressure:0.0945|opportunity_cost:-0.0000
4,utility_tunneler_vs_phase_player,20,player,utility_tunneler,3,tunnel_extend,"(-2, 0)","(-1, -1)",,0.282,0.1734,0.0,F,resource_fit:0.1500|tunnel_access_gain:0.0000|enemy_tunnel_threat:0.0625|own_tunnel_pressure:-0.0250|collapse_risk:-0.0000|territory_pressure:0.0945|opportunity_cost:-0.0000
4,utility_tunneler_vs_phase_player,20,player,utility_tunneler,3,tunnel_extend,"(-1, 0)","(-1, -1)",,0.3403,0.1734,0.0,T,resource_fit:0.1500|tunnel_access_gain:0.0583|enemy_tunnel_threat:0.0625|own_tunnel_pressure:-0.0250|collapse_risk:-0.0000|territory_pressure:0.0945|opportunity_cost:-0.0000
4,utility_tunneler_vs_phase_player,20,player,utility_tunneler,3,tunnel_extend,"(0, -2)","(-1, -1)",,0.3403,0.1734,0.0,F,resource_fit:0.1500|tunnel_access_gain:0.0583|enemy_tunnel_threat:0.0625|own_tunnel_pressure:-0.0250|collapse_risk:-0.0000|territory_pressure:0.0945|opportunity_cost:-0.0000
4,utility_tunneler_vs_phase_player,20,player,utility_tunneler,3,tunnel_extend,"(0, -1)","(-1, -1)",,0.3403,0.1734,0.0,F,resource_fit:0.1500|tunnel_access_gain:0.0583|enemy_tunnel_threat:0.0625|own_tunnel_pressure:-0.0250|collapse_risk:-0.0000|territory_pressure:0.0945|opportunity_cost:-0.0000
4,utility_tunneler_vs_phase_player,20,player,utility_tunneler,3,wait,,,,0.0,0.1734,0.1734,F,opportunity_cost:-0.1734
4,utility_tunneler_vs_phase_player,21,player,utility_tunneler,1,tunnel_entrance,"(-1, -2)",,,0.4361,0.3593,0.0,F,resource_fit:0.1979|tunnel_access_gain:0.1000|enemy_tunnel_threat:0.0438|collapse_risk:-0.0000|territory_pressure:0.0945|opportunity_cost:-0.0000
4,utility_tunneler_vs_phase_player,21,player,utility_tunneler,1,tunnel_entrance,"(-1, 2)",,,0.4361,0.3593,0.0,F,resource_fit:0.1979|tunnel_access_gain:0.1000|enemy_tunnel_threat:0.0438|collapse_risk:-0.0000|territory_pressure:0.0945|opportunity_cost:-0.0000
4,utility_tunneler_vs_phase_player,21,player,utility_tunneler,1,tunnel_extend,"(-2, 0)","(-3, 1)",,0.2768,0.3593,0.0826,F,resource_fit:0.1667|tunnel_access_gain:0.0000|enemy_tunnel_threat:0.0656|own_tunnel_pressure:-0.0500|collapse_risk:-0.0000|territory_pressure:0.0945|opportunity_cost:-0.0826
4,utility_tunneler_vs_phase_player,21,player,utility_tunneler,1,tunnel_extend,"(-2, 1)","(-3, 1)",,0.2768,0.3593,0.0826,F,resource_fit:0.1667|tunnel_access_gain:0.0000|enemy_tunnel_threat:0.0656|own_tunnel_pressure:-0.0500|collapse_risk:-0.0000|territory_pressure:0.0945|opportunity_cost:-0.0826
4,utility_tunneler_vs_phase_player,21,player,utility_tunneler,1,tunnel_extend,"(-3, 3)","(-3, 2)",,0.2518,0.3593,0.1076,F,resource_fit:0.1667|tunnel_access_gain:0.0000|enemy_tunnel_threat:0.0656|own_tunnel_pressure:-0.0750|collapse_risk:-0.0000|territory_pressure:0.0945|opportunity_cost:-0.1076
4,utility_tunneler_vs_phase_player,21,player,utility_tunneler,1,tunnel_extend,"(-2, 2)","(-3, 2)",,0.2518,0.3593,0.1076,F,resource_fit:0.1667|tunnel_access_gain:0.0000|enemy_tunnel_threat:0.0656|own_tunnel_pressure:-0.0750|collapse_risk:-0.0000|territory_pressure:0.0945|opportunity_cost:-0.1076
4,utility_tunneler_vs_phase_player,21,player,utility_tunneler,1,tunnel_extend,"(-3, 2)","(-3, 3)",,0.2768,0.3593,0.0826,F,resource_fit:0.1667|tunnel_access_gain:0.0000|enemy_tunnel_threat:0.0656|own_tunnel_pressure:-0.0500|collapse_risk:-0.0000|territory_pressure:0.0945|opportunity_cost:-0.0826
4,utility_tunneler_vs_phase_player,21,player,utility_tunneler,1,tunnel_extend,"(-2, 2)","(-3, 3)",,0.2768,0.3593,0.0826,F,resource_fit:0.1667|tunnel_access_gain:0.0000|enemy_tunnel_threat:0.0656|own_tunnel_pressure:-0.0500|collapse_risk:-0.0000|territory_pressure:0.0945|opportunity_cost:-0.0826
4,utility_tunneler_vs_phase_player,21,player,utility_tunneler,1,tunnel_extend,"(-1, -1)","(-2, -1)",,0.2518,0.3593,0.1076,F,resource_fit:0.1667|tunnel_access_gain:0.0000|enemy_tunnel_threat:0.0656|own_tunnel_pressure:-0.0750|collapse_risk:-0.0000|territory_pressure:0.0945|opportunity_cost:-0.1076
4,utility_tunneler_vs_phase_player,21,player,utility_tunneler,1,tunnel_extend,"(-3, 1)","(-2, 0)",,0.2768,0.3593,0.0826,F,resource_fit:0.1667|tunnel_access_gain:0.0000|enemy_tunnel_threat:0.0656|own_tunnel_pressure:-0.0500|collapse_risk:-0.0000|territory_pressure:0.0945|opportunity_cost:-0.0826
4,utility_tunneler_vs_phase_player,21,player,utility_tunneler,1,tunnel_extend,"(-2, 1)","(-2, 0)",,0.2768,0.3593,0.0826,F,resource_fit:0.1667|tunnel_access_gain:0.0000|enemy_tunnel_threat:0.0656|own_tunnel_pressure:-0.0500|collapse_risk:-0.0000|territory_pressure:0.0945|opportunity_cost:-0.0826
4,utility_tunneler_vs_phase_player,21,player,utility_tunneler,1,tunnel_extend,"(-1, -1)","(-2, 0)",,0.2768,0.3593,0.0826,F,resource_fit:0.1667|tunnel_access_gain:0.0000|enemy_tunnel_threat:0.0656|own_tunnel_pressure:-0.0500|collapse_risk:-0.0000|territory_pressure:0.0945|opportunity_cost:-0.0826
4,utility_tunneler_vs_phase_player,21,player,utility_tunneler,1,tunnel_extend,"(-1, 0)","(-2, 0)",,0.2768,0.3593,0.0826,F,resource_fit:0.1667|tunnel_access_gain:0.0000|enemy_tunnel_threat:0.0656|own_tunnel_pressure:-0.0500|collapse_risk:-0.0000|territory_pressure:0.0945|opportunity_cost:-0.0826
4,utility_tunneler_vs_phase_player,21,player,utility_tunneler,1,tunnel_extend,"(-3, 1)","(-2, 1)",,0.2768,0.3593,0.0826,F,resource_fit:0.1667|tunnel_access_gain:0.0000|enemy_tunnel_threat:0.0656|own_tunnel_pressure:-0.0500|collapse_risk:-0.0000|territory_pressure:0.0945|opportunity_cost:-0.0826
4,utility_tunneler_vs_phase_player,21,player,utility_tunneler,1,tunnel_extend,"(-2, 0)","(-2, 1)",,0.2768,0.3593,0.0826,F,resource_fit:0.1667|tunnel_access_gain:0.0000|enemy_tunnel_threat:0.0656|own_tunnel_pressure:-0.0500|collapse_risk:-0.0000|territory_pressure:0.0945|opportunity_cost:-0.0826
4,utility_tunneler_vs_phase_player,21,player,utility_tunneler,1,tunnel_extend,"(-2, 2)","(-2, 1)",,0.2768,0.3593,0.0826,F,resource_fit:0.1667|tunnel_access_gain:0.0000|enemy_tunnel_threat:0.0656|own_tunnel_pressure:-0.0500|collapse_risk:-0.0000|territory_pressure:0.0945|opportunity_cost:-0.0826
4,utility_tunneler_vs_phase_player,21,player,utility_tunneler,1,tunnel_extend,"(-1, 0)","(-2, 1)",,0.2768,0.3593,0.0826,F,resource_fit:0.1667|tunnel_access_gain:0.0000|enemy_tunnel_threat:0.0656|own_tunnel_pressure:-0.0500|collapse_risk:-0.0000|territory_pressure:0.0945|opportunity_cost:-0.0826
4,utility_tunneler_vs_phase_player,21,player,utility_tunneler,1,tunnel_extend,"(-1, 1)","(-2, 1)",,0.3351,0.3593,0.0242,F,resource_fit:0.1667|tunnel_access_gain:0.0583|enemy_tunnel_threat:0.0656|own_tunnel_pressure:-0.0500|collapse_risk:-0.0000|territory_pressure:0.0945|opportunity_cost:-0.0242
4,utility_tunneler_vs_phase_player,21,player,utility_tunneler,1,tunnel_extend,"(-3, 2)","(-2, 2)",,0.3018,0.3593,0.0576,F,resource_fit:0.1667|tunnel_access_gain:0.0000|enemy_tunnel_threat:0.0656|own_tunnel_pressure:-0.0250|collapse_risk:-0.0000|territory_pressure:0.0945|opportunity_cost:-0.0576
4,utility_tunneler_vs_phase_player,21,player,utility_tunneler,1,tunnel_extend,"(-3, 3)","(-2, 2)",,0.3018,0.3593,0.0576,F,resource_fit:0.1667|tunnel_access_gain:0.0000|enemy_tunnel_threat:0.0656|own_tunnel_pressure:-0.0250|collapse_risk:-0.0000|territory_pressure:0.0945|opportunity_cost:-0.0576
4,utility_tunneler_vs_phase_player,21,player,utility_tunneler,1,tunnel_extend,"(-2, 1)","(-2, 2)",,0.3018,0.3593,0.0576,F,resource_fit:0.1667|tunnel_access_gain:0.0000|enemy_tunnel_threat:0.0656|own_tunnel_pressure:-0.0250|collapse_risk:-0.0000|territory_pressure:0.0945|opportunity_cost:-0.0576
4,utility_tunneler_vs_phase_player,21,player,utility_tunneler,1,tunnel_extend,"(-2, 3)","(-2, 2)",,0.3018,0.3593,0.0576,F,resource_fit:0.1667|tunnel_access_gain:0.0000|enemy_tunnel_threat:0.0656|own_tunnel_pressure:-0.0250|collapse_risk:-0.0000|territory_pressure:0.0945|opportunity_cost:-0.0576
4,utility_tunneler_vs_phase_player,21,player,utility_tunneler,1,tunnel_extend,"(-1, 1)","(-2, 2)",,0.3601,0.3593,0.0,F,resource_fit:0.1667|tunnel_access_gain:0.0583|enemy_tunnel_threat:0.0656|own_tunnel_pressure:-0.0250|collapse_risk:-0.0000|territory_pressure:0.0945|opportunity_cost:-0.0000
4,utility_tunneler_vs_phase_player,21,player,utility_tunneler,1,tunnel_extend,"(-1, 2)","(-2, 2)",,0.3601,0.3593,0.0,F,resource_fit:0.1667|tunnel_access_gain:0.0583|enemy_tunnel_threat:0.0656|own_tunnel_pressure:-0.0250|collapse_risk:-0.0000|territory_pressure:0.0945|opportunity_cost:-0.0000
4,utility_tunneler_vs_phase_player,21,player,utility_tunneler,1,tunnel_extend,"(-2, 2)","(-2, 3)",,0.2768,0.3593,0.0826,F,resource_fit:0.1667|tunnel_access_gain:0.0000|enemy_tunnel_threat:0.0656|own_tunnel_pressure:-0.0500|collapse_risk:-0.0000|territory_pressure:0.0945|opportunity_cost:-0.0826
4,utility_tunneler_vs_phase_player,21,player,utility_tunneler,1,tunnel_extend,"(-1, 2)","(-2, 3)",,0.3351,0.3593,0.0242,F,resource_fit:0.1667|tunnel_access_gain:0.0583|enemy_tunnel_threat:0.0656|own_tunnel_pressure:-0.0500|collapse_risk:-0.0000|territory_pressure:0.0945|opportunity_cost:-0.0242
4,utility_tunneler_vs_phase_player,21,player,utility_tunneler,1,tunnel_extend,"(-1, 3)","(-2, 3)",,0.3351,0.3593,0.0242,F,resource_fit:0.1667|tunnel_access_gain:0.0583|enemy_tunnel_threat:0.0656|own_tunnel_pressure:-0.0500|collapse_risk:-0.0000|territory_pressure:0.0945|opportunity_cost:-0.0242
4,utility_tunneler_vs_phase_player,21,player,utility_tunneler,1,tunnel_extend,"(0, -3)","(-1, -2)",,0.3351,0.3593,0.0242,F,resource_fit:0.1667|tunnel_access_gain:0.0583|enemy_tunnel_threat:0.0656|own_tunnel_pressure:-0.0500|collapse_risk:-0.0000|territory_pressure:0.0945|opportunity_cost:-0.0242
4,utility_tunneler_vs_phase_player,21,player,utility_tunneler,1,tunnel_extend,"(0, -2)","(-1, -2)",,0.3351,0.3593,0.0242,F,resource_fit:0.1667|tunnel_access_gain:0.0583|enemy_tunnel_threat:0.0656|own_tunnel_pressure:-0.0500|collapse_risk:-0.0000|territory_pressure:0.0945|opportunity_cost:-0.0242
4,utility_tunneler_vs_phase_player,21,player,utility_tunneler,1,tunnel_extend,"(-2, -1)","(-1, -1)",,0.2768,0.3593,0.0826,F,resource_fit:0.1667|tunnel_access_gain:0.0000|enemy_tunnel_threat:0.0656|own_tunnel_pressure:-0.0500|collapse_risk:-0.0000|territory_pressure:0.0945|opportunity_cost:-0.0826
4,utility_tunneler_vs_phase_player,21,player,utility_tunneler,1,tunnel_extend,"(-2, 0)","(-1, -1)",,0.2768,0.3593,0.0826,F,resource_fit:0.1667|tunnel_access_gain:0.0000|enemy_tunnel_threat:0.0656|own_tunnel_pressure:-0.0500|collapse_risk:-0.0000|territory_pressure:0.0945|opportunity_cost:-0.0826
4,utility_tunneler_vs_phase_player,21,player,utility_tunneler,1,tunnel_extend,"(0, -2)","(-1, -1)",,0.3351,0.3593,0.0242,F,resource_fit:0.1667|tunnel_access_gain:0.0583|enemy_tunnel_threat:0.0656|own_tunnel_pressure:-0.0500|collapse_risk:-0.0000|territory_pressure:0.0945|opportunity_cost:-0.0242
4,utility_tunneler_vs_phase_player,21,player,utility_tunneler,1,tunnel_extend,"(0, -1)","(-1, -1)",,0.3351,0.3593,0.0242,F,resource_fit:0.1667|tunnel_access_gain:0.0583|enemy_tunnel_threat:0.0656|own_tunnel_pressure:-0.0500|collapse_risk:-0.0000|territory_pressure:0.0945|opportunity_cost:-0.0242
4,utility_tunneler_vs_phase_player,21,player,utility_tunneler,1,tunnel_extend,"(-2, 0)","(-1, 0)",,0.2768,0.3593,0.0826,F,resource_fit:0.1667|tunnel_access_gain:0.0000|enemy_tunnel_threat:0.0656|own_tunnel_pressure:-0.0500|collapse_risk:-0.0000|territory_pressure:0.0945|opportunity_cost:-0.0826
4,utility_tunneler_vs_phase_player,21,player,utility_tunneler,1,tunnel_extend,"(-2, 1)","(-1, 0)",,0.2768,0.3593,0.0826,F,resource_fit:0.1667|tunnel_access_gain:0.0000|enemy_tunnel_threat:0.0656|own_tunnel_pressure:-0.0500|collapse_risk:-0.0000|territory_pressure:0.0945|opportunity_cost:-0.0826
4,utility_tunneler_vs_phase_player,21,player,utility_tunneler,1,tunnel_extend,"(-1, 1)","(-1, 0)",,0.3351,0.3593,0.0242,F,resource_fit:0.1667|tunnel_access_gain:0.0583|enemy_tunnel_threat:0.0656|own_tunnel_pressure:-0.0500|collapse_risk:-0.0000|territory_pressure:0.0945|opportunity_cost:-0.0242
4,utility_tunneler_vs_phase_player,21,player,utility_tunneler,1,tunnel_extend,"(0, -1)","(-1, 0)",,0.3351,0.3593,0.0242,F,resource_fit:0.1667|tunnel_access_gain:0.0583|enemy_tunnel_threat:0.0656|own_tunnel_pressure:-0.0500|collapse_risk:-0.0000|territory_pressure:0.0945|opportunity_cost:-0.0242
4,utility_tunneler_vs_phase_player,21,player,utility_tunneler,1,tunnel_extend,"(0, 0)","(-1, 0)",,0.3351,0.3593,0.0242,F,resource_fit:0.1667|tunnel_access_gain:0.0583|enemy_tunnel_threat:0.0656|own_tunnel_pressure:-0.0500|collapse_risk:-0.0000|territory_pressure:0.0945|opportunity_cost:-0.0242
4,utility_tunneler_vs_phase_player,21,player,utility_tunneler,1,tunnel_raid,"(-1, 0)",,,0.4646,0.3593,0.0,T,resource_fit:0.0875|enemy_tunnel_threat:0.0438|raid_value:0.2625|territory_pressure:0.0709|opportunity_cost:-0.0000
4,utility_tunneler_vs_phase_player,21,player,utility_tunneler,1,wait,,,,0.0,0.3593,0.3593,F,opportunity_cost:-0.3593
4,utility_tunneler_vs_phase_player,21,player,utility_tunneler,2,tunnel_entrance,"(-1, -2)",,,0.4269,0.3593,0.0,T,resource_fit:0.1979|tunnel_access_gain:0.1000|enemy_tunnel_threat:0.0442|collapse_risk:-0.0000|territory_pressure:0.0847|opportunity_cost:-0.0000
4,utility_tunneler_vs_phase_player,21,player,utility_tunneler,2,tunnel_entrance,"(-1, 2)",,,0.4269,0.3593,0.0,F,resource_fit:0.1979|tunnel_access_gain:0.1000|enemy_tunnel_threat:0.0442|collapse_risk:-0.0000|territory_pressure:0.0847|opportunity_cost:-0.0000
4,utility_tunneler_vs_phase_player,21,player,utility_tunneler,2,tunnel_extend,"(-2, 0)","(-3, 1)",,0.2677,0.3593,0.0916,F,resource_fit:0.1667|tunnel_access_gain:0.0000|enemy_tunnel_threat:0.0663|own_tunnel_pressure:-0.0500|collapse_risk:-0.0000|territory_pressure:0.0847|opportunity_cost:-0.0916
4,utility_tunneler_vs_phase_player,21,player,utility_tunneler,2,tunnel_extend,"(-2, 1)","(-3, 1)",,0.2677,0.3593,0.0916,F,resource_fit:0.1667|tunnel_access_gain:0.0000|enemy_tunnel_threat:0.0663|own_tunnel_pressure:-0.0500|collapse_risk:-0.0000|territory_pressure:0.0847|opportunity_cost:-0.0916
4,utility_tunneler_vs_phase_player,21,player,utility_tunneler,2,tunnel_extend,"(-3, 3)","(-3, 2)",,0.2427,0.3593,0.1166,F,resource_fit:0.1667|tunnel_access_gain:0.0000|enemy_tunnel_threat:0.0663|own_tunnel_pressure:-0.0750|collapse_risk:-0.0000|territory_pressure:0.0847|opportunity_cost:-0.1166
4,utility_tunneler_vs_phase_player,21,player,utility_tunneler,2,tunnel_extend,"(-2, 2)","(-3, 2)",,0.2427,0.3593,0.1166,F,resource_fit:0.1667|tunnel_access_gain:0.0000|enemy_tunnel_threat:0.0663|own_tunnel_pressure:-0.0750|collapse_risk:-0.0000|territory_pressure:0.0847|opportunity_cost:-0.1166
4,utility_tunneler_vs_phase_player,21,player,utility_tunneler,2,tunnel_extend,"(-3, 2)","(-3, 3)",,0.2677,0.3593,0.0916,F,resource_fit:0.1667|tunnel_access_gain:0.0000|enemy_tunnel_threat:0.0663|own_tunnel_pressure:-0.0500|collapse_risk:-0.0000|territory_pressure:0.0847|opportunity_cost:-0.0916
4,utility_tunneler_vs_phase_player,21,player,utility_tunneler,2,tunnel_extend,"(-2, 2)","(-3, 3)",,0.2677,0.3593,0.0916,F,resource_fit:0.1667|tunnel_access_gain:0.0000|enemy_tunnel_threat:0.0663|own_tunnel_pressure:-0.0500|collapse_risk:-0.0000|territory_pressure:0.0847|opportunity_cost:-0.0916
4,utility_tunneler_vs_phase_player,21,player,utility_tunneler,2,tunnel_extend,"(-1, -1)","(-2, -1)",,0.2427,0.3593,0.1166,F,resource_fit:0.1667|tunnel_access_gain:0.0000|enemy_tunnel_threat:0.0663|own_tunnel_pressure:-0.0750|collapse_risk:-0.0000|territory_pressure:0.0847|opportunity_cost:-0.1166
4,utility_tunneler_vs_phase_player,21,player,utility_tunneler,2,tunnel_extend,"(-3, 1)","(-2, 0)",,0.2677,0.3593,0.0916,F,resource_fit:0.1667|tunnel_access_gain:0.0000|enemy_tunnel_threat:0.0663|own_tunnel_pressure:-0.0500|collapse_risk:-0.0000|territory_pressure:0.0847|opportunity_cost:-0.0916
4,utility_tunneler_vs_phase_player,21,player,utility_tunneler,2,tunnel_extend,"(-2, 1)","(-2, 0)",,0.2677,0.3593,0.0916,F,resource_fit:0.1667|tunnel_access_gain:0.0000|enemy_tunnel_threat:0.0663|own_tunnel_pressure:-0.0500|collapse_risk:-0.0000|territory_pressure:0.0847|opportunity_cost:-0.0916
4,utility_tunneler_vs_phase_player,21,player,utility_tunneler,2,tunnel_extend,"(-1, -1)","(-2, 0)",,0.2677,0.3593,0.0916,F,resource_fit:0.1667|tunnel_access_gain:0.0000|enemy_tunnel_threat:0.0663|own_tunnel_pressure:-0.0500|collapse_risk:-0.0000|territory_pressure:0.0847|opportunity_cost:-0.0916
4,utility_tunneler_vs_phase_player,21,player,utility_tunneler,2,tunnel_extend,"(-1, 0)","(-2, 0)",,0.2677,0.3593,0.0916,F,resource_fit:0.1667|tunnel_access_gain:0.0000|enemy_tunnel_threat:0.0663|own_tunnel_pressure:-0.0500|collapse_risk:-0.0000|territory_pressure:0.0847|opportunity_cost:-0.0916
4,utility_tunneler_vs_phase_player,21,player,utility_tunneler,2,tunnel_extend,"(-3, 1)","(-2, 1)",,0.2677,0.3593,0.0916,F,resource_fit:0.1667|tunnel_access_gain:0.0000|enemy_tunnel_threat:0.0663|own_tunnel_pressure:-0.0500|collapse_risk:-0.0000|territory_pressure:0.0847|opportunity_cost:-0.0916
4,utility_tunneler_vs_phase_player,21,player,utility_tunneler,2,tunnel_extend,"(-2, 0)","(-2, 1)",,0.2677,0.3593,0.0916,F,resource_fit:0.1667|tunnel_access_gain:0.0000|enemy_tunnel_threat:0.0663|own_tunnel_pressure:-0.0500|collapse_risk:-0.0000|territory_pressure:0.0847|opportunity_cost:-0.0916
4,utility_tunneler_vs_phase_player,21,player,utility_tunneler,2,tunnel_extend,"(-2, 2)","(-2, 1)",,0.2677,0.3593,0.0916,F,resource_fit:0.1667|tunnel_access_gain:0.0000|enemy_tunnel_threat:0.0663|own_tunnel_pressure:-0.0500|collapse_risk:-0.0000|territory_pressure:0.0847|opportunity_cost:-0.0916
4,utility_tunneler_vs_phase_player,21,player,utility_tunneler,2,tunnel_extend,"(-1, 0)","(-2, 1)",,0.2677,0.3593,0.0916,F,resource_fit:0.1667|tunnel_access_gain:0.0000|enemy_tunnel_threat:0.0663|own_tunnel_pressure:-0.0500|collapse_risk:-0.0000|territory_pressure:0.0847|opportunity_cost:-0.0916
4,utility_tunneler_vs_phase_player,21,player,utility_tunneler,2,tunnel_extend,"(-1, 1)","(-2, 1)",,0.3261,0.3593,0.0333,F,resource_fit:0.1667|tunnel_access_gain:0.0583|enemy_tunnel_threat:0.0663|own_tunnel_pressure:-0.0500|collapse_risk:-0.0000|territory_pressure:0.0847|opportunity_cost:-0.0333
4,utility_tunneler_vs_phase_player,21,player,utility_tunneler,2,tunnel_extend,"(-3, 2)","(-2, 2)",,0.2927,0.3593,0.0666,F,resource_fit:0.1667|tunnel_access_gain:0.0000|enemy_tunnel_threat:0.0663|own_tunnel_pressure:-0.0250|collapse_risk:-0.0000|territory_pressure:0.0847|opportunity_cost:-0.0666
4,utility_tunneler_vs_phase_player,21,player,utility_tunneler,2,tunnel_extend,"(-3, 3)","(-2, 2)",,0.2927,0.3593,0.0666,F,resource_fit:0.1667|tunnel_access_gain:0.0000|enemy_tunnel_threat:0.0663|own_tunnel_pressure:-0.0250|collapse_risk:-0.0000|territory_pressure:0.0847|opportunity_cost:-0.0666
4,utility_tunneler_vs_phase_player,21,player,utility_tunneler,2,tunnel_extend,"(-2, 1)","(-2, 2)",,0.2927,0.3593,0.0666,F,resource_fit:0.1667|tunnel_access_gain:0.0000|enemy_tunnel_threat:0.0663|own_tunnel_pressure:-0.0250|collapse_risk:-0.0000|territory_pressure:0.0847|opportunity_cost:-0.0666
4,utility_tunneler_vs_phase_player,21,player,utility_tunneler,2,tunnel_extend,"(-2, 3)","(-2, 2)",,0.2927,0.3593,0.0666,F,resource_fit:0.1667|tunnel_access_gain:0.0000|enemy_tunnel_threat:0.0663|own_tunnel_pressure:-0.0250|collapse_risk:-0.0000|territory_pressure:0.0847|opportunity_cost:-0.0666
4,utility_tunneler_vs_phase_player,21,player,utility_tunneler,2,tunnel_extend,"(-1, 1)","(-2, 2)",,0.3511,0.3593,0.0083,F,resource_fit:0.1667|tunnel_access_gain:0.0583|enemy_tunnel_threat:0.0663|own_tunnel_pressure:-0.0250|collapse_risk:-0.0000|territory_pressure:0.0847|opportunity_cost:-0.0083
4,utility_tunneler_vs_phase_player,21,player,utility_tunneler,2,tunnel_extend,"(-1, 2)","(-2, 2)",,0.3511,0.3593,0.0083,F,resource_fit:0.1667|tunnel_access_gain:0.0583|enemy_tunnel_threat:0.0663|own_tunnel_pressure:-0.0250|collapse_risk:-0.0000|territory_pressure:0.0847|opportunity_cost:-0.0083
4,utility_tunneler_vs_phase_player,21,player,utility_tunneler,2,tunnel_extend,"(-2, 2)","(-2, 3)",,0.2677,0.3593,0.0916,F,resource_fit:0.1667|tunnel_access_gain:0.0000|enemy_tunnel_threat:0.0663|own_tunnel_pressure:-0.0500|collapse_risk:-0.0000|territory_pressure:0.0847|opportunity_cost:-0.0916
4,utility_tunneler_vs_phase_player,21,player,utility_tunneler,2,tunnel_extend,"(-1, 2)","(-2, 3)",,0.3261,0.3593,0.0333,F,resource_fit:0.1667|tunnel_access_gain:0.0583|enemy_tunnel_threat:0.0663|own_tunnel_pressure:-0.0500|collapse_risk:-0.0000|territory_pressure:0.0847|opportunity_cost:-0.0333
4,utility_tunneler_vs_phase_player,21,player,utility_tunneler,2,tunnel_extend,"(-1, 3)","(-2, 3)",,0.3261,0.3593,0.0333,F,resource_fit:0.1667|tunnel_access_gain:0.0583|enemy_tunnel_threat:0.0663|own_tunnel_pressure:-0.0500|collapse_risk:-0.0000|territory_pressure:0.0847|opportunity_cost:-0.0333
4,utility_tunneler_vs_phase_player,21,player,utility_tunneler,2,tunnel_extend,"(0, -3)","(-1, -2)",,0.3261,0.3593,0.0333,F,resource_fit:0.1667|tunnel_access_gain:0.0583|enemy_tunnel_threat:0.0663|own_tunnel_pressure:-0.0500|collapse_risk:-0.0000|territory_pressure:0.0847|opportunity_cost:-0.0333
4,utility_tunneler_vs_phase_player,21,player,utility_tunneler,2,tunnel_extend,"(0, -2)","(-1, -2)",,0.3261,0.3593,0.0333,F,resource_fit:0.1667|tunnel_access_gain:0.0583|enemy_tunnel_threat:0.0663|own_tunnel_pressure:-0.0500|collapse_risk:-0.0000|territory_pressure:0.0847|opportunity_cost:-0.0333
4,utility_tunneler_vs_phase_player,21,player,utility_tunneler,2,tunnel_extend,"(-2, -1)","(-1, -1)",,0.2677,0.3593,0.0916,F,resource_fit:0.1667|tunnel_access_gain:0.0000|enemy_tunnel_threat:0.0663|own_tunnel_pressure:-0.0500|collapse_risk:-0.0000|territory_pressure:0.0847|opportunity_cost:-0.0916
4,utility_tunneler_vs_phase_player,21,player,utility_tunneler,2,tunnel_extend,"(-2, 0)","(-1, -1)",,0.2677,0.3593,0.0916,F,resource_fit:0.1667|tunnel_access_gain:0.0000|enemy_tunnel_threat:0.0663|own_tunnel_pressure:-0.0500|collapse_risk:-0.0000|territory_pressure:0.0847|opportunity_cost:-0.0916
4,utility_tunneler_vs_phase_player,21,player,utility_tunneler,2,tunnel_extend,"(0, -2)","(-1, -1)",,0.3261,0.3593,0.0333,F,resource_fit:0.1667|tunnel_access_gain:0.0583|enemy_tunnel_threat:0.0663|own_tunnel_pressure:-0.0500|collapse_risk:-0.0000|territory_pressure:0.0847|opportunity_cost:-0.0333
4,utility_tunneler_vs_phase_player,21,player,utility_tunneler,2,tunnel_extend,"(0, -1)","(-1, -1)",,0.3261,0.3593,0.0333,F,resource_fit:0.1667|tunnel_access_gain:0.0583|enemy_tunnel_threat:0.0663|own_tunnel_pressure:-0.0500|collapse_risk:-0.0000|territory_pressure:0.0847|opportunity_cost:-0.0333
4,utility_tunneler_vs_phase_player,21,player,utility_tunneler,2,tunnel_extend,"(-2, 0)","(-1, 0)",,0.2677,0.3593,0.0916,F,resource_fit:0.1667|tunnel_access_gain:0.0000|enemy_tunnel_threat:0.0663|own_tunnel_pressure:-0.0500|collapse_risk:-0.0000|territory_pressure:0.0847|opportunity_cost:-0.0916
4,utility_tunneler_vs_phase_player,21,player,utility_tunneler,2,tunnel_extend,"(-2, 1)","(-1, 0)",,0.2677,0.3593,0.0916,F,resource_fit:0.1667|tunnel_access_gain:0.0000|enemy_tunnel_threat:0.0663|own_tunnel_pressure:-0.0500|collapse_risk:-0.0000|territory_pressure:0.0847|opportunity_cost:-0.0916
4,utility_tunneler_vs_phase_player,21,player,utility_tunneler,2,tunnel_extend,"(-1, 1)","(-1, 0)",,0.3261,0.3593,0.0333,F,resource_fit:0.1667|tunnel_access_gain:0.0583|enemy_tunnel_threat:0.0663|own_tunnel_pressure:-0.0500|collapse_risk:-0.0000|territory_pressure:0.0847|opportunity_cost:-0.0333
4,utility_tunneler_vs_phase_player,21,player,utility_tunneler,2,tunnel_extend,"(0, -1)","(-1, 0)",,0.3261,0.3593,0.0333,F,resource_fit:0.1667|tunnel_access_gain:0.0583|enemy_tunnel_threat:0.0663|own_tunnel_pressure:-0.0500|collapse_risk:-0.0000|territory_pressure:0.0847|opportunity_cost:-0.0333
4,utility_tunneler_vs_phase_player,21,player,utility_tunneler,2,tunnel_extend,"(0, 0)","(-1, 0)",,0.3261,0.3593,0.0333,F,resource_fit:0.1667|tunnel_access_gain:0.0583|enemy_tunnel_threat:0.0663|own_tunnel_pressure:-0.0500|collapse_risk:-0.0000|territory_pressure:0.0847|opportunity_cost:-0.0333
4,utility_tunneler_vs_phase_player,21,player,utility_tunneler,2,wait,,,,0.0,0.3593,0.3593,F,opportunity_cost:-0.3593
4,utility_tunneler_vs_phase_player,21,player,utility_tunneler,3,tunnel_entrance,"(-1, 2)",,,0.3975,0.3593,0.0,T,resource_fit:0.1667|tunnel_access_gain:0.1000|enemy_tunnel_threat:0.0462|collapse_risk:-0.0000|territory_pressure:0.0847|opportunity_cost:-0.0000
4,utility_tunneler_vs_phase_player,21,player,utility_tunneler,3,tunnel_extend,"(-2, 0)","(-3, 1)",,0.2456,0.3593,0.1137,F,resource_fit:0.1417|tunnel_access_gain:0.0000|enemy_tunnel_threat:0.0692|own_tunnel_pressure:-0.0500|collapse_risk:-0.0000|territory_pressure:0.0847|opportunity_cost:-0.1137
4,utility_tunneler_vs_phase_player,21,player,utility_tunneler,3,tunnel_extend,"(-2, 1)","(-3, 1)",,0.2456,0.3593,0.1137,F,resource_fit:0.1417|tunnel_access_gain:0.0000|enemy_tunnel_threat:0.0692|own_tunnel_pressure:-0.0500|collapse_risk:-0.0000|territory_pressure:0.0847|opportunity_cost:-0.1137
4,utility_tunneler_vs_phase_player,21,player,utility_tunneler,3,tunnel_extend,"(-3, 3)","(-3, 2)",,0.2206,0.3593,0.1387,F,resource_fit:0.1417|tunnel_access_gain:0.0000|enemy_tunnel_threat:0.0692|own_tunnel_pressure:-0.0750|collapse_risk:-0.0000|territory_pressure:0.0847|opportunity_cost:-0.1387
4,utility_tunneler_vs_phase_player,21,player,utility_tunneler,3,tunnel_extend,"(-2, 2)","(-3, 2)",,0.2206,0.3593,0.1387,F,resource_fit:0.1417|tunnel_access_gain:0.0000|enemy_tunnel_threat:0.0692|own_tunnel_pressure:-0.0750|collapse_risk:-0.0000|territory_pressure:0.0847|opportunity_cost:-0.1387
4,utility_tunneler_vs_phase_player,21,player,utility_tunneler,3,tunnel_extend,"(-3, 2)","(-3, 3)",,0.2456,0.3593,0.1137,F,resource_fit:0.1417|tunnel_access_gain:0.0000|enemy_tunnel_threat:0.0692|own_tunnel_pressure:-0.0500|collapse_risk:-0.0000|territory_pressure:0.0847|opportunity_cost:-0.1137
4,utility_tunneler_vs_phase_player,21,player,utility_tunneler,3,tunnel_extend,"(-2, 2)","(-3, 3)",,0.2456,0.3593,0.1137,F,resource_fit:0.1417|tunnel_access_gain:0.0000|enemy_tunnel_threat:0.0692|own_tunnel_pressure:-0.0500|collapse_risk:-0.0000|territory_pressure:0.0847|opportunity_cost:-0.1137
4,utility_tunneler_vs_phase_player,21,player,utility_tunneler,3,tunnel_extend,"(-1, -1)","(-2, -1)",,0.2206,0.3593,0.1387,F,resource_fit:0.1417|tunnel_access_gain:0.0000|enemy_tunnel_threat:0.0692|own_tunnel_pressure:-0.0750|collapse_risk:-0.0000|territory_pressure:0.0847|opportunity_cost:-0.1387
4,utility_tunneler_vs_phase_player,21,player,utility_tunneler,3,tunnel_extend,"(-3, 1)","(-2, 0)",,0.2456,0.3593,0.1137,F,resource_fit:0.1417|tunnel_access_gain:0.0000|enemy_tunnel_threat:0.0692|own_tunnel_pressure:-0.0500|collapse_risk:-0.0000|territory_pressure:0.0847|opportunity_cost:-0.1137
4,utility_tunneler_vs_phase_player,21,player,utility_tunneler,3,tunnel_extend,"(-2, 1)","(-2, 0)",,0.2456,0.3593,0.1137,F,resource_fit:0.1417|tunnel_access_gain:0.0000|enemy_tunnel_threat:0.0692|own_tunnel_pressure:-0.0500|collapse_risk:-0.0000|territory_pressure:0.0847|opportunity_cost:-0.1137
4,utility_tunneler_vs_phase_player,21,player,utility_tunneler,3,tunnel_extend,"(-1, -1)","(-2, 0)",,0.2456,0.3593,0.1137,F,resource_fit:0.1417|tunnel_access_gain:0.0000|enemy_tunnel_threat:0.0692|own_tunnel_pressure:-0.0500|collapse_risk:-0.0000|territory_pressure:0.0847|opportunity_cost:-0.1137
4,utility_tunneler_vs_phase_player,21,player,utility_tunneler,3,tunnel_extend,"(-1, 0)","(-2, 0)",,0.2456,0.3593,0.1137,F,resource_fit:0.1417|tunnel_access_gain:0.0000|enemy_tunnel_threat:0.0692|own_tunnel_pressure:-0.0500|collapse_risk:-0.0000|territory_pressure:0.0847|opportunity_cost:-0.1137
4,utility_tunneler_vs_phase_player,21,player,utility_tunneler,3,tunnel_extend,"(-3, 1)","(-2, 1)",,0.2456,0.3593,0.1137,F,resource_fit:0.1417|tunnel_access_gain:0.0000|enemy_tunnel_threat:0.0692|own_tunnel_pressure:-0.0500|collapse_risk:-0.0000|territory_pressure:0.0847|opportunity_cost:-0.1137
4,utility_tunneler_vs_phase_player,21,player,utility_tunneler,3,tunnel_extend,"(-2, 0)","(-2, 1)",,0.2456,0.3593,0.1137,F,resource_fit:0.1417|tunnel_access_gain:0.0000|enemy_tunnel_threat:0.0692|own_tunnel_pressure:-0.0500|collapse_risk:-0.0000|territory_pressure:0.0847|opportunity_cost:-0.1137
4,utility_tunneler_vs_phase_player,21,player,utility_tunneler,3,tunnel_extend,"(-2, 2)","(-2, 1)",,0.2456,0.3593,0.1137,F,resource_fit:0.1417|tunnel_access_gain:0.0000|enemy_tunnel_threat:0.0692|own_tunnel_pressure:-0.0500|collapse_risk:-0.0000|territory_pressure:0.0847|opportunity_cost:-0.1137
4,utility_tunneler_vs_phase_player,21,player,utility_tunneler,3,tunnel_extend,"(-1, 0)","(-2, 1)",,0.2456,0.3593,0.1137,F,resource_fit:0.1417|tunnel_access_gain:0.0000|enemy_tunnel_threat:0.0692|own_tunnel_pressure:-0.0500|collapse_risk:-0.0000|territory_pressure:0.0847|opportunity_cost:-0.1137
4,utility_tunneler_vs_phase_player,21,player,utility_tunneler,3,tunnel_extend,"(-1, 1)","(-2, 1)",,0.304,0.3593,0.0554,F,resource_fit:0.1417|tunnel_access_gain:0.0583|enemy_tunnel_threat:0.0692|own_tunnel_pressure:-0.0500|collapse_risk:-0.0000|territory_pressure:0.0847|opportunity_cost:-0.0554
4,utility_tunneler_vs_phase_player,21,player,utility_tunneler,3,tunnel_extend,"(-3, 2)","(-2, 2)",,0.2706,0.3593,0.0887,F,resource_fit:0.1417|tunnel_access_gain:0.0000|enemy_tunnel_threat:0.0692|own_tunnel_pressure:-0.0250|collapse_risk:-0.0000|territory_pressure:0.0847|opportunity_cost:-0.0887
4,utility_tunneler_vs_phase_player,21,player,utility_tunneler,3,tunnel_extend,"(-3, 3)","(-2, 2)",,0.2706,0.3593,0.0887,F,resource_fit:0.1417|tunnel_access_gain:0.0000|enemy_tunnel_threat:0.0692|own_tunnel_pressure:-0.0250|collapse_risk:-0.0000|territory_pressure:0.0847|opportunity_cost:-0.0887
4,utility_tunneler_vs_phase_player,21,player,utility_tunneler,3,tunnel_extend,"(-2, 1)","(-2, 2)",,0.2706,0.3593,0.0887,F,resource_fit:0.1417|tunnel_access_gain:0.0000|enemy_tunnel_threat:0.0692|own_tunnel_pressure:-0.0250|collapse_risk:-0.0000|territory_pressure:0.0847|opportunity_cost:-0.0887
4,utility_tunneler_vs_phase_player,21,player,utility_tunneler,3,tunnel_extend,"(-2, 3)","(-2, 2)",,0.2706,0.3593,0.0887,F,resource_fit:0.1417|tunnel_access_gain:0.0000|enemy_tunnel_threat:0.0692|own_tunnel_pressure:-0.0250|collapse_risk:-0.0000|territory_pressure:0.0847|opportunity_cost:-0.0887
4,utility_tunneler_vs_phase_player,21,player,utility_tunneler,3,tunnel_extend,"(-1, 1)","(-2, 2)",,0.329,0.3593,0.0304,F,resource_fit:0.1417|tunnel_access_gain:0.0583|enemy_tunnel_threat:0.0692|own_tunnel_pressure:-0.0250|collapse_risk:-0.0000|territory_pressure:0.0847|opportunity_cost:-0.0304
4,utility_tunneler_vs_phase_player,21,player,utility_tunneler,3,tunnel_extend,"(-1, 2)","(-2, 2)",,0.329,0.3593,0.0304,F,resource_fit:0.1417|tunnel_access_gain:0.0583|enemy_tunnel_threat:0.0692|own_tunnel_pressure:-0.0250|collapse_risk:-0.0000|territory_pressure:0.0847|opportunity_cost:-0.0304
4,utility_tunneler_vs_phase_player,21,player,utility_tunneler,3,tunnel_extend,"(-2, 2)","(-2, 3)",,0.2456,0.3593,0.1137,F,resource_fit:0.1417|tunnel_access_gain:0.0000|enemy_tunnel_threat:0.0692|own_tunnel_pressure:-0.0500|collapse_risk:-0.0000|territory_pressure:0.0847|opportunity_cost:-0.1137
4,utility_tunneler_vs_phase_player,21,player,utility_tunneler,3,tunnel_extend,"(-1, 2)","(-2, 3)",,0.304,0.3593,0.0554,F,resource_fit:0.1417|tunnel_access_gain:0.0583|enemy_tunnel_threat:0.0692|own_tunnel_pressure:-0.0500|collapse_risk:-0.0000|territory_pressure:0.0847|opportunity_cost:-0.0554
4,utility_tunneler_vs_phase_player,21,player,utility_tunneler,3,tunnel_extend,"(-1, 3)","(-2, 3)",,0.304,0.3593,0.0554,F,resource_fit:0.1417|tunnel_access_gain:0.0583|enemy_tunnel_threat:0.0692|own_tunnel_pressure:-0.0500|collapse_risk:-0.0000|territory_pressure:0.0847|opportunity_cost:-0.0554
4,utility_tunneler_vs_phase_player,21,player,utility_tunneler,3,tunnel_extend,"(0, -3)","(-1, -2)",,0.279,0.3593,0.0804,F,resource_fit:0.1417|tunnel_access_gain:0.0583|enemy_tunnel_threat:0.0692|own_tunnel_pressure:-0.0750|collapse_risk:-0.0000|territory_pressure:0.0847|opportunity_cost:-0.0804
4,utility_tunneler_vs_phase_player,21,player,utility_tunneler,3,tunnel_extend,"(0, -2)","(-1, -2)",,0.279,0.3593,0.0804,F,resource_fit:0.1417|tunnel_access_gain:0.0583|enemy_tunnel_threat:0.0692|own_tunnel_pressure:-0.0750|collapse_risk:-0.0000|territory_pressure:0.0847|opportunity_cost:-0.0804
4,utility_tunneler_vs_phase_player,21,player,utility_tunneler,3,tunnel_extend,"(-2, -1)","(-1, -1)",,0.2456,0.3593,0.1137,F,resource_fit:0.1417|tunnel_access_gain:0.0000|enemy_tunnel_threat:0.0692|own_tunnel_pressure:-0.0500|collapse_risk:-0.0000|territory_pressure:0.0847|opportunity_cost:-0.1137
4,utility_tunneler_vs_phase_player,21,player,utility_tunneler,3,tunnel_extend,"(-2, 0)","(-1, -1)",,0.2456,0.3593,0.1137,F,resource_fit:0.1417|tunnel_access_gain:0.0000|enemy_tunnel_threat:0.0692|own_tunnel_pressure:-0.0500|collapse_risk:-0.0000|territory_pressure:0.0847|opportunity_cost:-0.1137
4,utility_tunneler_vs_phase_player,21,player,utility_tunneler,3,tunnel_extend,"(0, -2)","(-1, -1)",,0.304,0.3593,0.0554,F,resource_fit:0.1417|tunnel_access_gain:0.0583|enemy_tunnel_threat:0.0692|own_tunnel_pressure:-0.0500|collapse_risk:-0.0000|territory_pressure:0.0847|opportunity_cost:-0.0554
4,utility_tunneler_vs_phase_player,21,player,utility_tunneler,3,tunnel_extend,"(0, -1)","(-1, -1)",,0.304,0.3593,0.0554,F,resource_fit:0.1417|tunnel_access_gain:0.0583|enemy_tunnel_threat:0.0692|own_tunnel_pressure:-0.0500|collapse_risk:-0.0000|territory_pressure:0.0847|opportunity_cost:-0.0554
4,utility_tunneler_vs_phase_player,21,player,utility_tunneler,3,tunnel_extend,"(-2, 0)","(-1, 0)",,0.2456,0.3593,0.1137,F,resource_fit:0.1417|tunnel_access_gain:0.0000|enemy_tunnel_threat:0.0692|own_tunnel_pressure:-0.0500|collapse_risk:-0.0000|territory_pressure:0.0847|opportunity_cost:-0.1137
4,utility_tunneler_vs_phase_player,21,player,utility_tunneler,3,tunnel_extend,"(-2, 1)","(-1, 0)",,0.2456,0.3593,0.1137,F,resource_fit:0.1417|tunnel_access_gain:0.0000|enemy_tunnel_threat:0.0692|own_tunnel_pressure:-0.0500|collapse_risk:-0.0000|territory_pressure:0.0847|opportunity_cost:-0.1137
4,utility_tunneler_vs_phase_player,21,player,utility_tunneler,3,tunnel_extend,"(-1, 1)","(-1, 0)",,0.304,0.3593,0.0554,F,resource_fit:0.1417|tunnel_access_gain:0.0583|enemy_tunnel_threat:0.0692|own_tunnel_pressure:-0.0500|collapse_risk:-0.0000|territory_pressure:0.0847|opportunity_cost:-0.0554
4,utility_tunneler_vs_phase_player,21,player,utility_tunneler,3,tunnel_extend,"(0, -1)","(-1, 0)",,0.304,0.3593,0.0554,F,resource_fit:0.1417|tunnel_access_gain:0.0583|enemy_tunnel_threat:0.0692|own_tunnel_pressure:-0.0500|collapse_risk:-0.0000|territory_pressure:0.0847|opportunity_cost:-0.0554
4,utility_tunneler_vs_phase_player,21,player,utility_tunneler,3,tunnel_extend,"(0, 0)","(-1, 0)",,0.304,0.3593,0.0554,F,resource_fit:0.1417|tunnel_access_gain:0.0583|enemy_tunnel_threat:0.0692|own_tunnel_pressure:-0.0500|collapse_risk:-0.0000|territory_pressure:0.0847|opportunity_cost:-0.0554
4,utility_tunneler_vs_phase_player,21,player,utility_tunneler,3,wait,,,,0.0,0.3593,0.3593,F,opportunity_cost:-0.3593
4,utility_tunneler_vs_phase_player,22,player,utility_tunneler,1,tunnel_extend,"(-2, 0)","(-3, 1)",,0.3243,0.0395,0.0,F,resource_fit:0.1750|tunnel_access_gain:0.0000|enemy_tunnel_threat:0.0712|own_tunnel_pressure:-0.0500|collapse_risk:-0.0000|territory_pressure:0.1281|opportunity_cost:-0.0000
4,utility_tunneler_vs_phase_player,22,player,utility_tunneler,1,tunnel_extend,"(-2, 1)","(-3, 1)",,0.3243,0.0395,0.0,F,resource_fit:0.1750|tunnel_access_gain:0.0000|enemy_tunnel_threat:0.0712|own_tunnel_pressure:-0.0500|collapse_risk:-0.0000|territory_pressure:0.1281|opportunity_cost:-0.0000
4,utility_tunneler_vs_phase_player,22,player,utility_tunneler,1,tunnel_extend,"(-3, 3)","(-3, 2)",,0.2993,0.0395,0.0,F,resource_fit:0.1750|tunnel_access_gain:0.0000|enemy_tunnel_threat:0.0712|own_tunnel_pressure:-0.0750|collapse_risk:-0.0000|territory_pressure:0.1281|opportunity_cost:-0.0000
4,utility_tunneler_vs_phase_player,22,player,utility_tunneler,1,tunnel_extend,"(-2, 2)","(-3, 2)",,0.2993,0.0395,0.0,F,resource_fit:0.1750|tunnel_access_gain:0.0000|enemy_tunnel_threat:0.0712|own_tunnel_pressure:-0.0750|collapse_risk:-0.0000|territory_pressure:0.1281|opportunity_cost:-0.0000
4,utility_tunneler_vs_phase_player,22,player,utility_tunneler,1,tunnel_extend,"(-3, 2)","(-3, 3)",,0.3243,0.0395,0.0,F,resource_fit:0.1750|tunnel_access_gain:0.0000|enemy_tunnel_threat:0.0712|own_tunnel_pressure:-0.0500|collapse_risk:-0.0000|territory_pressure:0.1281|opportunity_cost:-0.0000
4,utility_tunneler_vs_phase_player,22,player,utility_tunneler,1,tunnel_extend,"(-2, 2)","(-3, 3)",,0.3243,0.0395,0.0,F,resource_fit:0.1750|tunnel_access_gain:0.0000|enemy_tunnel_threat:0.0712|own_tunnel_pressure:-0.0500|collapse_risk:-0.0000|territory_pressure:0.1281|opportunity_cost:-0.0000
4,utility_tunneler_vs_phase_player,22,player,utility_tunneler,1,tunnel_extend,"(-1, -1)","(-2, -1)",,0.2993,0.0395,0.0,F,resource_fit:0.1750|tunnel_access_gain:0.0000|enemy_tunnel_threat:0.0712|own_tunnel_pressure:-0.0750|collapse_risk:-0.0000|territory_pressure:0.1281|opportunity_cost:-0.0000
4,utility_tunneler_vs_phase_player,22,player,utility_tunneler,1,tunnel_extend,"(-3, 1)","(-2, 0)",,0.3243,0.0395,0.0,F,resource_fit:0.1750|tunnel_access_gain:0.0000|enemy_tunnel_threat:0.0712|own_tunnel_pressure:-0.0500|collapse_risk:-0.0000|territory_pressure:0.1281|opportunity_cost:-0.0000
4,utility_tunneler_vs_phase_player,22,player,utility_tunneler,1,tunnel_extend,"(-2, 1)","(-2, 0)",,0.3243,0.0395,0.0,F,resource_fit:0.1750|tunnel_access_gain:0.0000|enemy_tunnel_threat:0.0712|own_tunnel_pressure:-0.0500|collapse_risk:-0.0000|territory_pressure:0.1281|opportunity_cost:-0.0000
4,utility_tunneler_vs_phase_player,22,player,utility_tunneler,1,tunnel_extend,"(-1, -1)","(-2, 0)",,0.3243,0.0395,0.0,F,resource_fit:0.1750|tunnel_access_gain:0.0000|enemy_tunnel_threat:0.0712|own_tunnel_pressure:-0.0500|collapse_risk:-0.0000|territory_pressure:0.1281|opportunity_cost:-0.0000
4,utility_tunneler_vs_phase_player,22,player,utility_tunneler,1,tunnel_extend,"(-1, 0)","(-2, 0)",,0.3243,0.0395,0.0,F,resource_fit:0.1750|tunnel_access_gain:0.0000|enemy_tunnel_threat:0.0712|own_tunnel_pressure:-0.0500|collapse_risk:-0.0000|territory_pressure:0.1281|opportunity_cost:-0.0000
4,utility_tunneler_vs_phase_player,22,player,utility_tunneler,1,tunnel_extend,"(-3, 1)","(-2, 1)",,0.3243,0.0395,0.0,F,resource_fit:0.1750|tunnel_access_gain:0.0000|enemy_tunnel_threat:0.0712|own_tunnel_pressure:-0.0500|collapse_risk:-0.0000|territory_pressure:0.1281|opportunity_cost:-0.0000
4,utility_tunneler_vs_phase_player,22,player,utility_tunneler,1,tunnel_extend,"(-2, 0)","(-2, 1)",,0.3243,0.0395,0.0,F,resource_fit:0.1750|tunnel_access_gain:0.0000|enemy_tunnel_threat:0.0712|own_tunnel_pressure:-0.0500|collapse_risk:-0.0000|territory_pressure:0.1281|opportunity_cost:-0.0000
4,utility_tunneler_vs_phase_player,22,player,utility_tunneler,1,tunnel_extend,"(-2, 2)","(-2, 1)",,0.3243,0.0395,0.0,F,resource_fit:0.1750|tunnel_access_gain:0.0000|enemy_tunnel_threat:0.0712|own_tunnel_pressure:-0.0500|collapse_risk:-0.0000|territory_pressure:0.1281|opportunity_cost:-0.0000
4,utility_tunneler_vs_phase_player,22,player,utility_tunneler,1,tunnel_extend,"(-1, 0)","(-2, 1)",,0.3243,0.0395,0.0,F,resource_fit:0.1750|tunnel_access_gain:0.0000|enemy_tunnel_threat:0.0712|own_tunnel_pressure:-0.0500|collapse_risk:-0.0000|territory_pressure:0.1281|opportunity_cost:-0.0000
4,utility_tunneler_vs_phase_player,22,player,utility_tunneler,1,tunnel_extend,"(-1, 1)","(-2, 1)",,0.3827,0.0395,0.0,F,resource_fit:0.1750|tunnel_access_gain:0.0583|enemy_tunnel_threat:0.0712|own_tunnel_pressure:-0.0500|collapse_risk:-0.0000|territory_pressure:0.1281|opportunity_cost:-0.0000
4,utility_tunneler_vs_phase_player,22,player,utility_tunneler,1,tunnel_extend,"(-3, 2)","(-2, 2)",,0.3493,0.0395,0.0,F,resource_fit:0.1750|tunnel_access_gain:0.0000|enemy_tunnel_threat:0.0712|own_tunnel_pressure:-0.0250|collapse_risk:-0.0000|territory_pressure:0.1281|opportunity_cost:-0.0000
4,utility_tunneler_vs_phase_player,22,player,utility_tunneler,1,tunnel_extend,"(-3, 3)","(-2, 2)",,0.3493,0.0395,0.0,F,resource_fit:0.1750|tunnel_access_gain:0.0000|enemy_tunnel_threat:0.0712|own_tunnel_pressure:-0.0250|collapse_risk:-0.0000|territory_pressure:0.1281|opportunity_cost:-0.0000
4,utility_tunneler_vs_phase_player,22,player,utility_tunneler,1,tunnel_extend,"(-2, 1)","(-2, 2)",,0.3493,0.0395,0.0,F,resource_fit:0.1750|tunnel_access_gain:0.0000|enemy_tunnel_threat:0.0712|own_tunnel_pressure:-0.0250|collapse_risk:-0.0000|territory_pressure:0.1281|opportunity_cost:-0.0000
4,utility_tunneler_vs_phase_player,22,player,utility_tunneler,1,tunnel_extend,"(-2, 3)","(-2, 2)",,0.3493,0.0395,0.0,F,resource_fit:0.1750|tunnel_access_gain:0.0000|enemy_tunnel_threat:0.0712|own_tunnel_pressure:-0.0250|collapse_risk:-0.0000|territory_pressure:0.1281|opportunity_cost:-0.0000
4,utility_tunneler_vs_phase_player,22,player,utility_tunneler,1,tunnel_extend,"(-1, 1)","(-2, 2)",,0.4077,0.0395,0.0,F,resource_fit:0.1750|tunnel_access_gain:0.0583|enemy_tunnel_threat:0.0712|own_tunnel_pressure:-0.0250|collapse_risk:-0.0000|territory_pressure:0.1281|opportunity_cost:-0.0000
4,utility_tunneler_vs_phase_player,22,player,utility_tunneler,1,tunnel_extend,"(-1, 2)","(-2, 2)",,0.4077,0.0395,0.0,F,resource_fit:0.1750|tunnel_access_gain:0.0583|enemy_tunnel_threat:0.0712|own_tunnel_pressure:-0.0250|collapse_risk:-0.0000|territory_pressure:0.1281|opportunity_cost:-0.0000
4,utility_tunneler_vs_phase_player,22,player,utility_tunneler,1,tunnel_extend,"(-2, 2)","(-2, 3)",,0.3243,0.0395,0.0,F,resource_fit:0.1750|tunnel_access_gain:0.0000|enemy_tunnel_threat:0.0712|own_tunnel_pressure:-0.0500|collapse_risk:-0.0000|territory_pressure:0.1281|opportunity_cost:-0.0000
4,utility_tunneler_vs_phase_player,22,player,utility_tunneler,1,tunnel_extend,"(-1, 2)","(-2, 3)",,0.3827,0.0395,0.0,F,resource_fit:0.1750|tunnel_access_gain:0.0583|enemy_tunnel_threat:0.0712|own_tunnel_pressure:-0.0500|collapse_risk:-0.0000|territory_pressure:0.1281|opportunity_cost:-0.0000
4,utility_tunneler_vs_phase_player,22,player,utility_tunneler,1,tunnel_extend,"(-1, 3)","(-2, 3)",,0.3827,0.0395,0.0,F,resource_fit:0.1750|tunnel_access_gain:0.0583|enemy_tunnel_threat:0.0712|own_tunnel_pressure:-0.0500|collapse_risk:-0.0000|territory_pressure:0.1281|opportunity_cost:-0.0000
4,utility_tunneler_vs_phase_player,22,player,utility_tunneler,1,tunnel_extend,"(0, -3)","(-1, -2)",,0.3577,0.0395,0.0,F,resource_fit:0.1750|tunnel_access_gain:0.0583|enemy_tunnel_threat:0.0712|own_tunnel_pressure:-0.0750|collapse_risk:-0.0000|territory_pressure:0.1281|opportunity_cost:-0.0000
4,utility_tunneler_vs_phase_player,22,player,utility_tunneler,1,tunnel_extend,"(0, -2)","(-1, -2)",,0.3577,0.0395,0.0,F,resource_fit:0.1750|tunnel_access_gain:0.0583|enemy_tunnel_threat:0.0712|own_tunnel_pressure:-0.0750|collapse_risk:-0.0000|territory_pressure:0.1281|opportunity_cost:-0.0000
4,utility_tunneler_vs_phase_player,22,player,utility_tunneler,1,tunnel_extend,"(-2, -1)","(-1, -1)",,0.3243,0.0395,0.0,F,resource_fit:0.1750|tunnel_access_gain:0.0000|enemy_tunnel_threat:0.0712|own_tunnel_pressure:-0.0500|collapse_risk:-0.0000|territory_pressure:0.1281|opportunity_cost:-0.0000
4,utility_tunneler_vs_phase_player,22,player,utility_tunneler,1,tunnel_extend,"(-2, 0)","(-1, -1)",,0.3243,0.0395,0.0,F,resource_fit:0.1750|tunnel_access_gain:0.0000|enemy_tunnel_threat:0.0712|own_tunnel_pressure:-0.0500|collapse_risk:-0.0000|territory_pressure:0.1281|opportunity_cost:-0.0000
4,utility_tunneler_vs_phase_player,22,player,utility_tunneler,1,tunnel_extend,"(0, -2)","(-1, -1)",,0.3827,0.0395,0.0,F,resource_fit:0.1750|tunnel_access_gain:0.0583|enemy_tunnel_threat:0.0712|own_tunnel_pressure:-0.0500|collapse_risk:-0.0000|territory_pressure:0.1281|opportunity_cost:-0.0000
4,utility_tunneler_vs_phase_player,22,player,utility_tunneler,1,tunnel_extend,"(0, -1)","(-1, -1)",,0.3827,0.0395,0.0,F,resource_fit:0.1750|tunnel_access_gain:0.0583|enemy_tunnel_threat:0.0712|own_tunnel_pressure:-0.0500|collapse_risk:-0.0000|territory_pressure:0.1281|opportunity_cost:-0.0000
4,utility_tunneler_vs_phase_player,22,player,utility_tunneler,1,tunnel_extend,"(-2, 0)","(-1, 0)",,0.3243,0.0395,0.0,F,resource_fit:0.1750|tunnel_access_gain:0.0000|enemy_tunnel_threat:0.0712|own_tunnel_pressure:-0.0500|collapse_risk:-0.0000|territory_pressure:0.1281|opportunity_cost:-0.0000
4,utility_tunneler_vs_phase_player,22,player,utility_tunneler,1,tunnel_extend,"(-2, 1)","(-1, 0)",,0.3243,0.0395,0.0,F,resource_fit:0.1750|tunnel_access_gain:0.0000|enemy_tunnel_threat:0.0712|own_tunnel_pressure:-0.0500|collapse_risk:-0.0000|territory_pressure:0.1281|opportunity_cost:-0.0000
4,utility_tunneler_vs_phase_player,22,player,utility_tunneler,1,tunnel_extend,"(-1, 1)","(-1, 0)",,0.3827,0.0395,0.0,F,resource_fit:0.1750|tunnel_access_gain:0.0583|enemy_tunnel_threat:0.0712|own_tunnel_pressure:-0.0500|collapse_risk:-0.0000|territory_pressure:0.1281|opportunity_cost:-0.0000
4,utility_tunneler_vs_phase_player,22,player,utility_tunneler,1,tunnel_extend,"(0, -1)","(-1, 0)",,0.3827,0.0395,0.0,F,resource_fit:0.1750|tunnel_access_gain:0.0583|enemy_tunnel_threat:0.0712|own_tunnel_pressure:-0.0500|collapse_risk:-0.0000|territory_pressure:0.1281|opportunity_cost:-0.0000
4,utility_tunneler_vs_phase_player,22,player,utility_tunneler,1,tunnel_extend,"(0, 0)","(-1, 0)",,0.3827,0.0395,0.0,F,resource_fit:0.1750|tunnel_access_gain:0.0583|enemy_tunnel_threat:0.0712|own_tunnel_pressure:-0.0500|collapse_risk:-0.0000|territory_pressure:0.1281|opportunity_cost:-0.0000
4,utility_tunneler_vs_phase_player,22,player,utility_tunneler,1,tunnel_raid,"(-2, 3)",,,0.5061,0.0395,0.0,F,resource_fit:0.1000|enemy_tunnel_threat:0.0475|raid_value:0.2625|territory_pressure:0.0961|opportunity_cost:-0.0000
4,utility_tunneler_vs_phase_player,22,player,utility_tunneler,1,tunnel_raid,"(-1, -2)",,,0.5248,0.0395,0.0,T,resource_fit:0.1000|enemy_tunnel_threat:0.0475|raid_value:0.2812|territory_pressure:0.0961|opportunity_cost:-0.0000
4,utility_tunneler_vs_phase_player,22,player,utility_tunneler,1,wait,,,,0.0,0.0395,0.0395,F,opportunity_cost:-0.0395
4,utility_tunneler_vs_phase_player,22,player,utility_tunneler,2,tunnel_extend,"(-2, 0)","(-3, 1)",,0.3183,0.0369,0.0,F,resource_fit:0.1750|tunnel_access_gain:0.0000|enemy_tunnel_threat:0.0750|own_tunnel_pressure:-0.0500|collapse_risk:-0.0000|territory_pressure:0.1183|opportunity_cost:-0.0000
4,utility_tunneler_vs_phase_player,22,player,utility_tunneler,2,tunnel_extend,"(-2, 1)","(-3, 1)",,0.3183,0.0369,0.0,F,resource_fit:0.1750|tunnel_access_gain:0.0000|enemy_tunnel_threat:0.0750|own_tunnel_pressure:-0.0500|collapse_risk:-0.0000|territory_pressure:0.1183|opportunity_cost:-0.0000
4,utility_tunneler_vs_phase_player,22,player,utility_tunneler,2,tunnel_extend,"(-3, 3)","(-3, 2)",,0.2933,0.0369,0.0,F,resource_fit:0.1750|tunnel_access_gain:0.0000|enemy_tunnel_threat:0.0750|own_tunnel_pressure:-0.0750|collapse_risk:-0.0000|territory_pressure:0.1183|opportunity_cost:-0.0000
4,utility_tunneler_vs_phase_player,22,player,utility_tunneler,2,tunnel_extend,"(-2, 2)","(-3, 2)",,0.2933,0.0369,0.0,F,resource_fit:0.1750|tunnel_access_gain:0.0000|enemy_tunnel_threat:0.0750|own_tunnel_pressure:-0.0750|collapse_risk:-0.0000|territory_pressure:0.1183|opportunity_cost:-0.0000
4,utility_tunneler_vs_phase_player,22,player,utility_tunneler,2,tunnel_extend,"(-3, 2)","(-3, 3)",,0.3183,0.0369,0.0,F,resource_fit:0.1750|tunnel_access_gain:0.0000|enemy_tunnel_threat:0.0750|own_tunnel_pressure:-0.0500|collapse_risk:-0.0000|territory_pressure:0.1183|opportunity_cost:-0.0000
4,utility_tunneler_vs_phase_player,22,player,utility_tunneler,2,tunnel_extend,"(-2, 2)","(-3, 3)",,0.3183,0.0369,0.0,F,resource_fit:0.1750|tunnel_access_gain:0.0000|enemy_tunnel_threat:0.0750|own_tunnel_pressure:-0.0500|collapse_risk:-0.0000|territory_pressure:0.1183|opportunity_cost:-0.0000
4,utility_tunneler_vs_phase_player,22,player,utility_tunneler,2,tunnel_extend,"(-1, -1)","(-2, -1)",,0.2933,0.0369,0.0,F,resource_fit:0.1750|tunnel_access_gain:0.0000|enemy_tunnel_threat:0.0750|own_tunnel_pressure:-0.0750|collapse_risk:-0.0000|territory_pressure:0.1183|opportunity_cost:-0.0000
4,utility_tunneler_vs_phase_player,22,player,utility_tunneler,2,tunnel_extend,"(-3, 1)","(-2, 0)",,0.3183,0.0369,0.0,F,resource_fit:0.1750|tunnel_access_gain:0.0000|enemy_tunnel_threat:0.0750|own_tunnel_pressure:-0.0500|collapse_risk:-0.0000|territory_pressure:0.1183|opportunity_cost:-0.0000
4,utility_tunneler_vs_phase_player,22,player,utility_tunneler,2,tunnel_extend,"(-2, 1)","(-2, 0)",,0.3183,0.0369,0.0,F,resource_fit:0.1750|tunnel_access_gain:0.0000|enemy_tunnel_threat:0.0750|own_tunnel_pressure:-0.0500|collapse_risk:-0.0000|territory_pressure:0.1183|opportunity_cost:-0.0000
4,utility_tunneler_vs_phase_player,22,player,utility_tunneler,2,tunnel_extend,"(-1, -1)","(-2, 0)",,0.3183,0.0369,0.0,F,resource_fit:0.1750|tunnel_access_gain:0.0000|enemy_tunnel_threat:0.0750|own_tunnel_pressure:-0.0500|collapse_risk:-0.0000|territory_pressure:0.1183|opportunity_cost:-0.0000
4,utility_tunneler_vs_phase_player,22,player,utility_tunneler,2,tunnel_extend,"(-1, 0)","(-2, 0)",,0.3183,0.0369,0.0,F,resource_fit:0.1750|tunnel_access_gain:0.0000|enemy_tunnel_threat:0.0750|own_tunnel_pressure:-0.0500|collapse_risk:-0.0000|territory_pressure:0.1183|opportunity_cost:-0.0000
4,utility_tunneler_vs_phase_player,22,player,utility_tunneler,2,tunnel_extend,"(-3, 1)","(-2, 1)",,0.3183,0.0369,0.0,F,resource_fit:0.1750|tunnel_access_gain:0.0000|enemy_tunnel_threat:0.0750|own_tunnel_pressure:-0.0500|collapse_risk:-0.0000|territory_pressure:0.1183|opportunity_cost:-0.0000
4,utility_tunneler_vs_phase_player,22,player,utility_tunneler,2,tunnel_extend,"(-2, 0)","(-2, 1)",,0.3183,0.0369,0.0,F,resource_fit:0.1750|tunnel_access_gain:0.0000|enemy_tunnel_threat:0.0750|own_tunnel_pressure:-0.0500|collapse_risk:-0.0000|territory_pressure:0.1183|opportunity_cost:-0.0000
4,utility_tunneler_vs_phase_player,22,player,utility_tunneler,2,tunnel_extend,"(-2, 2)","(-2, 1)",,0.3183,0.0369,0.0,F,resource_fit:0.1750|tunnel_access_gain:0.0000|enemy_tunnel_threat:0.0750|own_tunnel_pressure:-0.0500|collapse_risk:-0.0000|territory_pressure:0.1183|opportunity_cost:-0.0000
4,utility_tunneler_vs_phase_player,22,player,utility_tunneler,2,tunnel_extend,"(-1, 0)","(-2, 1)",,0.3183,0.0369,0.0,F,resource_fit:0.1750|tunnel_access_gain:0.0000|enemy_tunnel_threat:0.0750|own_tunnel_pressure:-0.0500|collapse_risk:-0.0000|territory_pressure:0.1183|opportunity_cost:-0.0000
4,utility_tunneler_vs_phase_player,22,player,utility_tunneler,2,tunnel_extend,"(-1, 1)","(-2, 1)",,0.3767,0.0369,0.0,F,resource_fit:0.1750|tunnel_access_gain:0.0583|enemy_tunnel_threat:0.0750|own_tunnel_pressure:-0.0500|collapse_risk:-0.0000|territory_pressure:0.1183|opportunity_cost:-0.0000
4,utility_tunneler_vs_phase_player,22,player,utility_tunneler,2,tunnel_extend,"(-3, 2)","(-2, 2)",,0.3433,0.0369,0.0,F,resource_fit:0.1750|tunnel_access_gain:0.0000|enemy_tunnel_threat:0.0750|own_tunnel_pressure:-0.0250|collapse_risk:-0.0000|territory_pressure:0.1183|opportunity_cost:-0.0000
4,utility_tunneler_vs_phase_player,22,player,utility_tunneler,2,tunnel_extend,"(-3, 3)","(-2, 2)",,0.3433,0.0369,0.0,F,resource_fit:0.1750|tunnel_access_gain:0.0000|enemy_tunnel_threat:0.0750|own_tunnel_pressure:-0.0250|collapse_risk:-0.0000|territory_pressure:0.1183|opportunity_cost:-0.0000
4,utility_tunneler_vs_phase_player,22,player,utility_tunneler,2,tunnel_extend,"(-2, 1)","(-2, 2)",,0.3433,0.0369,0.0,F,resource_fit:0.1750|tunnel_access_gain:0.0000|enemy_tunnel_threat:0.0750|own_tunnel_pressure:-0.0250|collapse_risk:-0.0000|territory_pressure:0.1183|opportunity_cost:-0.0000
4,utility_tunneler_vs_phase_player,22,player,utility_tunneler,2,tunnel_extend,"(-2, 3)","(-2, 2)",,0.3433,0.0369,0.0,F,resource_fit:0.1750|tunnel_access_gain:0.0000|enemy_tunnel_threat:0.0750|own_tunnel_pressure:-0.0250|collapse_risk:-0.0000|territory_pressure:0.1183|opportunity_cost:-0.0000
4,utility_tunneler_vs_phase_player,22,player,utility_tunneler,2,tunnel_extend,"(-1, 1)","(-2, 2)",,0.4017,0.0369,0.0,F,resource_fit:0.1750|tunnel_access_gain:0.0583|enemy_tunnel_threat:0.0750|own_tunnel_pressure:-0.0250|collapse_risk:-0.0000|territory_pressure:0.1183|opportunity_cost:-0.0000
4,utility_tunneler_vs_phase_player,22,player,utility_tunneler,2,tunnel_extend,"(-1, 2)","(-2, 2)",,0.4017,0.0369,0.0,F,resource_fit:0.1750|tunnel_access_gain:0.0583|enemy_tunnel_threat:0.0750|own_tunnel_pressure:-0.0250|collapse_risk:-0.0000|territory_pressure:0.1183|opportunity_cost:-0.0000
4,utility_tunneler_vs_phase_player,22,player,utility_tunneler,2,tunnel_extend,"(-2, 2)","(-2, 3)",,0.3183,0.0369,0.0,F,resource_fit:0.1750|tunnel_access_gain:0.0000|enemy_tunnel_threat:0.0750|own_tunnel_pressure:-0.0500|collapse_risk:-0.0000|territory_pressure:0.1183|opportunity_cost:-0.0000
4,utility_tunneler_vs_phase_player,22,player,utility_tunneler,2,tunnel_extend,"(-1, 2)","(-2, 3)",,0.3767,0.0369,0.0,F,resource_fit:0.1750|tunnel_access_gain:0.0583|enemy_tunnel_threat:0.0750|own_tunnel_pressure:-0.0500|collapse_risk:-0.0000|territory_pressure:0.1183|opportunity_cost:-0.0000
4,utility_tunneler_vs_phase_player,22,player,utility_tunneler,2,tunnel_extend,"(-1, 3)","(-2, 3)",,0.3767,0.0369,0.0,F,resource_fit:0.1750|tunnel_access_gain:0.0583|enemy_tunnel_threat:0.0750|own_tunnel_pressure:-0.0500|collapse_risk:-0.0000|territory_pressure:0.1183|opportunity_cost:-0.0000
4,utility_tunneler_vs_phase_player,22,player,utility_tunneler,2,tunnel_extend,"(0, -3)","(-1, -2)",,0.3517,0.0369,0.0,F,resource_fit:0.1750|tunnel_access_gain:0.0583|enemy_tunnel_threat:0.0750|own_tunnel_pressure:-0.0750|collapse_risk:-0.0000|territory_pressure:0.1183|opportunity_cost:-0.0000
4,utility_tunneler_vs_phase_player,22,player,utility_tunneler,2,tunnel_extend,"(0, -2)","(-1, -2)",,0.3517,0.0369,0.0,F,resource_fit:0.1750|tunnel_access_gain:0.0583|enemy_tunnel_threat:0.0750|own_tunnel_pressure:-0.0750|collapse_risk:-0.0000|territory_pressure:0.1183|opportunity_cost:-0.0000
4,utility_tunneler_vs_phase_player,22,player,utility_tunneler,2,tunnel_extend,"(-2, -1)","(-1, -1)",,0.3183,0.0369,0.0,F,resource_fit:0.1750|tunnel_access_gain:0.0000|enemy_tunnel_threat:0.0750|own_tunnel_pressure:-0.0500|collapse_risk:-0.0000|territory_pressure:0.1183|opportunity_cost:-0.0000
4,utility_tunneler_vs_phase_player,22,player,utility_tunneler,2,tunnel_extend,"(-2, 0)","(-1, -1)",,0.3183,0.0369,0.0,F,resource_fit:0.1750|tunnel_access_gain:0.0000|enemy_tunnel_threat:0.0750|own_tunnel_pressure:-0.0500|collapse_risk:-0.0000|territory_pressure:0.1183|opportunity_cost:-0.0000
4,utility_tunneler_vs_phase_player,22,player,utility_tunneler,2,tunnel_extend,"(0, -2)","(-1, -1)",,0.3767,0.0369,0.0,F,resource_fit:0.1750|tunnel_access_gain:0.0583|enemy_tunnel_threat:0.0750|own_tunnel_pressure:-0.0500|collapse_risk:-0.0000|territory_pressure:0.1183|opportunity_cost:-0.0000
4,utility_tunneler_vs_phase_player,22,player,utility_tunneler,2,tunnel_extend,"(0, -1)","(-1, -1)",,0.3767,0.0369,0.0,F,resource_fit:0.1750|tunnel_access_gain:0.0583|enemy_tunnel_threat:0.0750|own_tunnel_pressure:-0.0500|collapse_risk:-0.0000|territory_pressure:0.1183|opportunity_cost:-0.0000
4,utility_tunneler_vs_phase_player,22,player,utility_tunneler,2,tunnel_extend,"(-2, 0)","(-1, 0)",,0.3183,0.0369,0.0,F,resource_fit:0.1750|tunnel_access_gain:0.0000|enemy_tunnel_threat:0.0750|own_tunnel_pressure:-0.0500|collapse_risk:-0.0000|territory_pressure:0.1183|opportunity_cost:-0.0000
4,utility_tunneler_vs_phase_player,22,player,utility_tunneler,2,tunnel_extend,"(-2, 1)","(-1, 0)",,0.3183,0.0369,0.0,F,resource_fit:0.1750|tunnel_access_gain:0.0000|enemy_tunnel_threat:0.0750|own_tunnel_pressure:-0.0500|collapse_risk:-0.0000|territory_pressure:0.1183|opportunity_cost:-0.0000
4,utility_tunneler_vs_phase_player,22,player,utility_tunneler,2,tunnel_extend,"(-1, 1)","(-1, 0)",,0.3767,0.0369,0.0,F,resource_fit:0.1750|tunnel_access_gain:0.0583|enemy_tunnel_threat:0.0750|own_tunnel_pressure:-0.0500|collapse_risk:-0.0000|territory_pressure:0.1183|opportunity_cost:-0.0000
4,utility_tunneler_vs_phase_player,22,player,utility_tunneler,2,tunnel_extend,"(0, -1)","(-1, 0)",,0.3767,0.0369,0.0,F,resource_fit:0.1750|tunnel_access_gain:0.0583|enemy_tunnel_threat:0.0750|own_tunnel_pressure:-0.0500|collapse_risk:-0.0000|territory_pressure:0.1183|opportunity_cost:-0.0000
4,utility_tunneler_vs_phase_player,22,player,utility_tunneler,2,tunnel_extend,"(0, 0)","(-1, 0)",,0.3767,0.0369,0.0,F,resource_fit:0.1750|tunnel_access_gain:0.0583|enemy_tunnel_threat:0.0750|own_tunnel_pressure:-0.0500|collapse_risk:-0.0000|territory_pressure:0.1183|opportunity_cost:-0.0000
4,utility_tunneler_vs_phase_player,22,player,utility_tunneler,2,tunnel_raid,"(-2, 3)",,,0.4637,0.0369,0.0,T,resource_fit:0.0625|enemy_tunnel_threat:0.0500|raid_value:0.2625|territory_pressure:0.0887|opportunity_cost:-0.0000
4,utility_tunneler_vs_phase_player,22,player,utility_tunneler,2,wait,,,,0.0,0.0369,0.0369,F,opportunity_cost:-0.0369
4,utility_tunneler_vs_phase_player,22,player,utility_tunneler,3,tunnel_extend,"(-2, 0)","(-3, 1)",,0.3086,0.0347,0.0,F,resource_fit:0.1750|tunnel_access_gain:0.0000|enemy_tunnel_threat:0.0750|own_tunnel_pressure:-0.0500|collapse_risk:-0.0000|territory_pressure:0.1086|opportunity_cost:-0.0000
4,utility_tunneler_vs_phase_player,22,player,utility_tunneler,3,tunnel_extend,"(-2, 1)","(-3, 1)",,0.3086,0.0347,0.0,F,resource_fit:0.1750|tunnel_access_gain:0.0000|enemy_tunnel_threat:0.0750|own_tunnel_pressure:-0.0500|collapse_risk:-0.0000|territory_pressure:0.1086|opportunity_cost:-0.0000
4,utility_tunneler_vs_phase_player,22,player,utility_tunneler,3,tunnel_extend,"(-3, 3)","(-3, 2)",,0.2836,0.0347,0.0,F,resource_fit:0.1750|tunnel_access_gain:0.0000|enemy_tunnel_threat:0.0750|own_tunnel_pressure:-0.0750|collapse_risk:-0.0000|territory_pressure:0.1086|opportunity_cost:-0.0000
4,utility_tunneler_vs_phase_player,22,player,utility_tunneler,3,tunnel_extend,"(-2, 2)","(-3, 2)",,0.2836,0.0347,0.0,F,resource_fit:0.1750|tunnel_access_gain:0.0000|enemy_tunnel_threat:0.0750|own_tunnel_pressure:-0.0750|collapse_risk:-0.0000|territory_pressure:0.1086|opportunity_cost:-0.0000
4,utility_tunneler_vs_phase_player,22,player,utility_tunneler,3,tunnel_extend,"(-3, 2)","(-3, 3)",,0.3086,0.0347,0.0,F,resource_fit:0.1750|tunnel_access_gain:0.0000|enemy_tunnel_threat:0.0750|own_tunnel_pressure:-0.0500|collapse_risk:-0.0000|territory_pressure:0.1086|opportunity_cost:-0.0000
4,utility_tunneler_vs_phase_player,22,player,utility_tunneler,3,tunnel_extend,"(-2, 2)","(-3, 3)",,0.3086,0.0347,0.0,F,resource_fit:0.1750|tunnel_access_gain:0.0000|enemy_tunnel_threat:0.0750|own_tunnel_pressure:-0.0500|collapse_risk:-0.0000|territory_pressure:0.1086|opportunity_cost:-0.0000
4,utility_tunneler_vs_phase_player,22,player,utility_tunneler,3,tunnel_extend,"(-1, -1)","(-2, -1)",,0.2836,0.0347,0.0,F,resource_fit:0.1750|tunnel_access_gain:0.0000|enemy_tunnel_threat:0.0750|own_tunnel_pressure:-0.0750|collapse_risk:-0.0000|territory_pressure:0.1086|opportunity_cost:-0.0000
4,utility_tunneler_vs_phase_player,22,player,utility_tunneler,3,tunnel_extend,"(-3, 1)","(-2, 0)",,0.3086,0.0347,0.0,F,resource_fit:0.1750|tunnel_access_gain:0.0000|enemy_tunnel_threat:0.0750|own_tunnel_pressure:-0.0500|collapse_risk:-0.0000|territory_pressure:0.1086|opportunity_cost:-0.0000
4,utility_tunneler_vs_phase_player,22,player,utility_tunneler,3,tunnel_extend,"(-2, 1)","(-2, 0)",,0.3086,0.0347,0.0,F,resource_fit:0.1750|tunnel_access_gain:0.0000|enemy_tunnel_threat:0.0750|own_tunnel_pressure:-0.0500|collapse_risk:-0.0000|territory_pressure:0.1086|opportunity_cost:-0.0000
4,utility_tunneler_vs_phase_player,22,player,utility_tunneler,3,tunnel_extend,"(-1, -1)","(-2, 0)",,0.3086,0.0347,0.0,F,resource_fit:0.1750|tunnel_access_gain:0.0000|enemy_tunnel_threat:0.0750|own_tunnel_pressure:-0.0500|collapse_risk:-0.0000|territory_pressure:0.1086|opportunity_cost:-0.0000
4,utility_tunneler_vs_phase_player,22,player,utility_tunneler,3,tunnel_extend,"(-1, 0)","(-2, 0)",,0.3086,0.0347,0.0,F,resource_fit:0.1750|tunnel_access_gain:0.0000|enemy_tunnel_threat:0.0750|own_tunnel_pressure:-0.0500|collapse_risk:-0.0000|territory_pressure:0.1086|opportunity_cost:-0.0000
4,utility_tunneler_vs_phase_player,22,player,utility_tunneler,3,tunnel_extend,"(-3, 1)","(-2, 1)",,0.3086,0.0347,0.0,F,resource_fit:0.1750|tunnel_access_gain:0.0000|enemy_tunnel_threat:0.0750|own_tunnel_pressure:-0.0500|collapse_risk:-0.0000|territory_pressure:0.1086|opportunity_cost:-0.0000
4,utility_tunneler_vs_phase_player,22,player,utility_tunneler,3,tunnel_extend,"(-2, 0)","(-2, 1)",,0.3086,0.0347,0.0,F,resource_fit:0.1750|tunnel_access_gain:0.0000|enemy_tunnel_threat:0.0750|own_tunnel_pressure:-0.0500|collapse_risk:-0.0000|territory_pressure:0.1086|opportunity_cost:-0.0000
4,utility_tunneler_vs_phase_player,22,player,utility_tunneler,3,tunnel_extend,"(-2, 2)","(-2, 1)",,0.3086,0.0347,0.0,F,resource_fit:0.1750|tunnel_access_gain:0.0000|enemy_tunnel_threat:0.0750|own_tunnel_pressure:-0.0500|collapse_risk:-0.0000|territory_pressure:0.1086|opportunity_cost:-0.0000
4,utility_tunneler_vs_phase_player,22,player,utility_tunneler,3,tunnel_extend,"(-1, 0)","(-2, 1)",,0.3086,0.0347,0.0,F,resource_fit:0.1750|tunnel_access_gain:0.0000|enemy_tunnel_threat:0.0750|own_tunnel_pressure:-0.0500|collapse_risk:-0.0000|territory_pressure:0.1086|opportunity_cost:-0.0000
4,utility_tunneler_vs_phase_player,22,player,utility_tunneler,3,tunnel_extend,"(-1, 1)","(-2, 1)",,0.3669,0.0347,0.0,F,resource_fit:0.1750|tunnel_access_gain:0.0583|enemy_tunnel_threat:0.0750|own_tunnel_pressure:-0.0500|collapse_risk:-0.0000|territory_pressure:0.1086|opportunity_cost:-0.0000
4,utility_tunneler_vs_phase_player,22,player,utility_tunneler,3,tunnel_extend,"(-3, 2)","(-2, 2)",,0.3336,0.0347,0.0,F,resource_fit:0.1750|tunnel_access_gain:0.0000|enemy_tunnel_threat:0.0750|own_tunnel_pressure:-0.0250|collapse_risk:-0.0000|territory_pressure:0.1086|opportunity_cost:-0.0000
4,utility_tunneler_vs_phase_player,22,player,utility_tunneler,3,tunnel_extend,"(-3, 3)","(-2, 2)",,0.3336,0.0347,0.0,F,resource_fit:0.1750|tunnel_access_gain:0.0000|enemy_tunnel_threat:0.0750|own_tunnel_pressure:-0.0250|collapse_risk:-0.0000|territory_pressure:0.1086|opportunity_cost:-0.0000
4,utility_tunneler_vs_phase_player,22,player,utility_tunneler,3,tunnel_extend,"(-2, 1)","(-2, 2)",,0.3336,0.0347,0.0,F,resource_fit:0.1750|tunnel_access_gain:0.0000|enemy_tunnel_threat:0.0750|own_tunnel_pressure:-0.0250|collapse_risk:-0.0000|territory_pressure:0.1086|opportunity_cost:-0.0000
4,utility_tunneler_vs_phase_player,22,player,utility_tunneler,3,tunnel_extend,"(-2, 3)","(-2, 2)",,0.3336,0.0347,0.0,F,resource_fit:0.1750|tunnel_access_gain:0.0000|enemy_tunnel_threat:0.0750|own_tunnel_pressure:-0.0250|collapse_risk:-0.0000|territory_pressure:0.1086|opportunity_cost:-0.0000
4,utility_tunneler_vs_phase_player,22,player,utility_tunneler,3,tunnel_extend,"(-1, 1)","(-2, 2)",,0.3919,0.0347,0.0,T,resource_fit:0.1750|tunnel_access_gain:0.0583|enemy_tunnel_threat:0.0750|own_tunnel_pressure:-0.0250|collapse_risk:-0.0000|territory_pressure:0.1086|opportunity_cost:-0.0000
4,utility_tunneler_vs_phase_player,22,player,utility_tunneler,3,tunnel_extend,"(-1, 2)","(-2, 2)",,0.3919,0.0347,0.0,F,resource_fit:0.1750|tunnel_access_gain:0.0583|enemy_tunnel_threat:0.0750|own_tunnel_pressure:-0.0250|collapse_risk:-0.0000|territory_pressure:0.1086|opportunity_cost:-0.0000
4,utility_tunneler_vs_phase_player,22,player,utility_tunneler,3,tunnel_extend,"(-2, 2)","(-2, 3)",,0.3086,0.0347,0.0,F,resource_fit:0.1750|tunnel_access_gain:0.0000|enemy_tunnel_threat:0.0750|own_tunnel_pressure:-0.0500|collapse_risk:-0.0000|territory_pressure:0.1086|opportunity_cost:-0.0000
4,utility_tunneler_vs_phase_player,22,player,utility_tunneler,3,tunnel_extend,"(-1, 2)","(-2, 3)",,0.3669,0.0347,0.0,F,resource_fit:0.1750|tunnel_access_gain:0.0583|enemy_tunnel_threat:0.0750|own_tunnel_pressure:-0.0500|collapse_risk:-0.0000|territory_pressure:0.1086|opportunity_cost:-0.0000
4,utility_tunneler_vs_phase_player,22,player,utility_tunneler,3,tunnel_extend,"(-1, 3)","(-2, 3)",,0.3669,0.0347,0.0,F,resource_fit:0.1750|tunnel_access_gain:0.0583|enemy_tunnel_threat:0.0750|own_tunnel_pressure:-0.0500|collapse_risk:-0.0000|territory_pressure:0.1086|opportunity_cost:-0.0000
4,utility_tunneler_vs_phase_player,22,player,utility_tunneler,3,tunnel_extend,"(0, -3)","(-1, -2)",,0.3419,0.0347,0.0,F,resource_fit:0.1750|tunnel_access_gain:0.0583|enemy_tunnel_threat:0.0750|own_tunnel_pressure:-0.0750|collapse_risk:-0.0000|territory_pressure:0.1086|opportunity_cost:-0.0000
4,utility_tunneler_vs_phase_player,22,player,utility_tunneler,3,tunnel_extend,"(0, -2)","(-1, -2)",,0.3419,0.0347,0.0,F,resource_fit:0.1750|tunnel_access_gain:0.0583|enemy_tunnel_threat:0.0750|own_tunnel_pressure:-0.0750|collapse_risk:-0.0000|territory_pressure:0.1086|opportunity_cost:-0.0000
4,utility_tunneler_vs_phase_player,22,player,utility_tunneler,3,tunnel_extend,"(-2, -1)","(-1, -1)",,0.3086,0.0347,0.0,F,resource_fit:0.1750|tunnel_access_gain:0.0000|enemy_tunnel_threat:0.0750|own_tunnel_pressure:-0.0500|collapse_risk:-0.0000|territory_pressure:0.1086|opportunity_cost:-0.0000
4,utility_tunneler_vs_phase_player,22,player,utility_tunneler,3,tunnel_extend,"(-2, 0)","(-1, -1)",,0.3086,0.0347,0.0,F,resource_fit:0.1750|tunnel_access_gain:0.0000|enemy_tunnel_threat:0.0750|own_tunnel_pressure:-0.0500|collapse_risk:-0.0000|territory_pressure:0.1086|opportunity_cost:-0.0000
4,utility_tunneler_vs_phase_player,22,player,utility_tunneler,3,tunnel_extend,"(0, -2)","(-1, -1)",,0.3669,0.0347,0.0,F,resource_fit:0.1750|tunnel_access_gain:0.0583|enemy_tunnel_threat:0.0750|own_tunnel_pressure:-0.0500|collapse_risk:-0.0000|territory_pressure:0.1086|opportunity_cost:-0.0000
4,utility_tunneler_vs_phase_player,22,player,utility_tunneler,3,tunnel_extend,"(0, -1)","(-1, -1)",,0.3669,0.0347,0.0,F,resource_fit:0.1750|tunnel_access_gain:0.0583|enemy_tunnel_threat:0.0750|own_tunnel_pressure:-0.0500|collapse_risk:-0.0000|territory_pressure:0.1086|opportunity_cost:-0.0000
4,utility_tunneler_vs_phase_player,22,player,utility_tunneler,3,tunnel_extend,"(-2, 0)","(-1, 0)",,0.3086,0.0347,0.0,F,resource_fit:0.1750|tunnel_access_gain:0.0000|enemy_tunnel_threat:0.0750|own_tunnel_pressure:-0.0500|collapse_risk:-0.0000|territory_pressure:0.1086|opportunity_cost:-0.0000
4,utility_tunneler_vs_phase_player,22,player,utility_tunneler,3,tunnel_extend,"(-2, 1)","(-1, 0)",,0.3086,0.0347,0.0,F,resource_fit:0.1750|tunnel_access_gain:0.0000|enemy_tunnel_threat:0.0750|own_tunnel_pressure:-0.0500|collapse_risk:-0.0000|territory_pressure:0.1086|opportunity_cost:-0.0000
4,utility_tunneler_vs_phase_player,22,player,utility_tunneler,3,tunnel_extend,"(-1, 1)","(-1, 0)",,0.3669,0.0347,0.0,F,resource_fit:0.1750|tunnel_access_gain:0.0583|enemy_tunnel_threat:0.0750|own_tunnel_pressure:-0.0500|collapse_risk:-0.0000|territory_pressure:0.1086|opportunity_cost:-0.0000
4,utility_tunneler_vs_phase_player,22,player,utility_tunneler,3,tunnel_extend,"(0, -1)","(-1, 0)",,0.3669,0.0347,0.0,F,resource_fit:0.1750|tunnel_access_gain:0.0583|enemy_tunnel_threat:0.0750|own_tunnel_pressure:-0.0500|collapse_risk:-0.0000|territory_pressure:0.1086|opportunity_cost:-0.0000
4,utility_tunneler_vs_phase_player,22,player,utility_tunneler,3,tunnel_extend,"(0, 0)","(-1, 0)",,0.3669,0.0347,0.0,F,resource_fit:0.1750|tunnel_access_gain:0.0583|enemy_tunnel_threat:0.0750|own_tunnel_pressure:-0.0500|collapse_risk:-0.0000|territory_pressure:0.1086|opportunity_cost:-0.0000
4,utility_tunneler_vs_phase_player,22,player,utility_tunneler,3,wait,,,,0.0,0.0347,0.0347,F,opportunity_cost:-0.0347
4,utility_tunneler_vs_phase_player,23,player,utility_tunneler,1,tunnel_entrance,"(-1, -1)",,,0.5794,1.1521,0.5727,F,resource_fit:0.2188|tunnel_access_gain:0.2000|enemy_tunnel_threat:0.0521|collapse_risk:-0.0000|territory_pressure:0.1086|opportunity_cost:-0.5727
4,utility_tunneler_vs_phase_player,23,player,utility_tunneler,1,tunnel_extend,"(-2, 0)","(-3, 1)",,0.32,1.1521,0.832,F,resource_fit:0.1833|tunnel_access_gain:0.0000|enemy_tunnel_threat:0.0781|own_tunnel_pressure:-0.0500|collapse_risk:-0.0000|territory_pressure:0.1086|opportunity_cost:-0.8320
4,utility_tunneler_vs_phase_player,23,player,utility_tunneler,1,tunnel_extend,"(-2, 1)","(-3, 1)",,0.32,1.1521,0.832,F,resource_fit:0.1833|tunnel_access_gain:0.0000|enemy_tunnel_threat:0.0781|own_tunnel_pressure:-0.0500|collapse_risk:-0.0000|territory_pressure:0.1086|opportunity_cost:-0.8320
4,utility_tunneler_vs_phase_player,23,player,utility_tunneler,1,tunnel_extend,"(-3, 3)","(-3, 2)",,0.295,1.1521,0.857,F,resource_fit:0.1833|tunnel_access_gain:0.0000|enemy_tunnel_threat:0.0781|own_tunnel_pressure:-0.0750|collapse_risk:-0.0000|territory_pressure:0.1086|opportunity_cost:-0.8570
4,utility_tunneler_vs_phase_player,23,player,utility_tunneler,1,tunnel_extend,"(-2, 2)","(-3, 2)",,0.295,1.1521,0.857,F,resource_fit:0.1833|tunnel_access_gain:0.0000|enemy_tunnel_threat:0.0781|own_tunnel_pressure:-0.0750|collapse_risk:-0.0000|territory_pressure:0.1086|opportunity_cost:-0.8570
4,utility_tunneler_vs_phase_player,23,player,utility_tunneler,1,tunnel_extend,"(-3, 2)","(-3, 3)",,0.32,1.1521,0.832,F,resource_fit:0.1833|tunnel_access_gain:0.0000|enemy_tunnel_threat:0.0781|own_tunnel_pressure:-0.0500|collapse_risk:-0.0000|territory_pressure:0.1086|opportunity_cost:-0.8320
4,utility_tunneler_vs_phase_player,23,player,utility_tunneler,1,tunnel_extend,"(-2, 2)","(-3, 3)",,0.32,1.1521,0.832,F,resource_fit:0.1833|tunnel_access_gain:0.0000|enemy_tunnel_threat:0.0781|own_tunnel_pressure:-0.0500|collapse_risk:-0.0000|territory_pressure:0.1086|opportunity_cost:-0.8320
4,utility_tunneler_vs_phase_player,23,player,utility_tunneler,1,tunnel_extend,"(-1, -1)","(-2, -1)",,0.295,1.1521,0.857,F,resource_fit:0.1833|tunnel_access_gain:0.0000|enemy_tunnel_threat:0.0781|own_tunnel_pressure:-0.0750|collapse_risk:-0.0000|territory_pressure:0.1086|opportunity_cost:-0.8570
4,utility_tunneler_vs_phase_player,23,player,utility_tunneler,1,tunnel_extend,"(-3, 1)","(-2, 0)",,0.32,1.1521,0.832,F,resource_fit:0.1833|tunnel_access_gain:0.0000|enemy_tunnel_threat:0.0781|own_tunnel_pressure:-0.0500|collapse_risk:-0.0000|territory_pressure:0.1086|opportunity_cost:-0.8320
4,utility_tunneler_vs_phase_player,23,player,utility_tunneler,1,tunnel_extend,"(-2, 1)","(-2, 0)",,0.32,1.1521,0.832,F,resource_fit:0.1833|tunnel_access_gain:0.0000|enemy_tunnel_threat:0.0781|own_tunnel_pressure:-0.0500|collapse_risk:-0.0000|territory_pressure:0.1086|opportunity_cost:-0.8320
4,utility_tunneler_vs_phase_player,23,player,utility_tunneler,1,tunnel_extend,"(-1, -1)","(-2, 0)",,0.32,1.1521,0.832,F,resource_fit:0.1833|tunnel_access_gain:0.0000|enemy_tunnel_threat:0.0781|own_tunnel_pressure:-0.0500|collapse_risk:-0.0000|territory_pressure:0.1086|opportunity_cost:-0.8320
4,utility_tunneler_vs_phase_player,23,player,utility_tunneler,1,tunnel_extend,"(-1, 0)","(-2, 0)",,0.32,1.1521,0.832,F,resource_fit:0.1833|tunnel_access_gain:0.0000|enemy_tunnel_threat:0.0781|own_tunnel_pressure:-0.0500|collapse_risk:-0.0000|territory_pressure:0.1086|opportunity_cost:-0.8320
4,utility_tunneler_vs_phase_player,23,player,utility_tunneler,1,tunnel_extend,"(-3, 1)","(-2, 1)",,0.32,1.1521,0.832,F,resource_fit:0.1833|tunnel_access_gain:0.0000|enemy_tunnel_threat:0.0781|own_tunnel_pressure:-0.0500|collapse_risk:-0.0000|territory_pressure:0.1086|opportunity_cost:-0.8320
4,utility_tunneler_vs_phase_player,23,player,utility_tunneler,1,tunnel_extend,"(-2, 0)","(-2, 1)",,0.32,1.1521,0.832,F,resource_fit:0.1833|tunnel_access_gain:0.0000|enemy_tunnel_threat:0.0781|own_tunnel_pressure:-0.0500|collapse_risk:-0.0000|territory_pressure:0.1086|opportunity_cost:-0.8320
4,utility_tunneler_vs_phase_player,23,player,utility_tunneler,1,tunnel_extend,"(-2, 2)","(-2, 1)",,0.32,1.1521,0.832,F,resource_fit:0.1833|tunnel_access_gain:0.0000|enemy_tunnel_threat:0.0781|own_tunnel_pressure:-0.0500|collapse_risk:-0.0000|territory_pressure:0.1086|opportunity_cost:-0.8320
4,utility_tunneler_vs_phase_player,23,player,utility_tunneler,1,tunnel_extend,"(-1, 0)","(-2, 1)",,0.32,1.1521,0.832,F,resource_fit:0.1833|tunnel_access_gain:0.0000|enemy_tunnel_threat:0.0781|own_tunnel_pressure:-0.0500|collapse_risk:-0.0000|territory_pressure:0.1086|opportunity_cost:-0.8320
4,utility_tunneler_vs_phase_player,23,player,utility_tunneler,1,tunnel_extend,"(-1, 1)","(-2, 1)",,0.32,1.1521,0.832,F,resource_fit:0.1833|tunnel_access_gain:0.0000|enemy_tunnel_threat:0.0781|own_tunnel_pressure:-0.0500|collapse_risk:-0.0000|territory_pressure:0.1086|opportunity_cost:-0.8320
4,utility_tunneler_vs_phase_player,23,player,utility_tunneler,1,tunnel_extend,"(-3, 2)","(-2, 2)",,0.32,1.1521,0.832,F,resource_fit:0.1833|tunnel_access_gain:0.0000|enemy_tunnel_threat:0.0781|own_tunnel_pressure:-0.0500|collapse_risk:-0.0000|territory_pressure:0.1086|opportunity_cost:-0.8320
4,utility_tunneler_vs_phase_player,23,player,utility_tunneler,1,tunnel_extend,"(-3, 3)","(-2, 2)",,0.32,1.1521,0.832,F,resource_fit:0.1833|tunnel_access_gain:0.0000|enemy_tunnel_threat:0.0781|own_tunnel_pressure:-0.0500|collapse_risk:-0.0000|territory_pressure:0.1086|opportunity_cost:-0.8320
4,utility_tunneler_vs_phase_player,23,player,utility_tunneler,1,tunnel_extend,"(-2, 1)","(-2, 2)",,0.32,1.1521,0.832,F,resource_fit:0.1833|tunnel_access_gain:0.0000|enemy_tunnel_threat:0.0781|own_tunnel_pressure:-0.0500|collapse_risk:-0.0000|territory_pressure:0.1086|opportunity_cost:-0.8320
4,utility_tunneler_vs_phase_player,23,player,utility_tunneler,1,tunnel_extend,"(-2, 3)","(-2, 2)",,0.32,1.1521,0.832,F,resource_fit:0.1833|tunnel_access_gain:0.0000|enemy_tunnel_threat:0.0781|own_tunnel_pressure:-0.0500|collapse_risk:-0.0000|territory_pressure:0.1086|opportunity_cost:-0.8320
4,utility_tunneler_vs_phase_player,23,player,utility_tunneler,1,tunnel_extend,"(-1, 2)","(-2, 2)",,0.3784,1.1521,0.7737,F,resource_fit:0.1833|tunnel_access_gain:0.0583|enemy_tunnel_threat:0.0781|own_tunnel_pressure:-0.0500|collapse_risk:-0.0000|territory_pressure:0.1086|opportunity_cost:-0.7737
4,utility_tunneler_vs_phase_player,23,player,utility_tunneler,1,tunnel_extend,"(-2, 2)","(-2, 3)",,0.32,1.1521,0.832,F,resource_fit:0.1833|tunnel_access_gain:0.0000|enemy_tunnel_threat:0.0781|own_tunnel_pressure:-0.0500|collapse_risk:-0.0000|territory_pressure:0.1086|opportunity_cost:-0.8320
4,utility_tunneler_vs_phase_player,23,player,utility_tunneler,1,tunnel_extend,"(-1, 2)","(-2, 3)",,0.3784,1.1521,0.7737,F,resource_fit:0.1833|tunnel_access_gain:0.0583|enemy_tunnel_threat:0.0781|own_tunnel_pressure:-0.0500|collapse_risk:-0.0000|territory_pressure:0.1086|opportunity_cost:-0.7737
4,utility_tunneler_vs_phase_player,23,player,utility_tunneler,1,tunnel_extend,"(-1, 3)","(-2, 3)",,0.3784,1.1521,0.7737,F,resource_fit:0.1833|tunnel_access_gain:0.0583|enemy_tunnel_threat:0.0781|own_tunnel_pressure:-0.0500|collapse_risk:-0.0000|territory_pressure:0.1086|opportunity_cost:-0.7737
4,utility_tunneler_vs_phase_player,23,player,utility_tunneler,1,tunnel_extend,"(0, -3)","(-1, -2)",,0.3534,1.1521,0.7987,F,resource_fit:0.1833|tunnel_access_gain:0.0583|enemy_tunnel_threat:0.0781|own_tunnel_pressure:-0.0750|collapse_risk:-0.0000|territory_pressure:0.1086|opportunity_cost:-0.7987
4,utility_tunneler_vs_phase_player,23,player,utility_tunneler,1,tunnel_extend,"(0, -2)","(-1, -2)",,0.3534,1.1521,0.7987,F,resource_fit:0.1833|tunnel_access_gain:0.0583|enemy_tunnel_threat:0.0781|own_tunnel_pressure:-0.0750|collapse_risk:-0.0000|territory_pressure:0.1086|opportunity_cost:-0.7987
4,utility_tunneler_vs_phase_player,23,player,utility_tunneler,1,tunnel_extend,"(-2, -1)","(-1, -1)",,0.32,1.1521,0.832,F,resource_fit:0.1833|tunnel_access_gain:0.0000|enemy_tunnel_threat:0.0781|own_tunnel_pressure:-0.0500|collapse_risk:-0.0000|territory_pressure:0.1086|opportunity_cost:-0.8320
4,utility_tunneler_vs_phase_player,23,player,utility_tunneler,1,tunnel_extend,"(-2, 0)","(-1, -1)",,0.32,1.1521,0.832,F,resource_fit:0.1833|tunnel_access_gain:0.0000|enemy_tunnel_threat:0.0781|own_tunnel_pressure:-0.0500|collapse_risk:-0.0000|territory_pressure:0.1086|opportunity_cost:-0.8320
4,utility_tunneler_vs_phase_player,23,player,utility_tunneler,1,tunnel_extend,"(0, -2)","(-1, -1)",,0.3784,1.1521,0.7737,F,resource_fit:0.1833|tunnel_access_gain:0.0583|enemy_tunnel_threat:0.0781|own_tunnel_pressure:-0.0500|collapse_risk:-0.0000|territory_pressure:0.1086|opportunity_cost:-0.7737
4,utility_tunneler_vs_phase_player,23,player,utility_tunneler,1,tunnel_extend,"(0, -1)","(-1, -1)",,0.3784,1.1521,0.7737,F,resource_fit:0.1833|tunnel_access_gain:0.0583|enemy_tunnel_threat:0.0781|own_tunnel_pressure:-0.0500|collapse_risk:-0.0000|territory_pressure:0.1086|opportunity_cost:-0.7737
4,utility_tunneler_vs_phase_player,23,player,utility_tunneler,1,tunnel_extend,"(-2, 0)","(-1, 0)",,0.32,1.1521,0.832,F,resource_fit:0.1833|tunnel_access_gain:0.0000|enemy_tunnel_threat:0.0781|own_tunnel_pressure:-0.0500|collapse_risk:-0.0000|territory_pressure:0.1086|opportunity_cost:-0.8320
4,utility_tunneler_vs_phase_player,23,player,utility_tunneler,1,tunnel_extend,"(-2, 1)","(-1, 0)",,0.32,1.1521,0.832,F,resource_fit:0.1833|tunnel_access_gain:0.0000|enemy_tunnel_threat:0.0781|own_tunnel_pressure:-0.0500|collapse_risk:-0.0000|territory_pressure:0.1086|opportunity_cost:-0.8320
4,utility_tunneler_vs_phase_player,23,player,utility_tunneler,1,tunnel_extend,"(-1, 1)","(-1, 0)",,0.32,1.1521,0.832,F,resource_fit:0.1833|tunnel_access_gain:0.0000|enemy_tunnel_threat:0.0781|own_tunnel_pressure:-0.0500|collapse_risk:-0.0000|territory_pressure:0.1086|opportunity_cost:-0.8320
4,utility_tunneler_vs_phase_player,23,player,utility_tunneler,1,tunnel_extend,"(0, -1)","(-1, 0)",,0.3784,1.1521,0.7737,F,resource_fit:0.1833|tunnel_access_gain:0.0583|enemy_tunnel_threat:0.0781|own_tunnel_pressure:-0.0500|collapse_risk:-0.0000|territory_pressure:0.1086|opportunity_cost:-0.7737
4,utility_tunneler_vs_phase_player,23,player,utility_tunneler,1,tunnel_extend,"(0, 0)","(-1, 0)",,0.3784,1.1521,0.7737,F,resource_fit:0.1833|tunnel_access_gain:0.0583|enemy_tunnel_threat:0.0781|own_tunnel_pressure:-0.0500|collapse_risk:-0.0000|territory_pressure:0.1086|opportunity_cost:-0.7737
4,utility_tunneler_vs_phase_player,23,player,utility_tunneler,1,tunnel_extend,"(-2, 1)","(-1, 1)",,0.345,1.1521,0.807,F,resource_fit:0.1833|tunnel_access_gain:0.0000|enemy_tunnel_threat:0.0781|own_tunnel_pressure:-0.0250|collapse_risk:-0.0000|territory_pressure:0.1086|opportunity_cost:-0.8070
4,utility_tunneler_vs_phase_player,23,player,utility_tunneler,1,tunnel_extend,"(-1, 0)","(-1, 1)",,0.345,1.1521,0.807,F,resource_fit:0.1833|tunnel_access_gain:0.0000|enemy_tunnel_threat:0.0781|own_tunnel_pressure:-0.0250|collapse_risk:-0.0000|territory_pressure:0.1086|opportunity_cost:-0.8070
4,utility_tunneler_vs_phase_player,23,player,utility_tunneler,1,tunnel_extend,"(-1, 2)","(-1, 1)",,0.4034,1.1521,0.7487,F,resource_fit:0.1833|tunnel_access_gain:0.0583|enemy_tunnel_threat:0.0781|own_tunnel_pressure:-0.0250|collapse_risk:-0.0000|territory_pressure:0.1086|opportunity_cost:-0.7487
4,utility_tunneler_vs_phase_player,23,player,utility_tunneler,1,tunnel_extend,"(0, 0)","(-1, 1)",,0.4034,1.1521,0.7487,F,resource_fit:0.1833|tunnel_access_gain:0.0583|enemy_tunnel_threat:0.0781|own_tunnel_pressure:-0.0250|collapse_risk:-0.0000|territory_pressure:0.1086|opportunity_cost:-0.7487
4,utility_tunneler_vs_phase_player,23,player,utility_tunneler,1,tunnel_extend,"(0, 1)","(-1, 1)",,0.4034,1.1521,0.7487,F,resource_fit:0.1833|tunnel_access_gain:0.0583|enemy_tunnel_threat:0.0781|own_tunnel_pressure:-0.0250|collapse_risk:-0.0000|territory_pressure:0.1086|opportunity_cost:-0.7487
4,utility_tunneler_vs_phase_player,23,player,utility_tunneler,1,tunnel_raid,"(-1, 1)",,,0.4835,1.1521,0.6685,F,resource_fit:0.0875|enemy_tunnel_threat:0.0521|raid_value:0.2625|territory_pressure:0.0814|opportunity_cost:-0.6685
4,utility_tunneler_vs_phase_player,23,player,utility_tunneler,1,wait,,,,0.0,1.1521,1.1521,F,opportunity_cost:-1.1521
4,utility_tunneler_vs_phase_player,23,player,utility_tunneler,2,tunnel_entrance,"(-1, -1)",,,0.5676,0.5,0.0,T,resource_fit:0.2188|tunnel_access_gain:0.2000|enemy_tunnel_threat:0.0500|collapse_risk:-0.0000|territory_pressure:0.0988|opportunity_cost:-0.0000
4,utility_tunneler_vs_phase_player,23,player,utility_tunneler,2,tunnel_extend,"(-2, 0)","(-3, 1)",,0.3072,0.5,0.1929,F,resource_fit:0.1833|tunnel_access_gain:0.0000|enemy_tunnel_threat:0.0750|own_tunnel_pressure:-0.0500|collapse_risk:-0.0000|territory_pressure:0.0988|opportunity_cost:-0.1929
4,utility_tunneler_vs_phase_player,23,player,utility_tunneler,2,tunnel_extend,"(-2, 1)","(-3, 1)",,0.3072,0.5,0.1929,F,resource_fit:0.1833|tunnel_access_gain:0.0000|enemy_tunnel_threat:0.0750|own_tunnel_pressure:-0.0500|collapse_risk:-0.0000|territory_pressure:0.0988|opportunity_cost:-0.1929
4,utility_tunneler_vs_phase_player,23,player,utility_tunneler,2,tunnel_extend,"(-3, 3)","(-3, 2)",,0.2822,0.5,0.2179,F,resource_fit:0.1833|tunnel_access_gain:0.0000|enemy_tunnel_threat:0.0750|own_tunnel_pressure:-0.0750|collapse_risk:-0.0000|territory_pressure:0.0988|opportunity_cost:-0.2179
4,utility_tunneler_vs_phase_player,23,player,utility_tunneler,2,tunnel_extend,"(-2, 2)","(-3, 2)",,0.2822,0.5,0.2179,F,resource_fit:0.1833|tunnel_access_gain:0.0000|enemy_tunnel_threat:0.0750|own_tunnel_pressure:-0.0750|collapse_risk:-0.0000|territory_pressure:0.0988|opportunity_cost:-0.2179
4,utility_tunneler_vs_phase_player,23,player,utility_tunneler,2,tunnel_extend,"(-3, 2)","(-3, 3)",,0.3072,0.5,0.1929,F,resource_fit:0.1833|tunnel_access_gain:0.0000|enemy_tunnel_threat:0.0750|own_tunnel_pressure:-0.0500|collapse_risk:-0.0000|territory_pressure:0.0988|opportunity_cost:-0.1929
4,utility_tunneler_vs_phase_player,23,player,utility_tunneler,2,tunnel_extend,"(-2, 2)","(-3, 3)",,0.3072,0.5,0.1929,F,resource_fit:0.1833|tunnel_access_gain:0.0000|enemy_tunnel_threat:0.0750|own_tunnel_pressure:-0.0500|collapse_risk:-0.0000|territory_pressure:0.0988|opportunity_cost:-0.1929
4,utility_tunneler_vs_phase_player,23,player,utility_tunneler,2,tunnel_extend,"(-1, -1)","(-2, -1)",,0.2822,0.5,0.2179,F,resource_fit:0.1833|tunnel_access_gain:0.0000|enemy_tunnel_threat:0.0750|own_tunnel_pressure:-0.0750|collapse_risk:-0.0000|territory_pressure:0.0988|opportunity_cost:-0.2179
4,utility_tunneler_vs_phase_player,23,player,utility_tunneler,2,tunnel_extend,"(-3, 1)","(-2, 0)",,0.3072,0.5,0.1929,F,resource_fit:0.1833|tunnel_access_gain:0.0000|enemy_tunnel_threat:0.0750|own_tunnel_pressure:-0.0500|collapse_risk:-0.0000|territory_pressure:0.0988|opportunity_cost:-0.1929
4,utility_tunneler_vs_phase_player,23,player,utility_tunneler,2,tunnel_extend,"(-2, 1)","(-2, 0)",,0.3072,0.5,0.1929,F,resource_fit:0.1833|tunnel_access_gain:0.0000|enemy_tunnel_threat:0.0750|own_tunnel_pressure:-0.0500|collapse_risk:-0.0000|territory_pressure:0.0988|opportunity_cost:-0.1929
4,utility_tunneler_vs_phase_player,23,player,utility_tunneler,2,tunnel_extend,"(-1, -1)","(-2, 0)",,0.3072,0.5,0.1929,F,resource_fit:0.1833|tunnel_access_gain:0.0000|enemy_tunnel_threat:0.0750|own_tunnel_pressure:-0.0500|collapse_risk:-0.0000|territory_pressure:0.0988|opportunity_cost:-0.1929
4,utility_tunneler_vs_phase_player,23,player,utility_tunneler,2,tunnel_extend,"(-1, 0)","(-2, 0)",,0.3072,0.5,0.1929,F,resource_fit:0.1833|tunnel_access_gain:0.0000|enemy_tunnel_threat:0.0750|own_tunnel_pressure:-0.0500|collapse_risk:-0.0000|territory_pressure:0.0988|opportunity_cost:-0.1929
4,utility_tunneler_vs_phase_player,23,player,utility_tunneler,2,tunnel_extend,"(-3, 1)","(-2, 1)",,0.3072,0.5,0.1929,F,resource_fit:0.1833|tunnel_access_gain:0.0000|enemy_tunnel_threat:0.0750|own_tunnel_pressure:-0.0500|collapse_risk:-0.0000|territory_pressure:0.0988|opportunity_cost:-0.1929
4,utility_tunneler_vs_phase_player,23,player,utility_tunneler,2,tunnel_extend,"(-2, 0)","(-2, 1)",,0.3072,0.5,0.1929,F,resource_fit:0.1833|tunnel_access_gain:0.0000|enemy_tunnel_threat:0.0750|own_tunnel_pressure:-0.0500|collapse_risk:-0.0000|territory_pressure:0.0988|opportunity_cost:-0.1929
4,utility_tunneler_vs_phase_player,23,player,utility_tunneler,2,tunnel_extend,"(-2, 2)","(-2, 1)",,0.3072,0.5,0.1929,F,resource_fit:0.1833|tunnel_access_gain:0.0000|enemy_tunnel_threat:0.0750|own_tunnel_pressure:-0.0500|collapse_risk:-0.0000|territory_pressure:0.0988|opportunity_cost:-0.1929
4,utility_tunneler_vs_phase_player,23,player,utility_tunneler,2,tunnel_extend,"(-1, 0)","(-2, 1)",,0.3072,0.5,0.1929,F,resource_fit:0.1833|tunnel_access_gain:0.0000|enemy_tunnel_threat:0.0750|own_tunnel_pressure:-0.0500|collapse_risk:-0.0000|territory_pressure:0.0988|opportunity_cost:-0.1929
4,utility_tunneler_vs_phase_player,23,player,utility_tunneler,2,tunnel_extend,"(-1, 1)","(-2, 1)",,0.3072,0.5,0.1929,F,resource_fit:0.1833|tunnel_access_gain:0.0000|enemy_tunnel_threat:0.0750|own_tunnel_pressure:-0.0500|collapse_risk:-0.0000|territory_pressure:0.0988|opportunity_cost:-0.1929
4,utility_tunneler_vs_phase_player,23,player,utility_tunneler,2,tunnel_extend,"(-3, 2)","(-2, 2)",,0.3072,0.5,0.1929,F,resource_fit:0.1833|tunnel_access_gain:0.0000|enemy_tunnel_threat:0.0750|own_tunnel_pressure:-0.0500|collapse_risk:-0.0000|territory_pressure:0.0988|opportunity_cost:-0.1929
4,utility_tunneler_vs_phase_player,23,player,utility_tunneler,2,tunnel_extend,"(-3, 3)","(-2, 2)",,0.3072,0.5,0.1929,F,resource_fit:0.1833|tunnel_access_gain:0.0000|enemy_tunnel_threat:0.0750|own_tunnel_pressure:-0.0500|collapse_risk:-0.0000|territory_pressure:0.0988|opportunity_cost:-0.1929
4,utility_tunneler_vs_phase_player,23,player,utility_tunneler,2,tunnel_extend,"(-2, 1)","(-2, 2)",,0.3072,0.5,0.1929,F,resource_fit:0.1833|tunnel_access_gain:0.0000|enemy_tunnel_threat:0.0750|own_tunnel_pressure:-0.0500|collapse_risk:-0.0000|territory_pressure:0.0988|opportunity_cost:-0.1929
4,utility_tunneler_vs_phase_player,23,player,utility_tunneler,2,tunnel_extend,"(-2, 3)","(-2, 2)",,0.3072,0.5,0.1929,F,resource_fit:0.1833|tunnel_access_gain:0.0000|enemy_tunnel_threat:0.0750|own_tunnel_pressure:-0.0500|collapse_risk:-0.0000|territory_pressure:0.0988|opportunity_cost:-0.1929
4,utility_tunneler_vs_phase_player,23,player,utility_tunneler,2,tunnel_extend,"(-1, 2)","(-2, 2)",,0.3655,0.5,0.1345,F,resource_fit:0.1833|tunnel_access_gain:0.0583|enemy_tunnel_threat:0.0750|own_tunnel_pressure:-0.0500|collapse_risk:-0.0000|territory_pressure:0.0988|opportunity_cost:-0.1345
4,utility_tunneler_vs_phase_player,23,player,utility_tunneler,2,tunnel_extend,"(-2, 2)","(-2, 3)",,0.3072,0.5,0.1929,F,resource_fit:0.1833|tunnel_access_gain:0.0000|enemy_tunnel_threat:0.0750|own_tunnel_pressure:-0.0500|collapse_risk:-0.0000|territory_pressure:0.0988|opportunity_cost:-0.1929
4,utility_tunneler_vs_phase_player,23,player,utility_tunneler,2,tunnel_extend,"(-1, 2)","(-2, 3)",,0.3655,0.5,0.1345,F,resource_fit:0.1833|tunnel_access_gain:0.0583|enemy_tunnel_threat:0.0750|own_tunnel_pressure:-0.0500|collapse_risk:-0.0000|territory_pressure:0.0988|opportunity_cost:-0.1345
4,utility_tunneler_vs_phase_player,23,player,utility_tunneler,2,tunnel_extend,"(-1, 3)","(-2, 3)",,0.3655,0.5,0.1345,F,resource_fit:0.1833|tunnel_access_gain:0.0583|enemy_tunnel_threat:0.0750|own_tunnel_pressure:-0.0500|collapse_risk:-0.0000|territory_pressure:0.0988|opportunity_cost:-0.1345
4,utility_tunneler_vs_phase_player,23,player,utility_tunneler,2,tunnel_extend,"(0, -3)","(-1, -2)",,0.3405,0.5,0.1595,F,resource_fit:0.1833|tunnel_access_gain:0.0583|enemy_tunnel_threat:0.0750|own_tunnel_pressure:-0.0750|collapse_risk:-0.0000|territory_pressure:0.0988|opportunity_cost:-0.1595
4,utility_tunneler_vs_phase_player,23,player,utility_tunneler,2,tunnel_extend,"(0, -2)","(-1, -2)",,0.3405,0.5,0.1595,F,resource_fit:0.1833|tunnel_access_gain:0.0583|enemy_tunnel_threat:0.0750|own_tunnel_pressure:-0.0750|collapse_risk:-0.0000|territory_pressure:0.0988|opportunity_cost:-0.1595
4,utility_tunneler_vs_phase_player,23,player,utility_tunneler,2,tunnel_extend,"(-2, -1)","(-1, -1)",,0.3072,0.5,0.1929,F,resource_fit:0.1833|tunnel_access_gain:0.0000|enemy_tunnel_threat:0.0750|own_tunnel_pressure:-0.0500|collapse_risk:-0.0000|territory_pressure:0.0988|opportunity_cost:-0.1929
4,utility_tunneler_vs_phase_player,23,player,utility_tunneler,2,tunnel_extend,"(-2, 0)","(-1, -1)",,0.3072,0.5,0.1929,F,resource_fit:0.1833|tunnel_access_gain:0.0000|enemy_tunnel_threat:0.0750|own_tunnel_pressure:-0.0500|collapse_risk:-0.0000|territory_pressure:0.0988|opportunity_cost:-0.1929
4,utility_tunneler_vs_phase_player,23,player,utility_tunneler,2,tunnel_extend,"(0, -2)","(-1, -1)",,0.3655,0.5,0.1345,F,resource_fit:0.1833|tunnel_access_gain:0.0583|enemy_tunnel_threat:0.0750|own_tunnel_pressure:-0.0500|collapse_risk:-0.0000|territory_pressure:0.0988|opportunity_cost:-0.1345
4,utility_tunneler_vs_phase_player,23,player,utility_tunneler,2,tunnel_extend,"(0, -1)","(-1, -1)",,0.3655,0.5,0.1345,F,resource_fit:0.1833|tunnel_access_gain:0.0583|enemy_tunnel_threat:0.0750|own_tunnel_pressure:-0.0500|collapse_risk:-0.0000|territory_pressure:0.0988|opportunity_cost:-0.1345
4,utility_tunneler_vs_phase_player,23,player,utility_tunneler,2,tunnel_extend,"(-2, 0)","(-1, 0)",,0.3072,0.5,0.1929,F,resource_fit:0.1833|tunnel_access_gain:0.0000|enemy_tunnel_threat:0.0750|own_tunnel_pressure:-0.0500|collapse_risk:-0.0000|territory_pressure:0.0988|opportunity_cost:-0.1929
4,utility_tunneler_vs_phase_player,23,player,utility_tunneler,2,tunnel_extend,"(-2, 1)","(-1, 0)",,0.3072,0.5,0.1929,F,resource_fit:0.1833|tunnel_access_gain:0.0000|enemy_tunnel_threat:0.0750|own_tunnel_pressure:-0.0500|collapse_risk:-0.0000|territory_pressure:0.0988|opportunity_cost:-0.1929
4,utility_tunneler_vs_phase_player,23,player,utility_tunneler,2,tunnel_extend,"(-1, 1)","(-1, 0)",,0.3072,0.5,0.1929,F,resource_fit:0.1833|tunnel_access_gain:0.0000|enemy_tunnel_threat:0.0750|own_tunnel_pressure:-0.0500|collapse_risk:-0.0000|territory_pressure:0.0988|opportunity_cost:-0.1929
4,utility_tunneler_vs_phase_player,23,player,utility_tunneler,2,tunnel_extend,"(0, -1)","(-1, 0)",,0.3655,0.5,0.1345,F,resource_fit:0.1833|tunnel_access_gain:0.0583|enemy_tunnel_threat:0.0750|own_tunnel_pressure:-0.0500|collapse_risk:-0.0000|territory_pressure:0.0988|opportunity_cost:-0.1345
4,utility_tunneler_vs_phase_player,23,player,utility_tunneler,2,tunnel_extend,"(0, 0)","(-1, 0)",,0.3655,0.5,0.1345,F,resource_fit:0.1833|tunnel_access_gain:0.0583|enemy_tunnel_threat:0.0750|own_tunnel_pressure:-0.0500|collapse_risk:-0.0000|territory_pressure:0.0988|opportunity_cost:-0.1345
4,utility_tunneler_vs_phase_player,23,player,utility_tunneler,2,tunnel_extend,"(-2, 1)","(-1, 1)",,0.3322,0.5,0.1679,F,resource_fit:0.1833|tunnel_access_gain:0.0000|enemy_tunnel_threat:0.0750|own_tunnel_pressure:-0.0250|collapse_risk:-0.0000|territory_pressure:0.0988|opportunity_cost:-0.1679
4,utility_tunneler_vs_phase_player,23,player,utility_tunneler,2,tunnel_extend,"(-1, 0)","(-1, 1)",,0.3322,0.5,0.1679,F,resource_fit:0.1833|tunnel_access_gain:0.0000|enemy_tunnel_threat:0.0750|own_tunnel_pressure:-0.0250|collapse_risk:-0.0000|territory_pressure:0.0988|opportunity_cost:-0.1679
4,utility_tunneler_vs_phase_player,23,player,utility_tunneler,2,tunnel_extend,"(-1, 2)","(-1, 1)",,0.3905,0.5,0.1095,F,resource_fit:0.1833|tunnel_access_gain:0.0583|enemy_tunnel_threat:0.0750|own_tunnel_pressure:-0.0250|collapse_risk:-0.0000|territory_pressure:0.0988|opportunity_cost:-0.1095
4,utility_tunneler_vs_phase_player,23,player,utility_tunneler,2,tunnel_extend,"(0, 0)","(-1, 1)",,0.3905,0.5,0.1095,F,resource_fit:0.1833|tunnel_access_gain:0.0583|enemy_tunnel_threat:0.0750|own_tunnel_pressure:-0.0250|collapse_risk:-0.0000|territory_pressure:0.0988|opportunity_cost:-0.1095
4,utility_tunneler_vs_phase_player,23,player,utility_tunneler,2,tunnel_extend,"(0, 1)","(-1, 1)",,0.3905,0.5,0.1095,F,resource_fit:0.1833|tunnel_access_gain:0.0583|enemy_tunnel_threat:0.0750|own_tunnel_pressure:-0.0250|collapse_risk:-0.0000|territory_pressure:0.0988|opportunity_cost:-0.1095
4,utility_tunneler_vs_phase_player,23,player,utility_tunneler,2,wait,,,,0.0,0.5,0.5,F,opportunity_cost:-0.5000
4,utility_tunneler_vs_phase_player,23,player,utility_tunneler,3,tunnel_extend,"(-2, 0)","(-3, 1)",,0.285,0.5,0.215,F,resource_fit:0.1583|tunnel_access_gain:0.0000|enemy_tunnel_threat:0.0779|own_tunnel_pressure:-0.0500|collapse_risk:-0.0000|territory_pressure:0.0988|opportunity_cost:-0.2150
4,utility_tunneler_vs_phase_player,23,player,utility_tunneler,3,tunnel_extend,"(-2, 1)","(-3, 1)",,0.285,0.5,0.215,F,resource_fit:0.1583|tunnel_access_gain:0.0000|enemy_tunnel_threat:0.0779|own_tunnel_pressure:-0.0500|collapse_risk:-0.0000|territory_pressure:0.0988|opportunity_cost:-0.2150
4,utility_tunneler_vs_phase_player,23,player,utility_tunneler,3,tunnel_extend,"(-3, 3)","(-3, 2)",,0.26,0.5,0.24,F,resource_fit:0.1583|tunnel_access_gain:0.0000|enemy_tunnel_threat:0.0779|own_tunnel_pressure:-0.0750|collapse_risk:-0.0000|territory_pressure:0.0988|opportunity_cost:-0.2400
4,utility_tunneler_vs_phase_player,23,player,utility_tunneler,3,tunnel_extend,"(-2, 2)","(-3, 2)",,0.26,0.5,0.24,F,resource_fit:0.1583|tunnel_access_gain:0.0000|enemy_tunnel_threat:0.0779|own_tunnel_pressure:-0.0750|collapse_risk:-0.0000|territory_pressure:0.0988|opportunity_cost:-0.2400
4,utility_tunneler_vs_phase_player,23,player,utility_tunneler,3,tunnel_extend,"(-3, 2)","(-3, 3)",,0.285,0.5,0.215,F,resource_fit:0.1583|tunnel_access_gain:0.0000|enemy_tunnel_threat:0.0779|own_tunnel_pressure:-0.0500|collapse_risk:-0.0000|territory_pressure:0.0988|opportunity_cost:-0.2150
4,utility_tunneler_vs_phase_player,23,player,utility_tunneler,3,tunnel_extend,"(-2, 2)","(-3, 3)",,0.285,0.5,0.215,F,resource_fit:0.1583|tunnel_access_gain:0.0000|enemy_tunnel_threat:0.0779|own_tunnel_pressure:-0.0500|collapse_risk:-0.0000|territory_pressure:0.0988|opportunity_cost:-0.2150
4,utility_tunneler_vs_phase_player,23,player,utility_tunneler,3,tunnel_extend,"(-1, -1)","(-2, -1)",,0.26,0.5,0.24,F,resource_fit:0.1583|tunnel_access_gain:0.0000|enemy_tunnel_threat:0.0779|own_tunnel_pressure:-0.0750|collapse_risk:-0.0000|territory_pressure:0.0988|opportunity_cost:-0.2400
4,utility_tunneler_vs_phase_player,23,player,utility_tunneler,3,tunnel_extend,"(-3, 1)","(-2, 0)",,0.285,0.5,0.215,F,resource_fit:0.1583|tunnel_access_gain:0.0000|enemy_tunnel_threat:0.0779|own_tunnel_pressure:-0.0500|collapse_risk:-0.0000|territory_pressure:0.0988|opportunity_cost:-0.2150
4,utility_tunneler_vs_phase_player,23,player,utility_tunneler,3,tunnel_extend,"(-2, 1)","(-2, 0)",,0.285,0.5,0.215,F,resource_fit:0.1583|tunnel_access_gain:0.0000|enemy_tunnel_threat:0.0779|own_tunnel_pressure:-0.0500|collapse_risk:-0.0000|territory_pressure:0.0988|opportunity_cost:-0.2150
4,utility_tunneler_vs_phase_player,23,player,utility_tunneler,3,tunnel_extend,"(-1, -1)","(-2, 0)",,0.285,0.5,0.215,F,resource_fit:0.1583|tunnel_access_gain:0.0000|enemy_tunnel_threat:0.0779|own_tunnel_pressure:-0.0500|collapse_risk:-0.0000|territory_pressure:0.0988|opportunity_cost:-0.2150
4,utility_tunneler_vs_phase_player,23,player,utility_tunneler,3,tunnel_extend,"(-1, 0)","(-2, 0)",,0.285,0.5,0.215,F,resource_fit:0.1583|tunnel_access_gain:0.0000|enemy_tunnel_threat:0.0779|own_tunnel_pressure:-0.0500|collapse_risk:-0.0000|territory_pressure:0.0988|opportunity_cost:-0.2150
4,utility_tunneler_vs_phase_player,23,player,utility_tunneler,3,tunnel_extend,"(-3, 1)","(-2, 1)",,0.285,0.5,0.215,F,resource_fit:0.1583|tunnel_access_gain:0.0000|enemy_tunnel_threat:0.0779|own_tunnel_pressure:-0.0500|collapse_risk:-0.0000|territory_pressure:0.0988|opportunity_cost:-0.2150
4,utility_tunneler_vs_phase_player,23,player,utility_tunneler,3,tunnel_extend,"(-2, 0)","(-2, 1)",,0.285,0.5,0.215,F,resource_fit:0.1583|tunnel_access_gain:0.0000|enemy_tunnel_threat:0.0779|own_tunnel_pressure:-0.0500|collapse_risk:-0.0000|territory_pressure:0.0988|opportunity_cost:-0.2150
4,utility_tunneler_vs_phase_player,23,player,utility_tunneler,3,tunnel_extend,"(-2, 2)","(-2, 1)",,0.285,0.5,0.215,F,resource_fit:0.1583|tunnel_access_gain:0.0000|enemy_tunnel_threat:0.0779|own_tunnel_pressure:-0.0500|collapse_risk:-0.0000|territory_pressure:0.0988|opportunity_cost:-0.2150
4,utility_tunneler_vs_phase_player,23,player,utility_tunneler,3,tunnel_extend,"(-1, 0)","(-2, 1)",,0.285,0.5,0.215,F,resource_fit:0.1583|tunnel_access_gain:0.0000|enemy_tunnel_threat:0.0779|own_tunnel_pressure:-0.0500|collapse_risk:-0.0000|territory_pressure:0.0988|opportunity_cost:-0.2150
4,utility_tunneler_vs_phase_player,23,player,utility_tunneler,3,tunnel_extend,"(-1, 1)","(-2, 1)",,0.285,0.5,0.215,F,resource_fit:0.1583|tunnel_access_gain:0.0000|enemy_tunnel_threat:0.0779|own_tunnel_pressure:-0.0500|collapse_risk:-0.0000|territory_pressure:0.0988|opportunity_cost:-0.2150
4,utility_tunneler_vs_phase_player,23,player,utility_tunneler,3,tunnel_extend,"(-3, 2)","(-2, 2)",,0.285,0.5,0.215,F,resource_fit:0.1583|tunnel_access_gain:0.0000|enemy_tunnel_threat:0.0779|own_tunnel_pressure:-0.0500|collapse_risk:-0.0000|territory_pressure:0.0988|opportunity_cost:-0.2150
4,utility_tunneler_vs_phase_player,23,player,utility_tunneler,3,tunnel_extend,"(-3, 3)","(-2, 2)",,0.285,0.5,0.215,F,resource_fit:0.1583|tunnel_access_gain:0.0000|enemy_tunnel_threat:0.0779|own_tunnel_pressure:-0.0500|collapse_risk:-0.0000|territory_pressure:0.0988|opportunity_cost:-0.2150
4,utility_tunneler_vs_phase_player,23,player,utility_tunneler,3,tunnel_extend,"(-2, 1)","(-2, 2)",,0.285,0.5,0.215,F,resource_fit:0.1583|tunnel_access_gain:0.0000|enemy_tunnel_threat:0.0779|own_tunnel_pressure:-0.0500|collapse_risk:-0.0000|territory_pressure:0.0988|opportunity_cost:-0.2150
4,utility_tunneler_vs_phase_player,23,player,utility_tunneler,3,tunnel_extend,"(-2, 3)","(-2, 2)",,0.285,0.5,0.215,F,resource_fit:0.1583|tunnel_access_gain:0.0000|enemy_tunnel_threat:0.0779|own_tunnel_pressure:-0.0500|collapse_risk:-0.0000|territory_pressure:0.0988|opportunity_cost:-0.2150
4,utility_tunneler_vs_phase_player,23,player,utility_tunneler,3,tunnel_extend,"(-1, 2)","(-2, 2)",,0.3434,0.5,0.1566,F,resource_fit:0.1583|tunnel_access_gain:0.0583|enemy_tunnel_threat:0.0779|own_tunnel_pressure:-0.0500|collapse_risk:-0.0000|territory_pressure:0.0988|opportunity_cost:-0.1566
4,utility_tunneler_vs_phase_player,23,player,utility_tunneler,3,tunnel_extend,"(-2, 2)","(-2, 3)",,0.285,0.5,0.215,F,resource_fit:0.1583|tunnel_access_gain:0.0000|enemy_tunnel_threat:0.0779|own_tunnel_pressure:-0.0500|collapse_risk:-0.0000|territory_pressure:0.0988|opportunity_cost:-0.2150
4,utility_tunneler_vs_phase_player,23,player,utility_tunneler,3,tunnel_extend,"(-1, 2)","(-2, 3)",,0.3434,0.5,0.1566,F,resource_fit:0.1583|tunnel_access_gain:0.0583|enemy_tunnel_threat:0.0779|own_tunnel_pressure:-0.0500|collapse_risk:-0.0000|territory_pressure:0.0988|opportunity_cost:-0.1566
4,utility_tunneler_vs_phase_player,23,player,utility_tunneler,3,tunnel_extend,"(-1, 3)","(-2, 3)",,0.3434,0.5,0.1566,F,resource_fit:0.1583|tunnel_access_gain:0.0583|enemy_tunnel_threat:0.0779|own_tunnel_pressure:-0.0500|collapse_risk:-0.0000|territory_pressure:0.0988|opportunity_cost:-0.1566
4,utility_tunneler_vs_phase_player,23,player,utility_tunneler,3,tunnel_extend,"(0, -3)","(-1, -2)",,0.3184,0.5,0.1816,F,resource_fit:0.1583|tunnel_access_gain:0.0583|enemy_tunnel_threat:0.0779|own_tunnel_pressure:-0.0750|collapse_risk:-0.0000|territory_pressure:0.0988|opportunity_cost:-0.1816
4,utility_tunneler_vs_phase_player,23,player,utility_tunneler,3,tunnel_extend,"(0, -2)","(-1, -2)",,0.3184,0.5,0.1816,F,resource_fit:0.1583|tunnel_access_gain:0.0583|enemy_tunnel_threat:0.0779|own_tunnel_pressure:-0.0750|collapse_risk:-0.0000|territory_pressure:0.0988|opportunity_cost:-0.1816
4,utility_tunneler_vs_phase_player,23,player,utility_tunneler,3,tunnel_extend,"(-2, -1)","(-1, -1)",,0.26,0.5,0.24,F,resource_fit:0.1583|tunnel_access_gain:0.0000|enemy_tunnel_threat:0.0779|own_tunnel_pressure:-0.0750|collapse_risk:-0.0000|territory_pressure:0.0988|opportunity_cost:-0.2400
4,utility_tunneler_vs_phase_player,23,player,utility_tunneler,3,tunnel_extend,"(-2, 0)","(-1, -1)",,0.26,0.5,0.24,F,resource_fit:0.1583|tunnel_access_gain:0.0000|enemy_tunnel_threat:0.0779|own_tunnel_pressure:-0.0750|collapse_risk:-0.0000|territory_pressure:0.0988|opportunity_cost:-0.2400
4,utility_tunneler_vs_phase_player,23,player,utility_tunneler,3,tunnel_extend,"(0, -2)","(-1, -1)",,0.3184,0.5,0.1816,F,resource_fit:0.1583|tunnel_access_gain:0.0583|enemy_tunnel_threat:0.0779|own_tunnel_pressure:-0.0750|collapse_risk:-0.0000|territory_pressure:0.0988|opportunity_cost:-0.1816
4,utility_tunneler_vs_phase_player,23,player,utility_tunneler,3,tunnel_extend,"(0, -1)","(-1, -1)",,0.3184,0.5,0.1816,F,resource_fit:0.1583|tunnel_access_gain:0.0583|enemy_tunnel_threat:0.0779|own_tunnel_pressure:-0.0750|collapse_risk:-0.0000|territory_pressure:0.0988|opportunity_cost:-0.1816
4,utility_tunneler_vs_phase_player,23,player,utility_tunneler,3,tunnel_extend,"(-2, 0)","(-1, 0)",,0.285,0.5,0.215,F,resource_fit:0.1583|tunnel_access_gain:0.0000|enemy_tunnel_threat:0.0779|own_tunnel_pressure:-0.0500|collapse_risk:-0.0000|territory_pressure:0.0988|opportunity_cost:-0.2150
4,utility_tunneler_vs_phase_player,23,player,utility_tunneler,3,tunnel_extend,"(-2, 1)","(-1, 0)",,0.285,0.5,0.215,F,resource_fit:0.1583|tunnel_access_gain:0.0000|enemy_tunnel_threat:0.0779|own_tunnel_pressure:-0.0500|collapse_risk:-0.0000|territory_pressure:0.0988|opportunity_cost:-0.2150
4,utility_tunneler_vs_phase_player,23,player,utility_tunneler,3,tunnel_extend,"(-1, 1)","(-1, 0)",,0.285,0.5,0.215,F,resource_fit:0.1583|tunnel_access_gain:0.0000|enemy_tunnel_threat:0.0779|own_tunnel_pressure:-0.0500|collapse_risk:-0.0000|territory_pressure:0.0988|opportunity_cost:-0.2150
4,utility_tunneler_vs_phase_player,23,player,utility_tunneler,3,tunnel_extend,"(0, -1)","(-1, 0)",,0.3434,0.5,0.1566,F,resource_fit:0.1583|tunnel_access_gain:0.0583|enemy_tunnel_threat:0.0779|own_tunnel_pressure:-0.0500|collapse_risk:-0.0000|territory_pressure:0.0988|opportunity_cost:-0.1566
4,utility_tunneler_vs_phase_player,23,player,utility_tunneler,3,tunnel_extend,"(0, 0)","(-1, 0)",,0.3434,0.5,0.1566,F,resource_fit:0.1583|tunnel_access_gain:0.0583|enemy_tunnel_threat:0.0779|own_tunnel_pressure:-0.0500|collapse_risk:-0.0000|territory_pressure:0.0988|opportunity_cost:-0.1566
4,utility_tunneler_vs_phase_player,23,player,utility_tunneler,3,tunnel_extend,"(-2, 1)","(-1, 1)",,0.31,0.5,0.19,F,resource_fit:0.1583|tunnel_access_gain:0.0000|enemy_tunnel_threat:0.0779|own_tunnel_pressure:-0.0250|collapse_risk:-0.0000|territory_pressure:0.0988|opportunity_cost:-0.1900
4,utility_tunneler_vs_phase_player,23,player,utility_tunneler,3,tunnel_extend,"(-1, 0)","(-1, 1)",,0.31,0.5,0.19,F,resource_fit:0.1583|tunnel_access_gain:0.0000|enemy_tunnel_threat:0.0779|own_tunnel_pressure:-0.0250|collapse_risk:-0.0000|territory_pressure:0.0988|opportunity_cost:-0.1900
4,utility_tunneler_vs_phase_player,23,player,utility_tunneler,3,tunnel_extend,"(-1, 2)","(-1, 1)",,0.3684,0.5,0.1316,F,resource_fit:0.1583|tunnel_access_gain:0.0583|enemy_tunnel_threat:0.0779|own_tunnel_pressure:-0.0250|collapse_risk:-0.0000|territory_pressure:0.0988|opportunity_cost:-0.1316
4,utility_tunneler_vs_phase_player,23,player,utility_tunneler,3,tunnel_extend,"(0, 0)","(-1, 1)",,0.3684,0.5,0.1316,F,resource_fit:0.1583|tunnel_access_gain:0.0583|enemy_tunnel_threat:0.0779|own_tunnel_pressure:-0.0250|collapse_risk:-0.0000|territory_pressure:0.0988|opportunity_cost:-0.1316
4,utility_tunneler_vs_phase_player,23,player,utility_tunneler,3,tunnel_extend,"(0, 1)","(-1, 1)",,0.3684,0.5,0.1316,F,resource_fit:0.1583|tunnel_access_gain:0.0583|enemy_tunnel_threat:0.0779|own_tunnel_pressure:-0.0250|collapse_risk:-0.0000|territory_pressure:0.0988|opportunity_cost:-0.1316
4,utility_tunneler_vs_phase_player,23,player,utility_tunneler,3,wait,,,,0.0,0.5,0.5,F,opportunity_cost:-0.5000
4,utility_tunneler_vs_utility_balancer,1,player,utility_tunneler,1,wait,,,,0.0,1.252,1.252,F,opportunity_cost:-1.2520
4,utility_tunneler_vs_utility_balancer,1,player,utility_tunneler,2,wait,,,,0.0,0.0265,0.0265,T,opportunity_cost:-0.0265
4,utility_tunneler_vs_utility_balancer,1,player,utility_tunneler,3,wait,,,,0.0,0.0265,0.0265,T,opportunity_cost:-0.0265
4,utility_tunneler_vs_utility_balancer,2,player,utility_tunneler,1,wait,,,,0.0,1.974,1.974,F,opportunity_cost:-1.9740
4,utility_tunneler_vs_utility_balancer,2,player,utility_tunneler,2,wait,,,,0.0,0.0265,0.0265,T,opportunity_cost:-0.0265
4,utility_tunneler_vs_utility_balancer,2,player,utility_tunneler,3,wait,,,,0.0,0.0265,0.0265,T,opportunity_cost:-0.0265
4,utility_tunneler_vs_utility_balancer,3,player,utility_tunneler,1,tunnel_entrance,"(-3, 1)",,,0.1882,0.308,0.1198,F,resource_fit:0.0208|tunnel_access_gain:0.1500|enemy_tunnel_threat:0.0000|collapse_risk:-0.0000|territory_pressure:0.0174|opportunity_cost:-0.1198
4,utility_tunneler_vs_utility_balancer,3,player,utility_tunneler,1,tunnel_entrance,"(-2, 0)",,,0.1882,0.308,0.1198,F,resource_fit:0.0208|tunnel_access_gain:0.1500|enemy_tunnel_threat:0.0000|collapse_risk:-0.0000|territory_pressure:0.0174|opportunity_cost:-0.1198
4,utility_tunneler_vs_utility_balancer,3,player,utility_tunneler,1,tunnel_entrance,"(-2, 1)",,,0.1382,0.308,0.1698,F,resource_fit:0.0208|tunnel_access_gain:0.1000|enemy_tunnel_threat:0.0000|collapse_risk:-0.0000|territory_pressure:0.0174|opportunity_cost:-0.1698
4,utility_tunneler_vs_utility_balancer,3,player,utility_tunneler,1,wait,,,,0.0,0.308,0.308,F,opportunity_cost:-0.3080
4,utility_tunneler_vs_utility_balancer,3,player,utility_tunneler,2,wait,,,,0.0,0.0265,0.0265,T,opportunity_cost:-0.0265
4,utility_tunneler_vs_utility_balancer,3,player,utility_tunneler,3,wait,,,,0.0,0.0265,0.0265,T,opportunity_cost:-0.0265
4,utility_tunneler_vs_utility_balancer,4,player,utility_tunneler,1,tunnel_entrance,"(-3, 1)",,,0.2161,1.9461,1.73,F,resource_fit:0.0417|tunnel_access_gain:0.1500|enemy_tunnel_threat:0.0000|collapse_risk:-0.0000|territory_pressure:0.0244|opportunity_cost:-1.7300
4,utility_tunneler_vs_utility_balancer,4,player,utility_tunneler,1,tunnel_entrance,"(-2, 0)",,,0.2161,1.9461,1.73,F,resource_fit:0.0417|tunnel_access_gain:0.1500|enemy_tunnel_threat:0.0000|collapse_risk:-0.0000|territory_pressure:0.0244|opportunity_cost:-1.7300
4,utility_tunneler_vs_utility_balancer,4,player,utility_tunneler,1,tunnel_entrance,"(-2, 1)",,,0.1661,1.9461,1.78,F,resource_fit:0.0417|tunnel_access_gain:0.1000|enemy_tunnel_threat:0.0000|collapse_risk:-0.0000|territory_pressure:0.0244|opportunity_cost:-1.7800
4,utility_tunneler_vs_utility_balancer,4,player,utility_tunneler,1,wait,,,,0.0,1.9461,1.9461,F,opportunity_cost:-1.9461
4,utility_tunneler_vs_utility_balancer,4,player,utility_tunneler,2,wait,,,,0.0,0.308,0.308,F,opportunity_cost:-0.3080
4,utility_tunneler_vs_utility_balancer,4,player,utility_tunneler,3,wait,,,,0.0,0.0265,0.0265,T,opportunity_cost:-0.0265
4,utility_tunneler_vs_utility_balancer,5,player,utility_tunneler,1,tunnel_entrance,"(-3, 1)",,,0.2342,1.1553,0.9211,F,resource_fit:0.0625|tunnel_access_gain:0.1500|enemy_tunnel_threat:0.0000|collapse_risk:-0.0000|territory_pressure:0.0217|opportunity_cost:-0.9211
4,utility_tunneler_vs_utility_balancer,5,player,utility_tunneler,1,tunnel_entrance,"(-2, 0)",,,0.2842,1.1553,0.8711,F,resource_fit:0.0625|tunnel_access_gain:0.2000|enemy_tunnel_threat:0.0000|collapse_risk:-0.0000|territory_pressure:0.0217|opportunity_cost:-0.8711
4,utility_tunneler_vs_utility_balancer,5,player,utility_tunneler,1,tunnel_entrance,"(-2, 1)",,,0.2342,1.1553,0.9211,F,resource_fit:0.0625|tunnel_access_gain:0.1500|enemy_tunnel_threat:0.0000|collapse_risk:-0.0000|territory_pressure:0.0217|opportunity_cost:-0.9211
4,utility_tunneler_vs_utility_balancer,5,player,utility_tunneler,1,tunnel_entrance,"(-1, 0)",,,0.1842,1.1553,0.9711,F,resource_fit:0.0625|tunnel_access_gain:0.1000|enemy_tunnel_threat:0.0000|collapse_risk:-0.0000|territory_pressure:0.0217|opportunity_cost:-0.9711
4,utility_tunneler_vs_utility_balancer,5,player,utility_tunneler,1,wait,,,,0.0,1.1553,1.1553,F,opportunity_cost:-1.1553
4,utility_tunneler_vs_utility_balancer,5,player,utility_tunneler,2,tunnel_entrance,"(-3, 1)",,,0.1926,0.0265,0.0,F,resource_fit:0.0208|tunnel_access_gain:0.1500|enemy_tunnel_threat:0.0000|collapse_risk:-0.0000|territory_pressure:0.0217|opportunity_cost:-0.0000
4,utility_tunneler_vs_utility_balancer,5,player,utility_tunneler,2,tunnel_entrance,"(-2, 0)",,,0.2426,0.0265,0.0,T,resource_fit:0.0208|tunnel_access_gain:0.2000|enemy_tunnel_threat:0.0000|collapse_risk:-0.0000|territory_pressure:0.0217|opportunity_cost:-0.0000
4,utility_tunneler_vs_utility_balancer,5,player,utility_tunneler,2,tunnel_entrance,"(-2, 1)",,,0.1926,0.0265,0.0,F,resource_fit:0.0208|tunnel_access_gain:0.1500|enemy_tunnel_threat:0.0000|collapse_risk:-0.0000|territory_pressure:0.0217|opportunity_cost:-0.0000
4,utility_tunneler_vs_utility_balancer,5,player,utility_tunneler,2,tunnel_entrance,"(-1, 0)",,,0.1926,0.0265,0.0,F,resource_fit:0.0208|tunnel_access_gain:0.1500|enemy_tunnel_threat:0.0000|collapse_risk:-0.0000|territory_pressure:0.0217|opportunity_cost:-0.0000
4,utility_tunneler_vs_utility_balancer,5,player,utility_tunneler,2,wait,,,,0.0,0.0265,0.0265,F,opportunity_cost:-0.0265
4,utility_tunneler_vs_utility_balancer,5,player,utility_tunneler,3,wait,,,,0.0,0.0265,0.0265,T,opportunity_cost:-0.0265
4,utility_tunneler_vs_utility_balancer,6,player,utility_tunneler,1,tunnel_entrance,"(-3, 1)",,,0.3021,1.6888,1.3867,F,resource_fit:0.1042|tunnel_access_gain:0.1500|enemy_tunnel_threat:0.0050|collapse_risk:-0.0000|territory_pressure:0.0429|opportunity_cost:-1.3867
4,utility_tunneler_vs_utility_balancer,6,player,utility_tunneler,1,tunnel_entrance,"(-2, 1)",,,0.3021,1.6888,1.3867,F,resource_fit:0.1042|tunnel_access_gain:0.1500|enemy_tunnel_threat:0.0050|collapse_risk:-0.0000|territory_pressure:0.0429|opportunity_cost:-1.3867
4,utility_tunneler_vs_utility_balancer,6,player,utility_tunneler,1,tunnel_entrance,"(-1, 0)",,,0.2521,1.6888,1.4367,F,resource_fit:0.1042|tunnel_access_gain:0.1000|enemy_tunnel_threat:0.0050|collapse_risk:-0.0000|territory_pressure:0.0429|opportunity_cost:-1.4367
4,utility_tunneler_vs_utility_balancer,6,player,utility_tunneler,1,tunnel_extend,"(-3, 1)","(-2, 0)",,0.1837,1.6888,1.5051,F,resource_fit:0.1000|tunnel_access_gain:0.0583|enemy_tunnel_threat:0.0075|own_tunnel_pressure:-0.0250|collapse_risk:-0.0000|territory_pressure:0.0429|opportunity_cost:-1.5051
4,utility_tunneler_vs_utility_balancer,6,player,utility_tunneler,1,tunnel_extend,"(-2, 1)","(-2, 0)",,0.1837,1.6888,1.5051,F,resource_fit:0.1000|tunnel_access_gain:0.0583|enemy_tunnel_threat:0.0075|own_tunnel_pressure:-0.0250|collapse_risk:-0.0000|territory_pressure:0.0429|opportunity_cost:-1.5051
4,utility_tunneler_vs_utility_balancer,6,player,utility_tunneler,1,tunnel_extend,"(-1, 0)","(-2, 0)",,0.1837,1.6888,1.5051,F,resource_fit:0.1000|tunnel_access_gain:0.0583|enemy_tunnel_threat:0.0075|own_tunnel_pressure:-0.0250|collapse_risk:-0.0000|territory_pressure:0.0429|opportunity_cost:-1.5051
4,utility_tunneler_vs_utility_balancer,6,player,utility_tunneler,1,wait,,,,0.0,1.6888,1.6888,F,opportunity_cost:-1.6888
4,utility_tunneler_vs_utility_balancer,6,player,utility_tunneler,2,tunnel_entrance,"(-3, 1)",,,0.2569,0.2269,0.0,T,resource_fit:0.0625|tunnel_access_gain:0.1500|enemy_tunnel_threat:0.0042|collapse_risk:-0.0000|territory_pressure:0.0402|opportunity_cost:-0.0000
4,utility_tunneler_vs_utility_balancer,6,player,utility_tunneler,2,tunnel_entrance,"(-2, 1)",,,0.2569,0.2269,0.0,F,resource_fit:0.0625|tunnel_access_gain:0.1500|enemy_tunnel_threat:0.0042|collapse_risk:-0.0000|territory_pressure:0.0402|opportunity_cost:-0.0000
4,utility_tunneler_vs_utility_balancer,6,player,utility_tunneler,2,tunnel_entrance,"(-1, 0)",,,0.2569,0.2269,0.0,F,resource_fit:0.0625|tunnel_access_gain:0.1500|enemy_tunnel_threat:0.0042|collapse_risk:-0.0000|territory_pressure:0.0402|opportunity_cost:-0.0000
4,utility_tunneler_vs_utility_balancer,6,player,utility_tunneler,2,tunnel_extend,"(-3, 1)","(-2, 0)",,0.1464,0.2269,0.0804,F,resource_fit:0.0667|tunnel_access_gain:0.0583|enemy_tunnel_threat:0.0062|own_tunnel_pressure:-0.0250|collapse_risk:-0.0000|territory_pressure:0.0402|opportunity_cost:-0.0804
4,utility_tunneler_vs_utility_balancer,6,player,utility_tunneler,2,tunnel_extend,"(-2, 1)","(-2, 0)",,0.1464,0.2269,0.0804,F,resource_fit:0.0667|tunnel_access_gain:0.0583|enemy_tunnel_threat:0.0062|own_tunnel_pressure:-0.0250|collapse_risk:-0.0000|territory_pressure:0.0402|opportunity_cost:-0.0804
4,utility_tunneler_vs_utility_balancer,6,player,utility_tunneler,2,tunnel_extend,"(-1, 0)","(-2, 0)",,0.1464,0.2269,0.0804,F,resource_fit:0.0667|tunnel_access_gain:0.0583|enemy_tunnel_threat:0.0062|own_tunnel_pressure:-0.0250|collapse_risk:-0.0000|territory_pressure:0.0402|opportunity_cost:-0.0804
4,utility_tunneler_vs_utility_balancer,6,player,utility_tunneler,2,wait,,,,0.0,0.2269,0.2269,F,opportunity_cost:-0.2269
4,utility_tunneler_vs_utility_balancer,6,player,utility_tunneler,3,tunnel_entrance,"(-2, 1)",,,0.1985,0.1621,0.0,T,resource_fit:0.0000|tunnel_access_gain:0.1500|enemy_tunnel_threat:0.0083|collapse_risk:-0.0000|territory_pressure:0.0402|opportunity_cost:-0.0000
4,utility_tunneler_vs_utility_balancer,6,player,utility_tunneler,3,tunnel_entrance,"(-1, 0)",,,0.1985,0.1621,0.0,F,resource_fit:0.0000|tunnel_access_gain:0.1500|enemy_tunnel_threat:0.0083|collapse_risk:-0.0000|territory_pressure:0.0402|opportunity_cost:-0.0000
4,utility_tunneler_vs_utility_balancer,6,player,utility_tunneler,3,tunnel_extend,"(-2, 0)","(-3, 1)",,0.0444,0.1621,0.1178,F,resource_fit:0.0167|tunnel_access_gain:0.0000|enemy_tunnel_threat:0.0125|own_tunnel_pressure:-0.0250|collapse_risk:-0.0000|territory_pressure:0.0402|opportunity_cost:-0.1178
4,utility_tunneler_vs_utility_balancer,6,player,utility_tunneler,3,tunnel_extend,"(-2, 1)","(-3, 1)",,0.1027,0.1621,0.0594,F,resource_fit:0.0167|tunnel_access_gain:0.0583|enemy_tunnel_threat:0.0125|own_tunnel_pressure:-0.0250|collapse_risk:-0.0000|territory_pressure:0.0402|opportunity_cost:-0.0594
4,utility_tunneler_vs_utility_balancer,6,player,utility_tunneler,3,tunnel_extend,"(-3, 1)","(-2, 0)",,0.0444,0.1621,0.1178,F,resource_fit:0.0167|tunnel_access_gain:0.0000|enemy_tunnel_threat:0.0125|own_tunnel_pressure:-0.0250|collapse_risk:-0.0000|territory_pressure:0.0402|opportunity_cost:-0.1178
4,utility_tunneler_vs_utility_balancer,6,player,utility_tunneler,3,tunnel_extend,"(-2, 1)","(-2, 0)",,0.1027,0.1621,0.0594,F,resource_fit:0.0167|tunnel_access_gain:0.0583|enemy_tunnel_threat:0.0125|own_tunnel_pressure:-0.0250|collapse_risk:-0.0000|territory_pressure:0.0402|opportunity_cost:-0.0594
4,utility_tunneler_vs_utility_balancer,6,player,utility_tunneler,3,tunnel_extend,"(-1, 0)","(-2, 0)",,0.1027,0.1621,0.0594,F,resource_fit:0.0167|tunnel_access_gain:0.0583|enemy_tunnel_threat:0.0125|own_tunnel_pressure:-0.0250|collapse_risk:-0.0000|territory_pressure:0.0402|opportunity_cost:-0.0594
4,utility_tunneler_vs_utility_balancer,6,player,utility_tunneler,3,wait,,,,0.0,0.1621,0.1621,F,opportunity_cost:-0.1621
4,utility_tunneler_vs_utility_balancer,7,player,utility_tunneler,1,tunnel_entrance,"(-1, 0)",,,0.286,1.9948,1.7088,F,resource_fit:0.0833|tunnel_access_gain:0.1500|enemy_tunnel_threat:0.0125|collapse_risk:-0.0000|territory_pressure:0.0402|opportunity_cost:-1.7088
4,utility_tunneler_vs_utility_balancer,7,player,utility_tunneler,1,tunnel_entrance,"(0, -1)",,,0.186,1.9948,1.8088,F,resource_fit:0.0833|tunnel_access_gain:0.0500|enemy_tunnel_threat:0.0125|collapse_risk:-0.0000|territory_pressure:0.0402|opportunity_cost:-1.8088
4,utility_tunneler_vs_utility_balancer,7,player,utility_tunneler,1,tunnel_extend,"(-2, 0)","(-3, 1)",,0.1173,1.9948,1.8775,F,resource_fit:0.0833|tunnel_access_gain:0.0000|enemy_tunnel_threat:0.0187|own_tunnel_pressure:-0.0250|collapse_risk:-0.0000|territory_pressure:0.0402|opportunity_cost:-1.8775
4,utility_tunneler_vs_utility_balancer,7,player,utility_tunneler,1,tunnel_extend,"(-2, 1)","(-3, 1)",,0.1173,1.9948,1.8775,F,resource_fit:0.0833|tunnel_access_gain:0.0000|enemy_tunnel_threat:0.0187|own_tunnel_pressure:-0.0250|collapse_risk:-0.0000|territory_pressure:0.0402|opportunity_cost:-1.8775
4,utility_tunneler_vs_utility_balancer,7,player,utility_tunneler,1,tunnel_extend,"(-3, 1)","(-2, 0)",,0.1173,1.9948,1.8775,F,resource_fit:0.0833|tunnel_access_gain:0.0000|enemy_tunnel_threat:0.0187|own_tunnel_pressure:-0.0250|collapse_risk:-0.0000|territory_pressure:0.0402|opportunity_cost:-1.8775
4,utility_tunneler_vs_utility_balancer,7,player,utility_tunneler,1,tunnel_extend,"(-2, 1)","(-2, 0)",,0.1173,1.9948,1.8775,F,resource_fit:0.0833|tunnel_access_gain:0.0000|enemy_tunnel_threat:0.0187|own_tunnel_pressure:-0.0250|collapse_risk:-0.0000|territory_pressure:0.0402|opportunity_cost:-1.8775
4,utility_tunneler_vs_utility_balancer,7,player,utility_tunneler,1,tunnel_extend,"(-1, 0)","(-2, 0)",,0.1756,1.9948,1.8192,F,resource_fit:0.0833|tunnel_access_gain:0.0583|enemy_tunnel_threat:0.0187|own_tunnel_pressure:-0.0250|collapse_risk:-0.0000|territory_pressure:0.0402|opportunity_cost:-1.8192
4,utility_tunneler_vs_utility_balancer,7,player,utility_tunneler,1,tunnel_extend,"(-3, 1)","(-2, 1)",,0.1173,1.9948,1.8775,F,resource_fit:0.0833|tunnel_access_gain:0.0000|enemy_tunnel_threat:0.0187|own_tunnel_pressure:-0.0250|collapse_risk:-0.0000|territory_pressure:0.0402|opportunity_cost:-1.8775
4,utility_tunneler_vs_utility_balancer,7,player,utility_tunneler,1,tunnel_extend,"(-2, 0)","(-2, 1)",,0.1173,1.9948,1.8775,F,resource_fit:0.0833|tunnel_access_gain:0.0000|enemy_tunnel_threat:0.0187|own_tunnel_pressure:-0.0250|collapse_risk:-0.0000|territory_pressure:0.0402|opportunity_cost:-1.8775
4,utility_tunneler_vs_utility_balancer,7,player,utility_tunneler,1,tunnel_extend,"(-1, 0)","(-2, 1)",,0.1756,1.9948,1.8192,F,resource_fit:0.0833|tunnel_access_gain:0.0583|enemy_tunnel_threat:0.0187|own_tunnel_pressure:-0.0250|collapse_risk:-0.0000|territory_pressure:0.0402|opportunity_cost:-1.8192
4,utility_tunneler_vs_utility_balancer,7,player,utility_tunneler,1,tunnel_extend,"(-1, 1)","(-2, 1)",,0.1756,1.9948,1.8192,F,resource_fit:0.0833|tunnel_access_gain:0.0583|enemy_tunnel_threat:0.0187|own_tunnel_pressure:-0.0250|collapse_risk:-0.0000|territory_pressure:0.0402|opportunity_cost:-1.8192
4,utility_tunneler_vs_utility_balancer,7,player,utility_tunneler,1,wait,,,,0.0,1.9948,1.9948,F,opportunity_cost:-1.9948
4,utility_tunneler_vs_utility_balancer,7,player,utility_tunneler,2,tunnel_entrance,"(-1, 0)",,,0.219,0.5508,0.3317,F,resource_fit:0.0208|tunnel_access_gain:0.1500|enemy_tunnel_threat:0.0107|collapse_risk:-0.0000|territory_pressure:0.0375|opportunity_cost:-0.3317
4,utility_tunneler_vs_utility_balancer,7,player,utility_tunneler,2,tunnel_entrance,"(0, -1)",,,0.169,0.5508,0.3817,F,resource_fit:0.0208|tunnel_access_gain:0.1000|enemy_tunnel_threat:0.0107|collapse_risk:-0.0000|territory_pressure:0.0375|opportunity_cost:-0.3817
4,utility_tunneler_vs_utility_balancer,7,player,utility_tunneler,2,tunnel_extend,"(-2, 0)","(-3, 1)",,0.0619,0.5508,0.4889,F,resource_fit:0.0333|tunnel_access_gain:0.0000|enemy_tunnel_threat:0.0161|own_tunnel_pressure:-0.0250|collapse_risk:-0.0000|territory_pressure:0.0375|opportunity_cost:-0.4889
4,utility_tunneler_vs_utility_balancer,7,player,utility_tunneler,2,tunnel_extend,"(-2, 1)","(-3, 1)",,0.0619,0.5508,0.4889,F,resource_fit:0.0333|tunnel_access_gain:0.0000|enemy_tunnel_threat:0.0161|own_tunnel_pressure:-0.0250|collapse_risk:-0.0000|territory_pressure:0.0375|opportunity_cost:-0.4889
4,utility_tunneler_vs_utility_balancer,7,player,utility_tunneler,2,tunnel_extend,"(-3, 1)","(-2, 0)",,0.0619,0.5508,0.4889,F,resource_fit:0.0333|tunnel_access_gain:0.0000|enemy_tunnel_threat:0.0161|own_tunnel_pressure:-0.0250|collapse_risk:-0.0000|territory_pressure:0.0375|opportunity_cost:-0.4889
4,utility_tunneler_vs_utility_balancer,7,player,utility_tunneler,2,tunnel_extend,"(-2, 1)","(-2, 0)",,0.0619,0.5508,0.4889,F,resource_fit:0.0333|tunnel_access_gain:0.0000|enemy_tunnel_threat:0.0161|own_tunnel_pressure:-0.0250|collapse_risk:-0.0000|territory_pressure:0.0375|opportunity_cost:-0.4889
4,utility_tunneler_vs_utility_balancer,7,player,utility_tunneler,2,tunnel_extend,"(-1, 0)","(-2, 0)",,0.1202,0.5508,0.4305,F,resource_fit:0.0333|tunnel_access_gain:0.0583|enemy_tunnel_threat:0.0161|own_tunnel_pressure:-0.0250|collapse_risk:-0.0000|territory_pressure:0.0375|opportunity_cost:-0.4305
4,utility_tunneler_vs_utility_balancer,7,player,utility_tunneler,2,tunnel_extend,"(-3, 1)","(-2, 1)",,0.0619,0.5508,0.4889,F,resource_fit:0.0333|tunnel_access_gain:0.0000|enemy_tunnel_threat:0.0161|own_tunnel_pressure:-0.0250|collapse_risk:-0.0000|territory_pressure:0.0375|opportunity_cost:-0.4889
4,utility_tunneler_vs_utility_balancer,7,player,utility_tunneler,2,tunnel_extend,"(-2, 0)","(-2, 1)",,0.0619,0.5508,0.4889,F,resource_fit:0.0333|tunnel_access_gain:0.0000|enemy_tunnel_threat:0.0161|own_tunnel_pressure:-0.0250|collapse_risk:-0.0000|territory_pressure:0.0375|opportunity_cost:-0.4889
4,utility_tunneler_vs_utility_balancer,7,player,utility_tunneler,2,tunnel_extend,"(-1, 0)","(-2, 1)",,0.1202,0.5508,0.4305,F,resource_fit:0.0333|tunnel_access_gain:0.0583|enemy_tunnel_threat:0.0161|own_tunnel_pressure:-0.0250|collapse_risk:-0.0000|territory_pressure:0.0375|opportunity_cost:-0.4305
4,utility_tunneler_vs_utility_balancer,7,player,utility_tunneler,2,tunnel_extend,"(-1, 1)","(-2, 1)",,0.1202,0.5508,0.4305,F,resource_fit:0.0333|tunnel_access_gain:0.0583|enemy_tunnel_threat:0.0161|own_tunnel_pressure:-0.0250|collapse_risk:-0.0000|territory_pressure:0.0375|opportunity_cost:-0.4305
4,utility_tunneler_vs_utility_balancer,7,player,utility_tunneler,2,wait,,,,0.0,0.5508,0.5508,F,opportunity_cost:-0.5508
4,utility_tunneler_vs_utility_balancer,7,player,utility_tunneler,3,tunnel_entrance,"(-1, 0)",,,0.2606,0.4334,0.1728,F,resource_fit:0.0208|tunnel_access_gain:0.2000|enemy_tunnel_threat:0.0094|collapse_risk:-0.0000|territory_pressure:0.0304|opportunity_cost:-0.1728
4,utility_tunneler_vs_utility_balancer,7,player,utility_tunneler,3,tunnel_entrance,"(0, -1)",,,0.2106,0.4334,0.2228,F,resource_fit:0.0208|tunnel_access_gain:0.1500|enemy_tunnel_threat:0.0094|collapse_risk:-0.0000|territory_pressure:0.0304|opportunity_cost:-0.2228
4,utility_tunneler_vs_utility_balancer,7,player,utility_tunneler,3,tunnel_extend,"(-2, 0)","(-3, 1)",,0.0528,0.4334,0.3806,F,resource_fit:0.0333|tunnel_access_gain:0.0000|enemy_tunnel_threat:0.0141|own_tunnel_pressure:-0.0250|collapse_risk:-0.0000|territory_pressure:0.0304|opportunity_cost:-0.3806
4,utility_tunneler_vs_utility_balancer,7,player,utility_tunneler,3,tunnel_extend,"(-2, 1)","(-3, 1)",,0.0528,0.4334,0.3806,F,resource_fit:0.0333|tunnel_access_gain:0.0000|enemy_tunnel_threat:0.0141|own_tunnel_pressure:-0.0250|collapse_risk:-0.0000|territory_pressure:0.0304|opportunity_cost:-0.3806
4,utility_tunneler_vs_utility_balancer,7,player,utility_tunneler,3,tunnel_extend,"(-3, 1)","(-2, 0)",,0.0528,0.4334,0.3806,F,resource_fit:0.0333|tunnel_access_gain:0.0000|enemy_tunnel_threat:0.0141|own_tunnel_pressure:-0.0250|collapse_risk:-0.0000|territory_pressure:0.0304|opportunity_cost:-0.3806
4,utility_tunneler_vs_utility_balancer,7,player,utility_tunneler,3,tunnel_extend,"(-2, 1)","(-2, 0)",,0.0528,0.4334,0.3806,F,resource_fit:0.0333|tunnel_access_gain:0.0000|enemy_tunnel_threat:0.0141|own_tunnel_pressure:-0.0250|collapse_risk:-0.0000|territory_pressure:0.0304|opportunity_cost:-0.3806
4,utility_tunneler_vs_utility_balancer,7,player,utility_tunneler,3,tunnel_extend,"(-1, 0)","(-2, 0)",,0.1112,0.4334,0.3223,F,resource_fit:0.0333|tunnel_access_gain:0.0583|enemy_tunnel_threat:0.0141|own_tunnel_pressure:-0.0250|collapse_risk:-0.0000|territory_pressure:0.0304|opportunity_cost:-0.3223
4,utility_tunneler_vs_utility_balancer,7,player,utility_tunneler,3,tunnel_extend,"(-3, 1)","(-2, 1)",,0.0528,0.4334,0.3806,F,resource_fit:0.0333|tunnel_access_gain:0.0000|enemy_tunnel_threat:0.0141|own_tunnel_pressure:-0.0250|collapse_risk:-0.0000|territory_pressure:0.0304|opportunity_cost:-0.3806
4,utility_tunneler_vs_utility_balancer,7,player,utility_tunneler,3,tunnel_extend,"(-2, 0)","(-2, 1)",,0.0528,0.4334,0.3806,F,resource_fit:0.0333|tunnel_access_gain:0.0000|enemy_tunnel_threat:0.0141|own_tunnel_pressure:-0.0250|collapse_risk:-0.0000|territory_pressure:0.0304|opportunity_cost:-0.3806
4,utility_tunneler_vs_utility_balancer,7,player,utility_tunneler,3,tunnel_extend,"(-1, 0)","(-2, 1)",,0.1112,0.4334,0.3223,F,resource_fit:0.0333|tunnel_access_gain:0.0583|enemy_tunnel_threat:0.0141|own_tunnel_pressure:-0.0250|collapse_risk:-0.0000|territory_pressure:0.0304|opportunity_cost:-0.3223
4,utility_tunneler_vs_utility_balancer,7,player,utility_tunneler,3,tunnel_extend,"(-1, 1)","(-2, 1)",,0.1112,0.4334,0.3223,F,resource_fit:0.0333|tunnel_access_gain:0.0583|enemy_tunnel_threat:0.0141|own_tunnel_pressure:-0.0250|collapse_risk:-0.0000|territory_pressure:0.0304|opportunity_cost:-0.3223
4,utility_tunneler_vs_utility_balancer,7,player,utility_tunneler,3,wait,,,,0.0,0.4334,0.4334,F,opportunity_cost:-0.4334
4,utility_tunneler_vs_utility_balancer,8,player,utility_tunneler,1,tunnel_entrance,"(-1, 0)",,,0.429,1.7239,1.2949,F,resource_fit:0.1667|tunnel_access_gain:0.2000|enemy_tunnel_threat:0.0107|collapse_risk:-0.0000|territory_pressure:0.0516|opportunity_cost:-1.2949
4,utility_tunneler_vs_utility_balancer,8,player,utility_tunneler,1,tunnel_entrance,"(0, -1)",,,0.329,1.7239,1.3949,F,resource_fit:0.1667|tunnel_access_gain:0.1000|enemy_tunnel_threat:0.0107|collapse_risk:-0.0000|territory_pressure:0.0516|opportunity_cost:-1.3949
4,utility_tunneler_vs_utility_balancer,8,player,utility_tunneler,1,tunnel_extend,"(-2, 0)","(-3, 1)",,0.1927,1.7239,1.5312,F,resource_fit:0.1500|tunnel_access_gain:0.0000|enemy_tunnel_threat:0.0161|own_tunnel_pressure:-0.0250|collapse_risk:-0.0000|territory_pressure:0.0516|opportunity_cost:-1.5312
4,utility_tunneler_vs_utility_balancer,8,player,utility_tunneler,1,tunnel_extend,"(-2, 1)","(-3, 1)",,0.1927,1.7239,1.5312,F,resource_fit:0.1500|tunnel_access_gain:0.0000|enemy_tunnel_threat:0.0161|own_tunnel_pressure:-0.0250|collapse_risk:-0.0000|territory_pressure:0.0516|opportunity_cost:-1.5312
4,utility_tunneler_vs_utility_balancer,8,player,utility_tunneler,1,tunnel_extend,"(-3, 1)","(-2, 0)",,0.1927,1.7239,1.5312,F,resource_fit:0.1500|tunnel_access_gain:0.0000|enemy_tunnel_threat:0.0161|own_tunnel_pressure:-0.0250|collapse_risk:-0.0000|territory_pressure:0.0516|opportunity_cost:-1.5312
4,utility_tunneler_vs_utility_balancer,8,player,utility_tunneler,1,tunnel_extend,"(-2, 1)","(-2, 0)",,0.1927,1.7239,1.5312,F,resource_fit:0.1500|tunnel_access_gain:0.0000|enemy_tunnel_threat:0.0161|own_tunnel_pressure:-0.0250|collapse_risk:-0.0000|territory_pressure:0.0516|opportunity_cost:-1.5312
4,utility_tunneler_vs_utility_balancer,8,player,utility_tunneler,1,tunnel_extend,"(-1, 0)","(-2, 0)",,0.251,1.7239,1.4729,F,resource_fit:0.1500|tunnel_access_gain:0.0583|enemy_tunnel_threat:0.0161|own_tunnel_pressure:-0.0250|collapse_risk:-0.0000|territory_pressure:0.0516|opportunity_cost:-1.4729
4,utility_tunneler_vs_utility_balancer,8,player,utility_tunneler,1,tunnel_extend,"(-3, 1)","(-2, 1)",,0.1927,1.7239,1.5312,F,resource_fit:0.1500|tunnel_access_gain:0.0000|enemy_tunnel_threat:0.0161|own_tunnel_pressure:-0.0250|collapse_risk:-0.0000|territory_pressure:0.0516|opportunity_cost:-1.5312
4,utility_tunneler_vs_utility_balancer,8,player,utility_tunneler,1,tunnel_extend,"(-2, 0)","(-2, 1)",,0.1927,1.7239,1.5312,F,resource_fit:0.1500|tunnel_access_gain:0.0000|enemy_tunnel_threat:0.0161|own_tunnel_pressure:-0.0250|collapse_risk:-0.0000|territory_pressure:0.0516|opportunity_cost:-1.5312
4,utility_tunneler_vs_utility_balancer,8,player,utility_tunneler,1,tunnel_extend,"(-1, 0)","(-2, 1)",,0.251,1.7239,1.4729,F,resource_fit:0.1500|tunnel_access_gain:0.0583|enemy_tunnel_threat:0.0161|own_tunnel_pressure:-0.0250|collapse_risk:-0.0000|territory_pressure:0.0516|opportunity_cost:-1.4729
4,utility_tunneler_vs_utility_balancer,8,player,utility_tunneler,1,tunnel_extend,"(-1, 1)","(-2, 1)",,0.251,1.7239,1.4729,F,resource_fit:0.1500|tunnel_access_gain:0.0583|enemy_tunnel_threat:0.0161|own_tunnel_pressure:-0.0250|collapse_risk:-0.0000|territory_pressure:0.0516|opportunity_cost:-1.4729
4,utility_tunneler_vs_utility_balancer,8,player,utility_tunneler,1,wait,,,,0.0,1.7239,1.7239,F,opportunity_cost:-1.7239
4,utility_tunneler_vs_utility_balancer,8,player,utility_tunneler,2,tunnel_entrance,"(-1, 0)",,,0.4124,0.2601,0.0,T,resource_fit:0.1042|tunnel_access_gain:0.2500|enemy_tunnel_threat:0.0094|collapse_risk:-0.0000|territory_pressure:0.0489|opportunity_cost:-0.0000
4,utility_tunneler_vs_utility_balancer,8,player,utility_tunneler,2,tunnel_entrance,"(0, -1)",,,0.3124,0.2601,0.0,F,resource_fit:0.1042|tunnel_access_gain:0.1500|enemy_tunnel_threat:0.0094|collapse_risk:-0.0000|territory_pressure:0.0489|opportunity_cost:-0.0000
4,utility_tunneler_vs_utility_balancer,8,player,utility_tunneler,2,tunnel_extend,"(-2, 0)","(-3, 1)",,0.1379,0.2601,0.1222,F,resource_fit:0.1000|tunnel_access_gain:0.0000|enemy_tunnel_threat:0.0141|own_tunnel_pressure:-0.0250|collapse_risk:-0.0000|territory_pressure:0.0489|opportunity_cost:-0.1222
4,utility_tunneler_vs_utility_balancer,8,player,utility_tunneler,2,tunnel_extend,"(-2, 1)","(-3, 1)",,0.1379,0.2601,0.1222,F,resource_fit:0.1000|tunnel_access_gain:0.0000|enemy_tunnel_threat:0.0141|own_tunnel_pressure:-0.0250|collapse_risk:-0.0000|territory_pressure:0.0489|opportunity_cost:-0.1222
4,utility_tunneler_vs_utility_balancer,8,player,utility_tunneler,2,tunnel_extend,"(-3, 1)","(-2, 0)",,0.1379,0.2601,0.1222,F,resource_fit:0.1000|tunnel_access_gain:0.0000|enemy_tunnel_threat:0.0141|own_tunnel_pressure:-0.0250|collapse_risk:-0.0000|territory_pressure:0.0489|opportunity_cost:-0.1222
4,utility_tunneler_vs_utility_balancer,8,player,utility_tunneler,2,tunnel_extend,"(-2, 1)","(-2, 0)",,0.1379,0.2601,0.1222,F,resource_fit:0.1000|tunnel_access_gain:0.0000|enemy_tunnel_threat:0.0141|own_tunnel_pressure:-0.0250|collapse_risk:-0.0000|territory_pressure:0.0489|opportunity_cost:-0.1222
4,utility_tunneler_vs_utility_balancer,8,player,utility_tunneler,2,tunnel_extend,"(-1, -1)","(-2, 0)",,0.1963,0.2601,0.0638,F,resource_fit:0.1000|tunnel_access_gain:0.0583|enemy_tunnel_threat:0.0141|own_tunnel_pressure:-0.0250|collapse_risk:-0.0000|territory_pressure:0.0489|opportunity_cost:-0.0638
4,utility_tunneler_vs_utility_balancer,8,player,utility_tunneler,2,tunnel_extend,"(-1, 0)","(-2, 0)",,0.1963,0.2601,0.0638,F,resource_fit:0.1000|tunnel_access_gain:0.0583|enemy_tunnel_threat:0.0141|own_tunnel_pressure:-0.0250|collapse_risk:-0.0000|territory_pressure:0.0489|opportunity_cost:-0.0638
4,utility_tunneler_vs_utility_balancer,8,player,utility_tunneler,2,tunnel_extend,"(-3, 1)","(-2, 1)",,0.1379,0.2601,0.1222,F,resource_fit:0.1000|tunnel_access_gain:0.0000|enemy_tunnel_threat:0.0141|own_tunnel_pressure:-0.0250|collapse_risk:-0.0000|territory_pressure:0.0489|opportunity_cost:-0.1222
4,utility_tunneler_vs_utility_balancer,8,player,utility_tunneler,2,tunnel_extend,"(-2, 0)","(-2, 1)",,0.1379,0.2601,0.1222,F,resource_fit:0.1000|tunnel_access_gain:0.0000|enemy_tunnel_threat:0.0141|own_tunnel_pressure:-0.0250|collapse_risk:-0.0000|territory_pressure:0.0489|opportunity_cost:-0.1222
4,utility_tunneler_vs_utility_balancer,8,player,utility_tunneler,2,tunnel_extend,"(-1, 0)","(-2, 1)",,0.1963,0.2601,0.0638,F,resource_fit:0.1000|tunnel_access_gain:0.0583|enemy_tunnel_threat:0.0141|own_tunnel_pressure:-0.0250|collapse_risk:-0.0000|territory_pressure:0.0489|opportunity_cost:-0.0638
4,utility_tunneler_vs_utility_balancer,8,player,utility_tunneler,2,tunnel_extend,"(-1, 1)","(-2, 1)",,0.1963,0.2601,0.0638,F,resource_fit:0.1000|tunnel_access_gain:0.0583|enemy_tunnel_threat:0.0141|own_tunnel_pressure:-0.0250|collapse_risk:-0.0000|territory_pressure:0.0489|opportunity_cost:-0.0638
4,utility_tunneler_vs_utility_balancer,8,player,utility_tunneler,2,wait,,,,0.0,0.2601,0.2601,F,opportunity_cost:-0.2601
4,utility_tunneler_vs_utility_balancer,8,player,utility_tunneler,3,tunnel_entrance,"(0, -1)",,,0.2531,0.2331,0.0,T,resource_fit:0.0417|tunnel_access_gain:0.1500|enemy_tunnel_threat:0.0125|collapse_risk:-0.0000|territory_pressure:0.0489|opportunity_cost:-0.0000
4,utility_tunneler_vs_utility_balancer,8,player,utility_tunneler,3,tunnel_extend,"(-2, 0)","(-3, 1)",,0.0926,0.2331,0.1405,F,resource_fit:0.0500|tunnel_access_gain:0.0000|enemy_tunnel_threat:0.0187|own_tunnel_pressure:-0.0250|collapse_risk:-0.0000|territory_pressure:0.0489|opportunity_cost:-0.1405
4,utility_tunneler_vs_utility_balancer,8,player,utility_tunneler,3,tunnel_extend,"(-2, 1)","(-3, 1)",,0.0926,0.2331,0.1405,F,resource_fit:0.0500|tunnel_access_gain:0.0000|enemy_tunnel_threat:0.0187|own_tunnel_pressure:-0.0250|collapse_risk:-0.0000|territory_pressure:0.0489|opportunity_cost:-0.1405
4,utility_tunneler_vs_utility_balancer,8,player,utility_tunneler,3,tunnel_extend,"(-3, 1)","(-2, 0)",,0.0926,0.2331,0.1405,F,resource_fit:0.0500|tunnel_access_gain:0.0000|enemy_tunnel_threat:0.0187|own_tunnel_pressure:-0.0250|collapse_risk:-0.0000|territory_pressure:0.0489|opportunity_cost:-0.1405
4,utility_tunneler_vs_utility_balancer,8,player,utility_tunneler,3,tunnel_extend,"(-2, 1)","(-2, 0)",,0.0926,0.2331,0.1405,F,resource_fit:0.0500|tunnel_access_gain:0.0000|enemy_tunnel_threat:0.0187|own_tunnel_pressure:-0.0250|collapse_risk:-0.0000|territory_pressure:0.0489|opportunity_cost:-0.1405
4,utility_tunneler_vs_utility_balancer,8,player,utility_tunneler,3,tunnel_extend,"(-1, -1)","(-2, 0)",,0.151,0.2331,0.0821,F,resource_fit:0.0500|tunnel_access_gain:0.0583|enemy_tunnel_threat:0.0187|own_tunnel_pressure:-0.0250|collapse_risk:-0.0000|territory_pressure:0.0489|opportunity_cost:-0.0821
4,utility_tunneler_vs_utility_balancer,8,player,utility_tunneler,3,tunnel_extend,"(-1, 0)","(-2, 0)",,0.0926,0.2331,0.1405,F,resource_fit:0.0500|tunnel_access_gain:0.0000|enemy_tunnel_threat:0.0187|own_tunnel_pressure:-0.0250|collapse_risk:-0.0000|territory_pressure:0.0489|opportunity_cost:-0.1405
4,utility_tunneler_vs_utility_balancer,8,player,utility_tunneler,3,tunnel_extend,"(-3, 1)","(-2, 1)",,0.0926,0.2331,0.1405,F,resource_fit:0.0500|tunnel_access_gain:0.0000|enemy_tunnel_threat:0.0187|own_tunnel_pressure:-0.0250|collapse_risk:-0.0000|territory_pressure:0.0489|opportunity_cost:-0.1405
4,utility_tunneler_vs_utility_balancer,8,player,utility_tunneler,3,tunnel_extend,"(-2, 0)","(-2, 1)",,0.0926,0.2331,0.1405,F,resource_fit:0.0500|tunnel_access_gain:0.0000|enemy_tunnel_threat:0.0187|own_tunnel_pressure:-0.0250|collapse_risk:-0.0000|territory_pressure:0.0489|opportunity_cost:-0.1405
4,utility_tunneler_vs_utility_balancer,8,player,utility_tunneler,3,tunnel_extend,"(-1, 0)","(-2, 1)",,0.0926,0.2331,0.1405,F,resource_fit:0.0500|tunnel_access_gain:0.0000|enemy_tunnel_threat:0.0187|own_tunnel_pressure:-0.0250|collapse_risk:-0.0000|territory_pressure:0.0489|opportunity_cost:-0.1405
4,utility_tunneler_vs_utility_balancer,8,player,utility_tunneler,3,tunnel_extend,"(-1, 1)","(-2, 1)",,0.151,0.2331,0.0821,F,resource_fit:0.0500|tunnel_access_gain:0.0583|enemy_tunnel_threat:0.0187|own_tunnel_pressure:-0.0250|collapse_risk:-0.0000|territory_pressure:0.0489|opportunity_cost:-0.0821
4,utility_tunneler_vs_utility_balancer,8,player,utility_tunneler,3,tunnel_extend,"(-2, 0)","(-1, 0)",,0.0926,0.2331,0.1405,F,resource_fit:0.0500|tunnel_access_gain:0.0000|enemy_tunnel_threat:0.0187|own_tunnel_pressure:-0.0250|collapse_risk:-0.0000|territory_pressure:0.0489|opportunity_cost:-0.1405
4,utility_tunneler_vs_utility_balancer,8,player,utility_tunneler,3,tunnel_extend,"(-2, 1)","(-1, 0)",,0.0926,0.2331,0.1405,F,resource_fit:0.0500|tunnel_access_gain:0.0000|enemy_tunnel_threat:0.0187|own_tunnel_pressure:-0.0250|collapse_risk:-0.0000|territory_pressure:0.0489|opportunity_cost:-0.1405
4,utility_tunneler_vs_utility_balancer,8,player,utility_tunneler,3,tunnel_extend,"(-1, -1)","(-1, 0)",,0.151,0.2331,0.0821,F,resource_fit:0.0500|tunnel_access_gain:0.0583|enemy_tunnel_threat:0.0187|own_tunnel_pressure:-0.0250|collapse_risk:-0.0000|territory_pressure:0.0489|opportunity_cost:-0.0821
4,utility_tunneler_vs_utility_balancer,8,player,utility_tunneler,3,tunnel_extend,"(-1, 1)","(-1, 0)",,0.151,0.2331,0.0821,F,resource_fit:0.0500|tunnel_access_gain:0.0583|enemy_tunnel_threat:0.0187|own_tunnel_pressure:-0.0250|collapse_risk:-0.0000|territory_pressure:0.0489|opportunity_cost:-0.0821
4,utility_tunneler_vs_utility_balancer,8,player,utility_tunneler,3,tunnel_extend,"(0, -1)","(-1, 0)",,0.151,0.2331,0.0821,F,resource_fit:0.0500|tunnel_access_gain:0.0583|enemy_tunnel_threat:0.0187|own_tunnel_pressure:-0.0250|collapse_risk:-0.0000|territory_pressure:0.0489|opportunity_cost:-0.0821
4,utility_tunneler_vs_utility_balancer,8,player,utility_tunneler,3,tunnel_extend,"(0, 0)","(-1, 0)",,0.151,0.2331,0.0821,F,resource_fit:0.0500|tunnel_access_gain:0.0583|enemy_tunnel_threat:0.0187|own_tunnel_pressure:-0.0250|collapse_risk:-0.0000|territory_pressure:0.0489|opportunity_cost:-0.0821
4,utility_tunneler_vs_utility_balancer,8,player,utility_tunneler,3,wait,,,,0.0,0.2331,0.2331,F,opportunity_cost:-0.2331
4,utility_tunneler_vs_utility_balancer,9,player,utility_tunneler,1,tunnel_entrance,"(-1, -1)",,,0.3603,1.5479,1.1875,F,resource_fit:0.1458|tunnel_access_gain:0.1500|enemy_tunnel_threat:0.0156|collapse_risk:-0.0000|territory_pressure:0.0489|opportunity_cost:-1.1875
4,utility_tunneler_vs_utility_balancer,9,player,utility_tunneler,1,tunnel_entrance,"(0, 0)",,,0.3103,1.5479,1.2375,F,resource_fit:0.1458|tunnel_access_gain:0.1000|enemy_tunnel_threat:0.0156|collapse_risk:-0.0000|territory_pressure:0.0489|opportunity_cost:-1.2375
4,utility_tunneler_vs_utility_balancer,9,player,utility_tunneler,1,tunnel_extend,"(-2, 0)","(-3, 1)",,0.1807,1.5479,1.3672,F,resource_fit:0.1333|tunnel_access_gain:0.0000|enemy_tunnel_threat:0.0234|own_tunnel_pressure:-0.0250|collapse_risk:-0.0000|territory_pressure:0.0489|opportunity_cost:-1.3672
4,utility_tunneler_vs_utility_balancer,9,player,utility_tunneler,1,tunnel_extend,"(-2, 1)","(-3, 1)",,0.1807,1.5479,1.3672,F,resource_fit:0.1333|tunnel_access_gain:0.0000|enemy_tunnel_threat:0.0234|own_tunnel_pressure:-0.0250|collapse_risk:-0.0000|territory_pressure:0.0489|opportunity_cost:-1.3672
4,utility_tunneler_vs_utility_balancer,9,player,utility_tunneler,1,tunnel_extend,"(-3, 1)","(-2, 0)",,0.1807,1.5479,1.3672,F,resource_fit:0.1333|tunnel_access_gain:0.0000|enemy_tunnel_threat:0.0234|own_tunnel_pressure:-0.0250|collapse_risk:-0.0000|territory_pressure:0.0489|opportunity_cost:-1.3672
4,utility_tunneler_vs_utility_balancer,9,player,utility_tunneler,1,tunnel_extend,"(-2, 1)","(-2, 0)",,0.1807,1.5479,1.3672,F,resource_fit:0.1333|tunnel_access_gain:0.0000|enemy_tunnel_threat:0.0234|own_tunnel_pressure:-0.0250|collapse_risk:-0.0000|territory_pressure:0.0489|opportunity_cost:-1.3672
4,utility_tunneler_vs_utility_balancer,9,player,utility_tunneler,1,tunnel_extend,"(-1, -1)","(-2, 0)",,0.239,1.5479,1.3089,F,resource_fit:0.1333|tunnel_access_gain:0.0583|enemy_tunnel_threat:0.0234|own_tunnel_pressure:-0.0250|collapse_risk:-0.0000|territory_pressure:0.0489|opportunity_cost:-1.3089
4,utility_tunneler_vs_utility_balancer,9,player,utility_tunneler,1,tunnel_extend,"(-1, 0)","(-2, 0)",,0.1807,1.5479,1.3672,F,resource_fit:0.1333|tunnel_access_gain:0.0000|enemy_tunnel_threat:0.0234|own_tunnel_pressure:-0.0250|collapse_risk:-0.0000|territory_pressure:0.0489|opportunity_cost:-1.3672
4,utility_tunneler_vs_utility_balancer,9,player,utility_tunneler,1,tunnel_extend,"(-3, 1)","(-2, 1)",,0.1807,1.5479,1.3672,F,resource_fit:0.1333|tunnel_access_gain:0.0000|enemy_tunnel_threat:0.0234|own_tunnel_pressure:-0.0250|collapse_risk:-0.0000|territory_pressure:0.0489|opportunity_cost:-1.3672
4,utility_tunneler_vs_utility_balancer,9,player,utility_tunneler,1,tunnel_extend,"(-2, 0)","(-2, 1)",,0.1807,1.5479,1.3672,F,resource_fit:0.1333|tunnel_access_gain:0.0000|enemy_tunnel_threat:0.0234|own_tunnel_pressure:-0.0250|collapse_risk:-0.0000|territory_pressure:0.0489|opportunity_cost:-1.3672
4,utility_tunneler_vs_utility_balancer,9,player,utility_tunneler,1,tunnel_extend,"(-1, 0)","(-2, 1)",,0.1807,1.5479,1.3672,F,resource_fit:0.1333|tunnel_access_gain:0.0000|enemy_tunnel_threat:0.0234|own_tunnel_pressure:-0.0250|collapse_risk:-0.0000|territory_pressure:0.0489|opportunity_cost:-1.3672
4,utility_tunneler_vs_utility_balancer,9,player,utility_tunneler,1,tunnel_extend,"(-1, 1)","(-2, 1)",,0.239,1.5479,1.3089,F,resource_fit:0.1333|tunnel_access_gain:0.0583|enemy_tunnel_threat:0.0234|own_tunnel_pressure:-0.0250|collapse_risk:-0.0000|territory_pressure:0.0489|opportunity_cost:-1.3089
4,utility_tunneler_vs_utility_balancer,9,player,utility_tunneler,1,tunnel_extend,"(-2, 0)","(-1, 0)",,0.1807,1.5479,1.3672,F,resource_fit:0.1333|tunnel_access_gain:0.0000|enemy_tunnel_threat:0.0234|own_tunnel_pressure:-0.0250|collapse_risk:-0.0000|territory_pressure:0.0489|opportunity_cost:-1.3672
4,utility_tunneler_vs_utility_balancer,9,player,utility_tunneler,1,tunnel_extend,"(-2, 1)","(-1, 0)",,0.1807,1.5479,1.3672,F,resource_fit:0.1333|tunnel_access_gain:0.0000|enemy_tunnel_threat:0.0234|own_tunnel_pressure:-0.0250|collapse_risk:-0.0000|territory_pressure:0.0489|opportunity_cost:-1.3672
4,utility_tunneler_vs_utility_balancer,9,player,utility_tunneler,1,tunnel_extend,"(-1, -1)","(-1, 0)",,0.239,1.5479,1.3089,F,resource_fit:0.1333|tunnel_access_gain:0.0583|enemy_tunnel_threat:0.0234|own_tunnel_pressure:-0.0250|collapse_risk:-0.0000|territory_pressure:0.0489|opportunity_cost:-1.3089
4,utility_tunneler_vs_utility_balancer,9,player,utility_tunneler,1,tunnel_extend,"(-1, 1)","(-1, 0)",,0.239,1.5479,1.3089,F,resource_fit:0.1333|tunnel_access_gain:0.0583|enemy_tunnel_threat:0.0234|own_tunnel_pressure:-0.0250|collapse_risk:-0.0000|territory_pressure:0.0489|opportunity_cost:-1.3089
4,utility_tunneler_vs_utility_balancer,9,player,utility_tunneler,1,tunnel_extend,"(0, -1)","(-1, 0)",,0.1807,1.5479,1.3672,F,resource_fit:0.1333|tunnel_access_gain:0.0000|enemy_tunnel_threat:0.0234|own_tunnel_pressure:-0.0250|collapse_risk:-0.0000|territory_pressure:0.0489|opportunity_cost:-1.3672
4,utility_tunneler_vs_utility_balancer,9,player,utility_tunneler,1,tunnel_extend,"(0, 0)","(-1, 0)",,0.239,1.5479,1.3089,F,resource_fit:0.1333|tunnel_access_gain:0.0583|enemy_tunnel_threat:0.0234|own_tunnel_pressure:-0.0250|collapse_risk:-0.0000|territory_pressure:0.0489|opportunity_cost:-1.3089
4,utility_tunneler_vs_utility_balancer,9,player,utility_tunneler,1,tunnel_extend,"(-1, -1)","(0, -1)",,0.239,1.5479,1.3089,F,resource_fit:0.1333|tunnel_access_gain:0.0583|enemy_tunnel_threat:0.0234|own_tunnel_pressure:-0.0250|collapse_risk:-0.0000|territory_pressure:0.0489|opportunity_cost:-1.3089
4,utility_tunneler_vs_utility_balancer,9,player,utility_tunneler,1,tunnel_extend,"(-1, 0)","(0, -1)",,0.1807,1.5479,1.3672,F,resource_fit:0.1333|tunnel_access_gain:0.0000|enemy_tunnel_threat:0.0234|own_tunnel_pressure:-0.0250|collapse_risk:-0.0000|territory_pressure:0.0489|opportunity_cost:-1.3672
4,utility_tunneler_vs_utility_balancer,9,player,utility_tunneler,1,tunnel_extend,"(0, 0)","(0, -1)",,0.239,1.5479,1.3089,F,resource_fit:0.1333|tunnel_access_gain:0.0583|enemy_tunnel_threat:0.0234|own_tunnel_pressure:-0.0250|collapse_risk:-0.0000|territory_pressure:0.0489|opportunity_cost:-1.3089
4,utility_tunneler_vs_utility_balancer,9,player,utility_tunneler,1,tunnel_extend,"(1, -1)","(0, -1)",,0.239,1.5479,1.3089,F,resource_fit:0.1333|tunnel_access_gain:0.0583|enemy_tunnel_threat:0.0234|own_tunnel_pressure:-0.0250|collapse_risk:-0.0000|territory_pressure:0.0489|opportunity_cost:-1.3089
4,utility_tunneler_vs_utility_balancer,9,player,utility_tunneler,1,wait,,,,0.0,1.5479,1.5479,F,opportunity_cost:-1.5479
4,utility_tunneler_vs_utility_balancer,9,player,utility_tunneler,2,tunnel_entrance,"(-1, -1)",,,0.3434,0.6294,0.286,F,resource_fit:0.0833|tunnel_access_gain:0.2000|enemy_tunnel_threat:0.0139|collapse_risk:-0.0000|territory_pressure:0.0462|opportunity_cost:-0.2860
4,utility_tunneler_vs_utility_balancer,9,player,utility_tunneler,2,tunnel_entrance,"(0, 0)",,,0.2434,0.6294,0.386,F,resource_fit:0.0833|tunnel_access_gain:0.1000|enemy_tunnel_threat:0.0139|collapse_risk:-0.0000|territory_pressure:0.0462|opportunity_cost:-0.3860
4,utility_tunneler_vs_utility_balancer,9,player,utility_tunneler,2,tunnel_extend,"(-2, 0)","(-3, 1)",,0.1253,0.6294,0.5041,F,resource_fit:0.0833|tunnel_access_gain:0.0000|enemy_tunnel_threat:0.0208|own_tunnel_pressure:-0.0250|collapse_risk:-0.0000|territory_pressure:0.0462|opportunity_cost:-0.5041
4,utility_tunneler_vs_utility_balancer,9,player,utility_tunneler,2,tunnel_extend,"(-2, 1)","(-3, 1)",,0.1253,0.6294,0.5041,F,resource_fit:0.0833|tunnel_access_gain:0.0000|enemy_tunnel_threat:0.0208|own_tunnel_pressure:-0.0250|collapse_risk:-0.0000|territory_pressure:0.0462|opportunity_cost:-0.5041
4,utility_tunneler_vs_utility_balancer,9,player,utility_tunneler,2,tunnel_extend,"(-3, 1)","(-2, 0)",,0.1253,0.6294,0.5041,F,resource_fit:0.0833|tunnel_access_gain:0.0000|enemy_tunnel_threat:0.0208|own_tunnel_pressure:-0.0250|collapse_risk:-0.0000|territory_pressure:0.0462|opportunity_cost:-0.5041
4,utility_tunneler_vs_utility_balancer,9,player,utility_tunneler,2,tunnel_extend,"(-2, -1)","(-2, 0)",,0.1837,0.6294,0.4458,F,resource_fit:0.0833|tunnel_access_gain:0.0583|enemy_tunnel_threat:0.0208|own_tunnel_pressure:-0.0250|collapse_risk:-0.0000|territory_pressure:0.0462|opportunity_cost:-0.4458
4,utility_tunneler_vs_utility_balancer,9,player,utility_tunneler,2,tunnel_extend,"(-2, 1)","(-2, 0)",,0.1253,0.6294,0.5041,F,resource_fit:0.0833|tunnel_access_gain:0.0000|enemy_tunnel_threat:0.0208|own_tunnel_pressure:-0.0250|collapse_risk:-0.0000|territory_pressure:0.0462|opportunity_cost:-0.5041
4,utility_tunneler_vs_utility_balancer,9,player,utility_tunneler,2,tunnel_extend,"(-1, -1)","(-2, 0)",,0.1837,0.6294,0.4458,F,resource_fit:0.0833|tunnel_access_gain:0.0583|enemy_tunnel_threat:0.0208|own_tunnel_pressure:-0.0250|collapse_risk:-0.0000|territory_pressure:0.0462|opportunity_cost:-0.4458
4,utility_tunneler_vs_utility_balancer,9,player,utility_tunneler,2,tunnel_extend,"(-1, 0)","(-2, 0)",,0.1253,0.6294,0.5041,F,resource_fit:0.0833|tunnel_access_gain:0.0000|enemy_tunnel_threat:0.0208|own_tunnel_pressure:-0.0250|collapse_risk:-0.0000|territory_pressure:0.0462|opportunity_cost:-0.5041
4,utility_tunneler_vs_utility_balancer,9,player,utility_tunneler,2,tunnel_extend,"(-3, 1)","(-2, 1)",,0.1253,0.6294,0.5041,F,resource_fit:0.0833|tunnel_access_gain:0.0000|enemy_tunnel_threat:0.0208|own_tunnel_pressure:-0.0250|collapse_risk:-0.0000|territory_pressure:0.0462|opportunity_cost:-0.5041
4,utility_tunneler_vs_utility_balancer,9,player,utility_tunneler,2,tunnel_extend,"(-2, 0)","(-2, 1)",,0.1253,0.6294,0.5041,F,resource_fit:0.0833|tunnel_access_gain:0.0000|enemy_tunnel_threat:0.0208|own_tunnel_pressure:-0.0250|collapse_risk:-0.0000|territory_pressure:0.0462|opportunity_cost:-0.5041
4,utility_tunneler_vs_utility_balancer,9,player,utility_tunneler,2,tunnel_extend,"(-1, 0)","(-2, 1)",,0.1253,0.6294,0.5041,F,resource_fit:0.0833|tunnel_access_gain:0.0000|enemy_tunnel_threat:0.0208|own_tunnel_pressure:-0.0250|collapse_risk:-0.0000|territory_pressure:0.0462|opportunity_cost:-0.5041
4,utility_tunneler_vs_utility_balancer,9,player,utility_tunneler,2,tunnel_extend,"(-1, 1)","(-2, 1)",,0.1837,0.6294,0.4458,F,resource_fit:0.0833|tunnel_access_gain:0.0583|enemy_tunnel_threat:0.0208|own_tunnel_pressure:-0.0250|collapse_risk:-0.0000|territory_pressure:0.0462|opportunity_cost:-0.4458
4,utility_tunneler_vs_utility_balancer,9,player,utility_tunneler,2,tunnel_extend,"(-2, 0)","(-1, 0)",,0.1253,0.6294,0.5041,F,resource_fit:0.0833|tunnel_access_gain:0.0000|enemy_tunnel_threat:0.0208|own_tunnel_pressure:-0.0250|collapse_risk:-0.0000|territory_pressure:0.0462|opportunity_cost:-0.5041
4,utility_tunneler_vs_utility_balancer,9,player,utility_tunneler,2,tunnel_extend,"(-2, 1)","(-1, 0)",,0.1253,0.6294,0.5041,F,resource_fit:0.0833|tunnel_access_gain:0.0000|enemy_tunnel_threat:0.0208|own_tunnel_pressure:-0.0250|collapse_risk:-0.0000|territory_pressure:0.0462|opportunity_cost:-0.5041
4,utility_tunneler_vs_utility_balancer,9,player,utility_tunneler,2,tunnel_extend,"(-1, -1)","(-1, 0)",,0.1837,0.6294,0.4458,F,resource_fit:0.0833|tunnel_access_gain:0.0583|enemy_tunnel_threat:0.0208|own_tunnel_pressure:-0.0250|collapse_risk:-0.0000|territory_pressure:0.0462|opportunity_cost:-0.4458
4,utility_tunneler_vs_utility_balancer,9,player,utility_tunneler,2,tunnel_extend,"(-1, 1)","(-1, 0)",,0.1837,0.6294,0.4458,F,resource_fit:0.0833|tunnel_access_gain:0.0583|enemy_tunnel_threat:0.0208|own_tunnel_pressure:-0.0250|collapse_risk:-0.0000|territory_pressure:0.0462|opportunity_cost:-0.4458
4,utility_tunneler_vs_utility_balancer,9,player,utility_tunneler,2,tunnel_extend,"(0, -1)","(-1, 0)",,0.1253,0.6294,0.5041,F,resource_fit:0.0833|tunnel_access_gain:0.0000|enemy_tunnel_threat:0.0208|own_tunnel_pressure:-0.0250|collapse_risk:-0.0000|territory_pressure:0.0462|opportunity_cost:-0.5041
4,utility_tunneler_vs_utility_balancer,9,player,utility_tunneler,2,tunnel_extend,"(0, 0)","(-1, 0)",,0.1837,0.6294,0.4458,F,resource_fit:0.0833|tunnel_access_gain:0.0583|enemy_tunnel_threat:0.0208|own_tunnel_pressure:-0.0250|collapse_risk:-0.0000|territory_pressure:0.0462|opportunity_cost:-0.4458
4,utility_tunneler_vs_utility_balancer,9,player,utility_tunneler,2,tunnel_extend,"(-1, -1)","(0, -1)",,0.1837,0.6294,0.4458,F,resource_fit:0.0833|tunnel_access_gain:0.0583|enemy_tunnel_threat:0.0208|own_tunnel_pressure:-0.0250|collapse_risk:-0.0000|territory_pressure:0.0462|opportunity_cost:-0.4458
4,utility_tunneler_vs_utility_balancer,9,player,utility_tunneler,2,tunnel_extend,"(-1, 0)","(0, -1)",,0.1253,0.6294,0.5041,F,resource_fit:0.0833|tunnel_access_gain:0.0000|enemy_tunnel_threat:0.0208|own_tunnel_pressure:-0.0250|collapse_risk:-0.0000|territory_pressure:0.0462|opportunity_cost:-0.5041
4,utility_tunneler_vs_utility_balancer,9,player,utility_tunneler,2,tunnel_extend,"(0, 0)","(0, -1)",,0.1837,0.6294,0.4458,F,resource_fit:0.0833|tunnel_access_gain:0.0583|enemy_tunnel_threat:0.0208|own_tunnel_pressure:-0.0250|collapse_risk:-0.0000|territory_pressure:0.0462|opportunity_cost:-0.4458
4,utility_tunneler_vs_utility_balancer,9,player,utility_tunneler,2,tunnel_extend,"(1, -1)","(0, -1)",,0.1837,0.6294,0.4458,F,resource_fit:0.0833|tunnel_access_gain:0.0583|enemy_tunnel_threat:0.0208|own_tunnel_pressure:-0.0250|collapse_risk:-0.0000|territory_pressure:0.0462|opportunity_cost:-0.4458
4,utility_tunneler_vs_utility_balancer,9,player,utility_tunneler,2,wait,,,,0.0,0.6294,0.6294,F,opportunity_cost:-0.6294
4,utility_tunneler_vs_utility_balancer,9,player,utility_tunneler,3,tunnel_entrance,"(-1, -1)",,,0.335,1.1097,0.7748,F,resource_fit:0.0833|tunnel_access_gain:0.2000|enemy_tunnel_threat:0.0125|collapse_risk:-0.0000|territory_pressure:0.0391|opportunity_cost:-0.7748
4,utility_tunneler_vs_utility_balancer,9,player,utility_tunneler,3,tunnel_entrance,"(0, 0)",,,0.285,1.1097,0.8248,F,resource_fit:0.0833|tunnel_access_gain:0.1500|enemy_tunnel_threat:0.0125|collapse_risk:-0.0000|territory_pressure:0.0391|opportunity_cost:-0.8248
4,utility_tunneler_vs_utility_balancer,9,player,utility_tunneler,3,tunnel_extend,"(-2, 0)","(-3, 1)",,0.1162,1.1097,0.9935,F,resource_fit:0.0833|tunnel_access_gain:0.0000|enemy_tunnel_threat:0.0187|own_tunnel_pressure:-0.0250|collapse_risk:-0.0000|territory_pressure:0.0391|opportunity_cost:-0.9935
4,utility_tunneler_vs_utility_balancer,9,player,utility_tunneler,3,tunnel_extend,"(-2, 1)","(-3, 1)",,0.1162,1.1097,0.9935,F,resource_fit:0.0833|tunnel_access_gain:0.0000|enemy_tunnel_threat:0.0187|own_tunnel_pressure:-0.0250|collapse_risk:-0.0000|territory_pressure:0.0391|opportunity_cost:-0.9935
4,utility_tunneler_vs_utility_balancer,9,player,utility_tunneler,3,tunnel_extend,"(-3, 1)","(-2, 0)",,0.1162,1.1097,0.9935,F,resource_fit:0.0833|tunnel_access_gain:0.0000|enemy_tunnel_threat:0.0187|own_tunnel_pressure:-0.0250|collapse_risk:-0.0000|territory_pressure:0.0391|opportunity_cost:-0.9935
4,utility_tunneler_vs_utility_balancer,9,player,utility_tunneler,3,tunnel_extend,"(-2, -1)","(-2, 0)",,0.1745,1.1097,0.9352,F,resource_fit:0.0833|tunnel_access_gain:0.0583|enemy_tunnel_threat:0.0187|own_tunnel_pressure:-0.0250|collapse_risk:-0.0000|territory_pressure:0.0391|opportunity_cost:-0.9352
4,utility_tunneler_vs_utility_balancer,9,player,utility_tunneler,3,tunnel_extend,"(-2, 1)","(-2, 0)",,0.1162,1.1097,0.9935,F,resource_fit:0.0833|tunnel_access_gain:0.0000|enemy_tunnel_threat:0.0187|own_tunnel_pressure:-0.0250|collapse_risk:-0.0000|territory_pressure:0.0391|opportunity_cost:-0.9935
4,utility_tunneler_vs_utility_balancer,9,player,utility_tunneler,3,tunnel_extend,"(-1, -1)","(-2, 0)",,0.1745,1.1097,0.9352,F,resource_fit:0.0833|tunnel_access_gain:0.0583|enemy_tunnel_threat:0.0187|own_tunnel_pressure:-0.0250|collapse_risk:-0.0000|territory_pressure:0.0391|opportunity_cost:-0.9352
4,utility_tunneler_vs_utility_balancer,9,player,utility_tunneler,3,tunnel_extend,"(-1, 0)","(-2, 0)",,0.1162,1.1097,0.9935,F,resource_fit:0.0833|tunnel_access_gain:0.0000|enemy_tunnel_threat:0.0187|own_tunnel_pressure:-0.0250|collapse_risk:-0.0000|territory_pressure:0.0391|opportunity_cost:-0.9935
4,utility_tunneler_vs_utility_balancer,9,player,utility_tunneler,3,tunnel_extend,"(-3, 1)","(-2, 1)",,0.1162,1.1097,0.9935,F,resource_fit:0.0833|tunnel_access_gain:0.0000|enemy_tunnel_threat:0.0187|own_tunnel_pressure:-0.0250|collapse_risk:-0.0000|territory_pressure:0.0391|opportunity_cost:-0.9935
4,utility_tunneler_vs_utility_balancer,9,player,utility_tunneler,3,tunnel_extend,"(-2, 0)","(-2, 1)",,0.1162,1.1097,0.9935,F,resource_fit:0.0833|tunnel_access_gain:0.0000|enemy_tunnel_threat:0.0187|own_tunnel_pressure:-0.0250|collapse_risk:-0.0000|territory_pressure:0.0391|opportunity_cost:-0.9935
4,utility_tunneler_vs_utility_balancer,9,player,utility_tunneler,3,tunnel_extend,"(-1, 0)","(-2, 1)",,0.1162,1.1097,0.9935,F,resource_fit:0.0833|tunnel_access_gain:0.0000|enemy_tunnel_threat:0.0187|own_tunnel_pressure:-0.0250|collapse_risk:-0.0000|territory_pressure:0.0391|opportunity_cost:-0.9935
4,utility_tunneler_vs_utility_balancer,9,player,utility_tunneler,3,tunnel_extend,"(-1, 1)","(-2, 1)",,0.1745,1.1097,0.9352,F,resource_fit:0.0833|tunnel_access_gain:0.0583|enemy_tunnel_threat:0.0187|own_tunnel_pressure:-0.0250|collapse_risk:-0.0000|territory_pressure:0.0391|opportunity_cost:-0.9352
4,utility_tunneler_vs_utility_balancer,9,player,utility_tunneler,3,tunnel_extend,"(-2, 0)","(-1, 0)",,0.1162,1.1097,0.9935,F,resource_fit:0.0833|tunnel_access_gain:0.0000|enemy_tunnel_threat:0.0187|own_tunnel_pressure:-0.0250|collapse_risk:-0.0000|territory_pressure:0.0391|opportunity_cost:-0.9935
4,utility_tunneler_vs_utility_balancer,9,player,utility_tunneler,3,tunnel_extend,"(-2, 1)","(-1, 0)",,0.1162,1.1097,0.9935,F,resource_fit:0.0833|tunnel_access_gain:0.0000|enemy_tunnel_threat:0.0187|own_tunnel_pressure:-0.0250|collapse_risk:-0.0000|territory_pressure:0.0391|opportunity_cost:-0.9935
4,utility_tunneler_vs_utility_balancer,9,player,utility_tunneler,3,tunnel_extend,"(-1, -1)","(-1, 0)",,0.1745,1.1097,0.9352,F,resource_fit:0.0833|tunnel_access_gain:0.0583|enemy_tunnel_threat:0.0187|own_tunnel_pressure:-0.0250|collapse_risk:-0.0000|territory_pressure:0.0391|opportunity_cost:-0.9352
4,utility_tunneler_vs_utility_balancer,9,player,utility_tunneler,3,tunnel_extend,"(-1, 1)","(-1, 0)",,0.1745,1.1097,0.9352,F,resource_fit:0.0833|tunnel_access_gain:0.0583|enemy_tunnel_threat:0.0187|own_tunnel_pressure:-0.0250|collapse_risk:-0.0000|territory_pressure:0.0391|opportunity_cost:-0.9352
4,utility_tunneler_vs_utility_balancer,9,player,utility_tunneler,3,tunnel_extend,"(0, -1)","(-1, 0)",,0.1162,1.1097,0.9935,F,resource_fit:0.0833|tunnel_access_gain:0.0000|enemy_tunnel_threat:0.0187|own_tunnel_pressure:-0.0250|collapse_risk:-0.0000|territory_pressure:0.0391|opportunity_cost:-0.9935
4,utility_tunneler_vs_utility_balancer,9,player,utility_tunneler,3,tunnel_extend,"(0, 0)","(-1, 0)",,0.1745,1.1097,0.9352,F,resource_fit:0.0833|tunnel_access_gain:0.0583|enemy_tunnel_threat:0.0187|own_tunnel_pressure:-0.0250|collapse_risk:-0.0000|territory_pressure:0.0391|opportunity_cost:-0.9352
4,utility_tunneler_vs_utility_balancer,9,player,utility_tunneler,3,tunnel_extend,"(-1, -1)","(0, -1)",,0.1745,1.1097,0.9352,F,resource_fit:0.0833|tunnel_access_gain:0.0583|enemy_tunnel_threat:0.0187|own_tunnel_pressure:-0.0250|collapse_risk:-0.0000|territory_pressure:0.0391|opportunity_cost:-0.9352
4,utility_tunneler_vs_utility_balancer,9,player,utility_tunneler,3,tunnel_extend,"(-1, 0)","(0, -1)",,0.1162,1.1097,0.9935,F,resource_fit:0.0833|tunnel_access_gain:0.0000|enemy_tunnel_threat:0.0187|own_tunnel_pressure:-0.0250|collapse_risk:-0.0000|territory_pressure:0.0391|opportunity_cost:-0.9935
4,utility_tunneler_vs_utility_balancer,9,player,utility_tunneler,3,tunnel_extend,"(0, 0)","(0, -1)",,0.1745,1.1097,0.9352,F,resource_fit:0.0833|tunnel_access_gain:0.0583|enemy_tunnel_threat:0.0187|own_tunnel_pressure:-0.0250|collapse_risk:-0.0000|territory_pressure:0.0391|opportunity_cost:-0.9352
4,utility_tunneler_vs_utility_balancer,9,player,utility_tunneler,3,tunnel_extend,"(1, -1)","(0, -1)",,0.1745,1.1097,0.9352,F,resource_fit:0.0833|tunnel_access_gain:0.0583|enemy_tunnel_threat:0.0187|own_tunnel_pressure:-0.0250|collapse_risk:-0.0000|territory_pressure:0.0391|opportunity_cost:-0.9352
4,utility_tunneler_vs_utility_balancer,9,player,utility_tunneler,3,wait,,,,0.0,1.1097,1.1097,F,opportunity_cost:-1.1097
4,utility_tunneler_vs_utility_balancer,10,player,utility_tunneler,1,tunnel_entrance,"(-2, -1)",,,0.4005,1.5821,1.1815,F,resource_fit:0.1875|tunnel_access_gain:0.1500|enemy_tunnel_threat:0.0125|collapse_risk:-0.0000|territory_pressure:0.0505|opportunity_cost:-1.1815
4,utility_tunneler_vs_utility_balancer,10,player,utility_tunneler,1,tunnel_entrance,"(-1, -1)",,,0.4505,1.5821,1.1315,F,resource_fit:0.1875|tunnel_access_gain:0.2000|enemy_tunnel_threat:0.0125|collapse_risk:-0.0000|territory_pressure:0.0505|opportunity_cost:-1.1315
4,utility_tunneler_vs_utility_balancer,10,player,utility_tunneler,1,tunnel_entrance,"(0, 0)",,,0.4005,1.5821,1.1815,F,resource_fit:0.1875|tunnel_access_gain:0.1500|enemy_tunnel_threat:0.0125|collapse_risk:-0.0000|territory_pressure:0.0505|opportunity_cost:-1.1815
4,utility_tunneler_vs_utility_balancer,10,player,utility_tunneler,1,tunnel_extend,"(-2, 0)","(-3, 1)",,0.2109,1.5821,1.3711,F,resource_fit:0.1667|tunnel_access_gain:0.0000|enemy_tunnel_threat:0.0187|own_tunnel_pressure:-0.0250|collapse_risk:-0.0000|territory_pressure:0.0505|opportunity_cost:-1.3711
4,utility_tunneler_vs_utility_balancer,10,player,utility_tunneler,1,tunnel_extend,"(-2, 1)","(-3, 1)",,0.2109,1.5821,1.3711,F,resource_fit:0.1667|tunnel_access_gain:0.0000|enemy_tunnel_threat:0.0187|own_tunnel_pressure:-0.0250|collapse_risk:-0.0000|territory_pressure:0.0505|opportunity_cost:-1.3711
4,utility_tunneler_vs_utility_balancer,10,player,utility_tunneler,1,tunnel_extend,"(-3, 1)","(-2, 0)",,0.2109,1.5821,1.3711,F,resource_fit:0.1667|tunnel_access_gain:0.0000|enemy_tunnel_threat:0.0187|own_tunnel_pressure:-0.0250|collapse_risk:-0.0000|territory_pressure:0.0505|opportunity_cost:-1.3711
4,utility_tunneler_vs_utility_balancer,10,player,utility_tunneler,1,tunnel_extend,"(-2, -1)","(-2, 0)",,0.2693,1.5821,1.3128,F,resource_fit:0.1667|tunnel_access_gain:0.0583|enemy_tunnel_threat:0.0187|own_tunnel_pressure:-0.0250|collapse_risk:-0.0000|territory_pressure:0.0505|opportunity_cost:-1.3128
4,utility_tunneler_vs_utility_balancer,10,player,utility_tunneler,1,tunnel_extend,"(-2, 1)","(-2, 0)",,0.2109,1.5821,1.3711,F,resource_fit:0.1667|tunnel_access_gain:0.0000|enemy_tunnel_threat:0.0187|own_tunnel_pressure:-0.0250|collapse_risk:-0.0000|territory_pressure:0.0505|opportunity_cost:-1.3711
4,utility_tunneler_vs_utility_balancer,10,player,utility_tunneler,1,tunnel_extend,"(-1, -1)","(-2, 0)",,0.2693,1.5821,1.3128,F,resource_fit:0.1667|tunnel_access_gain:0.0583|enemy_tunnel_threat:0.0187|own_tunnel_pressure:-0.0250|collapse_risk:-0.0000|territory_pressure:0.0505|opportunity_cost:-1.3128
4,utility_tunneler_vs_utility_balancer,10,player,utility_tunneler,1,tunnel_extend,"(-1, 0)","(-2, 0)",,0.2109,1.5821,1.3711,F,resource_fit:0.1667|tunnel_access_gain:0.0000|enemy_tunnel_threat:0.0187|own_tunnel_pressure:-0.0250|collapse_risk:-0.0000|territory_pressure:0.0505|opportunity_cost:-1.3711
4,utility_tunneler_vs_utility_balancer,10,player,utility_tunneler,1,tunnel_extend,"(-3, 1)","(-2, 1)",,0.2109,1.5821,1.3711,F,resource_fit:0.1667|tunnel_access_gain:0.0000|enemy_tunnel_threat:0.0187|own_tunnel_pressure:-0.0250|collapse_risk:-0.0000|territory_pressure:0.0505|opportunity_cost:-1.3711
4,utility_tunneler_vs_utility_balancer,10,player,utility_tunneler,1,tunnel_extend,"(-2, 0)","(-2, 1)",,0.2109,1.5821,1.3711,F,resource_fit:0.1667|tunnel_access_gain:0.0000|enemy_tunnel_threat:0.0187|own_tunnel_pressure:-0.0250|collapse_risk:-0.0000|territory_pressure:0.0505|opportunity_cost:-1.3711
4,utility_tunneler_vs_utility_balancer,10,player,utility_tunneler,1,tunnel_extend,"(-2, 2)","(-2, 1)",,0.2693,1.5821,1.3128,F,resource_fit:0.1667|tunnel_access_gain:0.0583|enemy_tunnel_threat:0.0187|own_tunnel_pressure:-0.0250|collapse_risk:-0.0000|territory_pressure:0.0505|opportunity_cost:-1.3128
4,utility_tunneler_vs_utility_balancer,10,player,utility_tunneler,1,tunnel_extend,"(-1, 0)","(-2, 1)",,0.2109,1.5821,1.3711,F,resource_fit:0.1667|tunnel_access_gain:0.0000|enemy_tunnel_threat:0.0187|own_tunnel_pressure:-0.0250|collapse_risk:-0.0000|territory_pressure:0.0505|opportunity_cost:-1.3711
4,utility_tunneler_vs_utility_balancer,10,player,utility_tunneler,1,tunnel_extend,"(-1, 1)","(-2, 1)",,0.2693,1.5821,1.3128,F,resource_fit:0.1667|tunnel_access_gain:0.0583|enemy_tunnel_threat:0.0187|own_tunnel_pressure:-0.0250|collapse_risk:-0.0000|territory_pressure:0.0505|opportunity_cost:-1.3128
4,utility_tunneler_vs_utility_balancer,10,player,utility_tunneler,1,tunnel_extend,"(-2, 0)","(-1, 0)",,0.2109,1.5821,1.3711,F,resource_fit:0.1667|tunnel_access_gain:0.0000|enemy_tunnel_threat:0.0187|own_tunnel_pressure:-0.0250|collapse_risk:-0.0000|territory_pressure:0.0505|opportunity_cost:-1.3711
4,utility_tunneler_vs_utility_balancer,10,player,utility_tunneler,1,tunnel_extend,"(-2, 1)","(-1, 0)",,0.2109,1.5821,1.3711,F,resource_fit:0.1667|tunnel_access_gain:0.0000|enemy_tunnel_threat:0.0187|own_tunnel_pressure:-0.0250|collapse_risk:-0.0000|territory_pressure:0.0505|opportunity_cost:-1.3711
4,utility_tunneler_vs_utility_balancer,10,player,utility_tunneler,1,tunnel_extend,"(-1, -1)","(-1, 0)",,0.2693,1.5821,1.3128,F,resource_fit:0.1667|tunnel_access_gain:0.0583|enemy_tunnel_threat:0.0187|own_tunnel_pressure:-0.0250|collapse_risk:-0.0000|territory_pressure:0.0505|opportunity_cost:-1.3128
4,utility_tunneler_vs_utility_balancer,10,player,utility_tunneler,1,tunnel_extend,"(-1, 1)","(-1, 0)",,0.2693,1.5821,1.3128,F,resource_fit:0.1667|tunnel_access_gain:0.0583|enemy_tunnel_threat:0.0187|own_tunnel_pressure:-0.0250|collapse_risk:-0.0000|territory_pressure:0.0505|opportunity_cost:-1.3128
4,utility_tunneler_vs_utility_balancer,10,player,utility_tunneler,1,tunnel_extend,"(0, -1)","(-1, 0)",,0.2109,1.5821,1.3711,F,resource_fit:0.1667|tunnel_access_gain:0.0000|enemy_tunnel_threat:0.0187|own_tunnel_pressure:-0.0250|collapse_risk:-0.0000|territory_pressure:0.0505|opportunity_cost:-1.3711
4,utility_tunneler_vs_utility_balancer,10,player,utility_tunneler,1,tunnel_extend,"(0, 0)","(-1, 0)",,0.2693,1.5821,1.3128,F,resource_fit:0.1667|tunnel_access_gain:0.0583|enemy_tunnel_threat:0.0187|own_tunnel_pressure:-0.0250|collapse_risk:-0.0000|territory_pressure:0.0505|opportunity_cost:-1.3128
4,utility_tunneler_vs_utility_balancer,10,player,utility_tunneler,1,tunnel_extend,"(-1, -1)","(0, -1)",,0.2693,1.5821,1.3128,F,resource_fit:0.1667|tunnel_access_gain:0.0583|enemy_tunnel_threat:0.0187|own_tunnel_pressure:-0.0250|collapse_risk:-0.0000|territory_pressure:0.0505|opportunity_cost:-1.3128
4,utility_tunneler_vs_utility_balancer,10,player,utility_tunneler,1,tunnel_extend,"(-1, 0)","(0, -1)",,0.2109,1.5821,1.3711,F,resource_fit:0.1667|tunnel_access_gain:0.0000|enemy_tunnel_threat:0.0187|own_tunnel_pressure:-0.0250|collapse_risk:-0.0000|territory_pressure:0.0505|opportunity_cost:-1.3711
4,utility_tunneler_vs_utility_balancer,10,player,utility_tunneler,1,tunnel_extend,"(0, 0)","(0, -1)",,0.2693,1.5821,1.3128,F,resource_fit:0.1667|tunnel_access_gain:0.0583|enemy_tunnel_threat:0.0187|own_tunnel_pressure:-0.0250|collapse_risk:-0.0000|territory_pressure:0.0505|opportunity_cost:-1.3128
4,utility_tunneler_vs_utility_balancer,10,player,utility_tunneler,1,tunnel_extend,"(1, -1)","(0, -1)",,0.2693,1.5821,1.3128,F,resource_fit:0.1667|tunnel_access_gain:0.0583|enemy_tunnel_threat:0.0187|own_tunnel_pressure:-0.0250|collapse_risk:-0.0000|territory_pressure:0.0505|opportunity_cost:-1.3128
4,utility_tunneler_vs_utility_balancer,10,player,utility_tunneler,1,wait,,,,0.0,1.5821,1.5821,F,opportunity_cost:-1.5821
4,utility_tunneler_vs_utility_balancer,10,player,utility_tunneler,2,tunnel_entrance,"(-2, -1)",,,0.3342,1.0024,0.6682,F,resource_fit:0.1250|tunnel_access_gain:0.1500|enemy_tunnel_threat:0.0114|collapse_risk:-0.0000|territory_pressure:0.0478|opportunity_cost:-0.6682
4,utility_tunneler_vs_utility_balancer,10,player,utility_tunneler,2,tunnel_entrance,"(-1, -1)",,,0.3842,1.0024,0.6182,F,resource_fit:0.1250|tunnel_access_gain:0.2000|enemy_tunnel_threat:0.0114|collapse_risk:-0.0000|territory_pressure:0.0478|opportunity_cost:-0.6182
4,utility_tunneler_vs_utility_balancer,10,player,utility_tunneler,2,tunnel_entrance,"(0, 0)",,,0.3342,1.0024,0.6682,F,resource_fit:0.1250|tunnel_access_gain:0.1500|enemy_tunnel_threat:0.0114|collapse_risk:-0.0000|territory_pressure:0.0478|opportunity_cost:-0.6682
4,utility_tunneler_vs_utility_balancer,10,player,utility_tunneler,2,tunnel_extend,"(-3, 2)","(-3, 1)",,0.2149,1.0024,0.7875,F,resource_fit:0.1167|tunnel_access_gain:0.0583|enemy_tunnel_threat:0.0170|own_tunnel_pressure:-0.0250|collapse_risk:-0.0000|territory_pressure:0.0478|opportunity_cost:-0.7875
4,utility_tunneler_vs_utility_balancer,10,player,utility_tunneler,2,tunnel_extend,"(-2, 0)","(-3, 1)",,0.1565,1.0024,0.8459,F,resource_fit:0.1167|tunnel_access_gain:0.0000|enemy_tunnel_threat:0.0170|own_tunnel_pressure:-0.0250|collapse_risk:-0.0000|territory_pressure:0.0478|opportunity_cost:-0.8459
4,utility_tunneler_vs_utility_balancer,10,player,utility_tunneler,2,tunnel_extend,"(-2, 1)","(-3, 1)",,0.1565,1.0024,0.8459,F,resource_fit:0.1167|tunnel_access_gain:0.0000|enemy_tunnel_threat:0.0170|own_tunnel_pressure:-0.0250|collapse_risk:-0.0000|territory_pressure:0.0478|opportunity_cost:-0.8459
4,utility_tunneler_vs_utility_balancer,10,player,utility_tunneler,2,tunnel_extend,"(-3, 1)","(-2, 0)",,0.1565,1.0024,0.8459,F,resource_fit:0.1167|tunnel_access_gain:0.0000|enemy_tunnel_threat:0.0170|own_tunnel_pressure:-0.0250|collapse_risk:-0.0000|territory_pressure:0.0478|opportunity_cost:-0.8459
4,utility_tunneler_vs_utility_balancer,10,player,utility_tunneler,2,tunnel_extend,"(-2, -1)","(-2, 0)",,0.2149,1.0024,0.7875,F,resource_fit:0.1167|tunnel_access_gain:0.0583|enemy_tunnel_threat:0.0170|own_tunnel_pressure:-0.0250|collapse_risk:-0.0000|territory_pressure:0.0478|opportunity_cost:-0.7875
4,utility_tunneler_vs_utility_balancer,10,player,utility_tunneler,2,tunnel_extend,"(-2, 1)","(-2, 0)",,0.1565,1.0024,0.8459,F,resource_fit:0.1167|tunnel_access_gain:0.0000|enemy_tunnel_threat:0.0170|own_tunnel_pressure:-0.0250|collapse_risk:-0.0000|territory_pressure:0.0478|opportunity_cost:-0.8459
4,utility_tunneler_vs_utility_balancer,10,player,utility_tunneler,2,tunnel_extend,"(-1, -1)","(-2, 0)",,0.2149,1.0024,0.7875,F,resource_fit:0.1167|tunnel_access_gain:0.0583|enemy_tunnel_threat:0.0170|own_tunnel_pressure:-0.0250|collapse_risk:-0.0000|territory_pressure:0.0478|opportunity_cost:-0.7875
4,utility_tunneler_vs_utility_balancer,10,player,utility_tunneler,2,tunnel_extend,"(-1, 0)","(-2, 0)",,0.1565,1.0024,0.8459,F,resource_fit:0.1167|tunnel_access_gain:0.0000|enemy_tunnel_threat:0.0170|own_tunnel_pressure:-0.0250|collapse_risk:-0.0000|territory_pressure:0.0478|opportunity_cost:-0.8459
4,utility_tunneler_vs_utility_balancer,10,player,utility_tunneler,2,tunnel_extend,"(-3, 1)","(-2, 1)",,0.1565,1.0024,0.8459,F,resource_fit:0.1167|tunnel_access_gain:0.0000|enemy_tunnel_threat:0.0170|own_tunnel_pressure:-0.0250|collapse_risk:-0.0000|territory_pressure:0.0478|opportunity_cost:-0.8459
4,utility_tunneler_vs_utility_balancer,10,player,utility_tunneler,2,tunnel_extend,"(-3, 2)","(-2, 1)",,0.2149,1.0024,0.7875,F,resource_fit:0.1167|tunnel_access_gain:0.0583|enemy_tunnel_threat:0.0170|own_tunnel_pressure:-0.0250|collapse_risk:-0.0000|territory_pressure:0.0478|opportunity_cost:-0.7875
4,utility_tunneler_vs_utility_balancer,10,player,utility_tunneler,2,tunnel_extend,"(-2, 0)","(-2, 1)",,0.1565,1.0024,0.8459,F,resource_fit:0.1167|tunnel_access_gain:0.0000|enemy_tunnel_threat:0.0170|own_tunnel_pressure:-0.0250|collapse_risk:-0.0000|territory_pressure:0.0478|opportunity_cost:-0.8459
4,utility_tunneler_vs_utility_balancer,10,player,utility_tunneler,2,tunnel_extend,"(-2, 2)","(-2, 1)",,0.2149,1.0024,0.7875,F,resource_fit:0.1167|tunnel_access_gain:0.0583|enemy_tunnel_threat:0.0170|own_tunnel_pressure:-0.0250|collapse_risk:-0.0000|territory_pressure:0.0478|opportunity_cost:-0.7875
4,utility_tunneler_vs_utility_balancer,10,player,utility_tunneler,2,tunnel_extend,"(-1, 0)","(-2, 1)",,0.1565,1.0024,0.8459,F,resource_fit:0.1167|tunnel_access_gain:0.0000|enemy_tunnel_threat:0.0170|own_tunnel_pressure:-0.0250|collapse_risk:-0.0000|territory_pressure:0.0478|opportunity_cost:-0.8459
4,utility_tunneler_vs_utility_balancer,10,player,utility_tunneler,2,tunnel_extend,"(-1, 1)","(-2, 1)",,0.2149,1.0024,0.7875,F,resource_fit:0.1167|tunnel_access_gain:0.0583|enemy_tunnel_threat:0.0170|own_tunnel_pressure:-0.0250|collapse_risk:-0.0000|territory_pressure:0.0478|opportunity_cost:-0.7875
4,utility_tunneler_vs_utility_balancer,10,player,utility_tunneler,2,tunnel_extend,"(-2, 0)","(-1, 0)",,0.1565,1.0024,0.8459,F,resource_fit:0.1167|tunnel_access_gain:0.0000|enemy_tunnel_threat:0.0170|own_tunnel_pressure:-0.0250|collapse_risk:-0.0000|territory_pressure:0.0478|opportunity_cost:-0.8459
4,utility_tunneler_vs_utility_balancer,10,player,utility_tunneler,2,tunnel_extend,"(-2, 1)","(-1, 0)",,0.1565,1.0024,0.8459,F,resource_fit:0.1167|tunnel_access_gain:0.0000|enemy_tunnel_threat:0.0170|own_tunnel_pressure:-0.0250|collapse_risk:-0.0000|territory_pressure:0.0478|opportunity_cost:-0.8459
4,utility_tunneler_vs_utility_balancer,10,player,utility_tunneler,2,tunnel_extend,"(-1, -1)","(-1, 0)",,0.2149,1.0024,0.7875,F,resource_fit:0.1167|tunnel_access_gain:0.0583|enemy_tunnel_threat:0.0170|own_tunnel_pressure:-0.0250|collapse_risk:-0.0000|territory_pressure:0.0478|opportunity_cost:-0.7875
4,utility_tunneler_vs_utility_balancer,10,player,utility_tunneler,2,tunnel_extend,"(-1, 1)","(-1, 0)",,0.2149,1.0024,0.7875,F,resource_fit:0.1167|tunnel_access_gain:0.0583|enemy_tunnel_threat:0.0170|own_tunnel_pressure:-0.0250|collapse_risk:-0.0000|territory_pressure:0.0478|opportunity_cost:-0.7875
4,utility_tunneler_vs_utility_balancer,10,player,utility_tunneler,2,tunnel_extend,"(0, -1)","(-1, 0)",,0.1565,1.0024,0.8459,F,resource_fit:0.1167|tunnel_access_gain:0.0000|enemy_tunnel_threat:0.0170|own_tunnel_pressure:-0.0250|collapse_risk:-0.0000|territory_pressure:0.0478|opportunity_cost:-0.8459
4,utility_tunneler_vs_utility_balancer,10,player,utility_tunneler,2,tunnel_extend,"(0, 0)","(-1, 0)",,0.2149,1.0024,0.7875,F,resource_fit:0.1167|tunnel_access_gain:0.0583|enemy_tunnel_threat:0.0170|own_tunnel_pressure:-0.0250|collapse_risk:-0.0000|territory_pressure:0.0478|opportunity_cost:-0.7875
4,utility_tunneler_vs_utility_balancer,10,player,utility_tunneler,2,tunnel_extend,"(-1, -1)","(0, -1)",,0.2149,1.0024,0.7875,F,resource_fit:0.1167|tunnel_access_gain:0.0583|enemy_tunnel_threat:0.0170|own_tunnel_pressure:-0.0250|collapse_risk:-0.0000|territory_pressure:0.0478|opportunity_cost:-0.7875
4,utility_tunneler_vs_utility_balancer,10,player,utility_tunneler,2,tunnel_extend,"(-1, 0)","(0, -1)",,0.1565,1.0024,0.8459,F,resource_fit:0.1167|tunnel_access_gain:0.0000|enemy_tunnel_threat:0.0170|own_tunnel_pressure:-0.0250|collapse_risk:-0.0000|territory_pressure:0.0478|opportunity_cost:-0.8459
4,utility_tunneler_vs_utility_balancer,10,player,utility_tunneler,2,tunnel_extend,"(0, 0)","(0, -1)",,0.2149,1.0024,0.7875,F,resource_fit:0.1167|tunnel_access_gain:0.0583|enemy_tunnel_threat:0.0170|own_tunnel_pressure:-0.0250|collapse_risk:-0.0000|territory_pressure:0.0478|opportunity_cost:-0.7875
4,utility_tunneler_vs_utility_balancer,10,player,utility_tunneler,2,tunnel_extend,"(1, -1)","(0, -1)",,0.2149,1.0024,0.7875,F,resource_fit:0.1167|tunnel_access_gain:0.0583|enemy_tunnel_threat:0.0170|own_tunnel_pressure:-0.0250|collapse_risk:-0.0000|territory_pressure:0.0478|opportunity_cost:-0.7875
4,utility_tunneler_vs_utility_balancer,10,player,utility_tunneler,2,wait,,,,0.0,1.0024,1.0024,F,opportunity_cost:-1.0024
4,utility_tunneler_vs_utility_balancer,10,player,utility_tunneler,3,tunnel_entrance,"(-2, -1)",,,0.3342,0.56,0.2258,F,resource_fit:0.1250|tunnel_access_gain:0.1500|enemy_tunnel_threat:0.0114|collapse_risk:-0.0000|territory_pressure:0.0478|opportunity_cost:-0.2258
4,utility_tunneler_vs_utility_balancer,10,player,utility_tunneler,3,tunnel_entrance,"(-1, -1)",,,0.3842,0.56,0.1758,F,resource_fit:0.1250|tunnel_access_gain:0.2000|enemy_tunnel_threat:0.0114|collapse_risk:-0.0000|territory_pressure:0.0478|opportunity_cost:-0.1758
4,utility_tunneler_vs_utility_balancer,10,player,utility_tunneler,3,tunnel_entrance,"(0, 0)",,,0.3342,0.56,0.2258,F,resource_fit:0.1250|tunnel_access_gain:0.1500|enemy_tunnel_threat:0.0114|collapse_risk:-0.0000|territory_pressure:0.0478|opportunity_cost:-0.2258
4,utility_tunneler_vs_utility_balancer,10,player,utility_tunneler,3,tunnel_extend,"(-3, 2)","(-3, 1)",,0.2149,0.56,0.3451,F,resource_fit:0.1167|tunnel_access_gain:0.0583|enemy_tunnel_threat:0.0170|own_tunnel_pressure:-0.0250|collapse_risk:-0.0000|territory_pressure:0.0478|opportunity_cost:-0.3451
4,utility_tunneler_vs_utility_balancer,10,player,utility_tunneler,3,tunnel_extend,"(-2, 0)","(-3, 1)",,0.1565,0.56,0.4035,F,resource_fit:0.1167|tunnel_access_gain:0.0000|enemy_tunnel_threat:0.0170|own_tunnel_pressure:-0.0250|collapse_risk:-0.0000|territory_pressure:0.0478|opportunity_cost:-0.4035
4,utility_tunneler_vs_utility_balancer,10,player,utility_tunneler,3,tunnel_extend,"(-2, 1)","(-3, 1)",,0.1565,0.56,0.4035,F,resource_fit:0.1167|tunnel_access_gain:0.0000|enemy_tunnel_threat:0.0170|own_tunnel_pressure:-0.0250|collapse_risk:-0.0000|territory_pressure:0.0478|opportunity_cost:-0.4035
4,utility_tunneler_vs_utility_balancer,10,player,utility_tunneler,3,tunnel_extend,"(-3, 1)","(-2, 0)",,0.1565,0.56,0.4035,F,resource_fit:0.1167|tunnel_access_gain:0.0000|enemy_tunnel_threat:0.0170|own_tunnel_pressure:-0.0250|collapse_risk:-0.0000|territory_pressure:0.0478|opportunity_cost:-0.4035
4,utility_tunneler_vs_utility_balancer,10,player,utility_tunneler,3,tunnel_extend,"(-2, -1)","(-2, 0)",,0.2149,0.56,0.3451,F,resource_fit:0.1167|tunnel_access_gain:0.0583|enemy_tunnel_threat:0.0170|own_tunnel_pressure:-0.0250|collapse_risk:-0.0000|territory_pressure:0.0478|opportunity_cost:-0.3451
4,utility_tunneler_vs_utility_balancer,10,player,utility_tunneler,3,tunnel_extend,"(-2, 1)","(-2, 0)",,0.1565,0.56,0.4035,F,resource_fit:0.1167|tunnel_access_gain:0.0000|enemy_tunnel_threat:0.0170|own_tunnel_pressure:-0.0250|collapse_risk:-0.0000|territory_pressure:0.0478|opportunity_cost:-0.4035
4,utility_tunneler_vs_utility_balancer,10,player,utility_tunneler,3,tunnel_extend,"(-1, -1)","(-2, 0)",,0.2149,0.56,0.3451,F,resource_fit:0.1167|tunnel_access_gain:0.0583|enemy_tunnel_threat:0.0170|own_tunnel_pressure:-0.0250|collapse_risk:-0.0000|territory_pressure:0.0478|opportunity_cost:-0.3451
4,utility_tunneler_vs_utility_balancer,10,player,utility_tunneler,3,tunnel_extend,"(-1, 0)","(-2, 0)",,0.1565,0.56,0.4035,F,resource_fit:0.1167|tunnel_access_gain:0.0000|enemy_tunnel_threat:0.0170|own_tunnel_pressure:-0.0250|collapse_risk:-0.0000|territory_pressure:0.0478|opportunity_cost:-0.4035
4,utility_tunneler_vs_utility_balancer,10,player,utility_tunneler,3,tunnel_extend,"(-3, 1)","(-2, 1)",,0.1565,0.56,0.4035,F,resource_fit:0.1167|tunnel_access_gain:0.0000|enemy_tunnel_threat:0.0170|own_tunnel_pressure:-0.0250|collapse_risk:-0.0000|territory_pressure:0.0478|opportunity_cost:-0.4035
4,utility_tunneler_vs_utility_balancer,10,player,utility_tunneler,3,tunnel_extend,"(-3, 2)","(-2, 1)",,0.2149,0.56,0.3451,F,resource_fit:0.1167|tunnel_access_gain:0.0583|enemy_tunnel_threat:0.0170|own_tunnel_pressure:-0.0250|collapse_risk:-0.0000|territory_pressure:0.0478|opportunity_cost:-0.3451
4,utility_tunneler_vs_utility_balancer,10,player,utility_tunneler,3,tunnel_extend,"(-2, 0)","(-2, 1)",,0.1565,0.56,0.4035,F,resource_fit:0.1167|tunnel_access_gain:0.0000|enemy_tunnel_threat:0.0170|own_tunnel_pressure:-0.0250|collapse_risk:-0.0000|territory_pressure:0.0478|opportunity_cost:-0.4035
4,utility_tunneler_vs_utility_balancer,10,player,utility_tunneler,3,tunnel_extend,"(-2, 2)","(-2, 1)",,0.2149,0.56,0.3451,F,resource_fit:0.1167|tunnel_access_gain:0.0583|enemy_tunnel_threat:0.0170|own_tunnel_pressure:-0.0250|collapse_risk:-0.0000|territory_pressure:0.0478|opportunity_cost:-0.3451
4,utility_tunneler_vs_utility_balancer,10,player,utility_tunneler,3,tunnel_extend,"(-1, 0)","(-2, 1)",,0.1565,0.56,0.4035,F,resource_fit:0.1167|tunnel_access_gain:0.0000|enemy_tunnel_threat:0.0170|own_tunnel_pressure:-0.0250|collapse_risk:-0.0000|territory_pressure:0.0478|opportunity_cost:-0.4035
4,utility_tunneler_vs_utility_balancer,10,player,utility_tunneler,3,tunnel_extend,"(-1, 1)","(-2, 1)",,0.2149,0.56,0.3451,F,resource_fit:0.1167|tunnel_access_gain:0.0583|enemy_tunnel_threat:0.0170|own_tunnel_pressure:-0.0250|collapse_risk:-0.0000|territory_pressure:0.0478|opportunity_cost:-0.3451
4,utility_tunneler_vs_utility_balancer,10,player,utility_tunneler,3,tunnel_extend,"(-2, 0)","(-1, 0)",,0.1565,0.56,0.4035,F,resource_fit:0.1167|tunnel_access_gain:0.0000|enemy_tunnel_threat:0.0170|own_tunnel_pressure:-0.0250|collapse_risk:-0.0000|territory_pressure:0.0478|opportunity_cost:-0.4035
4,utility_tunneler_vs_utility_balancer,10,player,utility_tunneler,3,tunnel_extend,"(-2, 1)","(-1, 0)",,0.1565,0.56,0.4035,F,resource_fit:0.1167|tunnel_access_gain:0.0000|enemy_tunnel_threat:0.0170|own_tunnel_pressure:-0.0250|collapse_risk:-0.0000|territory_pressure:0.0478|opportunity_cost:-0.4035
4,utility_tunneler_vs_utility_balancer,10,player,utility_tunneler,3,tunnel_extend,"(-1, -1)","(-1, 0)",,0.2149,0.56,0.3451,F,resource_fit:0.1167|tunnel_access_gain:0.0583|enemy_tunnel_threat:0.0170|own_tunnel_pressure:-0.0250|collapse_risk:-0.0000|territory_pressure:0.0478|opportunity_cost:-0.3451
4,utility_tunneler_vs_utility_balancer,10,player,utility_tunneler,3,tunnel_extend,"(-1, 1)","(-1, 0)",,0.2149,0.56,0.3451,F,resource_fit:0.1167|tunnel_access_gain:0.0583|enemy_tunnel_threat:0.0170|own_tunnel_pressure:-0.0250|collapse_risk:-0.0000|territory_pressure:0.0478|opportunity_cost:-0.3451
4,utility_tunneler_vs_utility_balancer,10,player,utility_tunneler,3,tunnel_extend,"(0, -1)","(-1, 0)",,0.1565,0.56,0.4035,F,resource_fit:0.1167|tunnel_access_gain:0.0000|enemy_tunnel_threat:0.0170|own_tunnel_pressure:-0.0250|collapse_risk:-0.0000|territory_pressure:0.0478|opportunity_cost:-0.4035
4,utility_tunneler_vs_utility_balancer,10,player,utility_tunneler,3,tunnel_extend,"(0, 0)","(-1, 0)",,0.2149,0.56,0.3451,F,resource_fit:0.1167|tunnel_access_gain:0.0583|enemy_tunnel_threat:0.0170|own_tunnel_pressure:-0.0250|collapse_risk:-0.0000|territory_pressure:0.0478|opportunity_cost:-0.3451
4,utility_tunneler_vs_utility_balancer,10,player,utility_tunneler,3,tunnel_extend,"(-1, -1)","(0, -1)",,0.2149,0.56,0.3451,F,resource_fit:0.1167|tunnel_access_gain:0.0583|enemy_tunnel_threat:0.0170|own_tunnel_pressure:-0.0250|collapse_risk:-0.0000|territory_pressure:0.0478|opportunity_cost:-0.3451
4,utility_tunneler_vs_utility_balancer,10,player,utility_tunneler,3,tunnel_extend,"(-1, 0)","(0, -1)",,0.1565,0.56,0.4035,F,resource_fit:0.1167|tunnel_access_gain:0.0000|enemy_tunnel_threat:0.0170|own_tunnel_pressure:-0.0250|collapse_risk:-0.0000|territory_pressure:0.0478|opportunity_cost:-0.4035
4,utility_tunneler_vs_utility_balancer,10,player,utility_tunneler,3,tunnel_extend,"(0, 0)","(0, -1)",,0.2149,0.56,0.3451,F,resource_fit:0.1167|tunnel_access_gain:0.0583|enemy_tunnel_threat:0.0170|own_tunnel_pressure:-0.0250|collapse_risk:-0.0000|territory_pressure:0.0478|opportunity_cost:-0.3451
4,utility_tunneler_vs_utility_balancer,10,player,utility_tunneler,3,tunnel_extend,"(1, -1)","(0, -1)",,0.2149,0.56,0.3451,F,resource_fit:0.1167|tunnel_access_gain:0.0583|enemy_tunnel_threat:0.0170|own_tunnel_pressure:-0.0250|collapse_risk:-0.0000|territory_pressure:0.0478|opportunity_cost:-0.3451
4,utility_tunneler_vs_utility_balancer,10,player,utility_tunneler,3,wait,,,,0.0,0.56,0.56,F,opportunity_cost:-0.5600
4,utility_tunneler_vs_utility_balancer,11,player,utility_tunneler,1,tunnel_entrance,"(-3, 2)",,,0.2842,0.9993,0.7152,F,resource_fit:0.1250|tunnel_access_gain:0.1000|enemy_tunnel_threat:0.0114|collapse_risk:-0.0000|territory_pressure:0.0478|opportunity_cost:-0.7152
4,utility_tunneler_vs_utility_balancer,11,player,utility_tunneler,1,tunnel_entrance,"(-2, -1)",,,0.3342,0.9993,0.6652,F,resource_fit:0.1250|tunnel_access_gain:0.1500|enemy_tunnel_threat:0.0114|collapse_risk:-0.0000|territory_pressure:0.0478|opportunity_cost:-0.6652
4,utility_tunneler_vs_utility_balancer,11,player,utility_tunneler,1,tunnel_entrance,"(-1, -1)",,,0.3842,0.9993,0.6152,F,resource_fit:0.1250|tunnel_access_gain:0.2000|enemy_tunnel_threat:0.0114|collapse_risk:-0.0000|territory_pressure:0.0478|opportunity_cost:-0.6152
4,utility_tunneler_vs_utility_balancer,11,player,utility_tunneler,1,tunnel_entrance,"(0, 0)",,,0.3342,0.9993,0.6652,F,resource_fit:0.1250|tunnel_access_gain:0.1500|enemy_tunnel_threat:0.0114|collapse_risk:-0.0000|territory_pressure:0.0478|opportunity_cost:-0.6652
4,utility_tunneler_vs_utility_balancer,11,player,utility_tunneler,1,tunnel_entrance,"(1, -1)",,,0.2842,0.9993,0.7152,F,resource_fit:0.1250|tunnel_access_gain:0.1000|enemy_tunnel_threat:0.0114|collapse_risk:-0.0000|territory_pressure:0.0478|opportunity_cost:-0.7152
4,utility_tunneler_vs_utility_balancer,11,player,utility_tunneler,1,tunnel_extend,"(-3, 2)","(-3, 1)",,0.2065,0.9993,0.7928,F,resource_fit:0.1083|tunnel_access_gain:0.0583|enemy_tunnel_threat:0.0170|own_tunnel_pressure:-0.0250|collapse_risk:-0.0000|territory_pressure:0.0478|opportunity_cost:-0.7928
4,utility_tunneler_vs_utility_balancer,11,player,utility_tunneler,1,tunnel_extend,"(-2, 0)","(-3, 1)",,0.1482,0.9993,0.8511,F,resource_fit:0.1083|tunnel_access_gain:0.0000|enemy_tunnel_threat:0.0170|own_tunnel_pressure:-0.0250|collapse_risk:-0.0000|territory_pressure:0.0478|opportunity_cost:-0.8511
4,utility_tunneler_vs_utility_balancer,11,player,utility_tunneler,1,tunnel_extend,"(-2, 1)","(-3, 1)",,0.1482,0.9993,0.8511,F,resource_fit:0.1083|tunnel_access_gain:0.0000|enemy_tunnel_threat:0.0170|own_tunnel_pressure:-0.0250|collapse_risk:-0.0000|territory_pressure:0.0478|opportunity_cost:-0.8511
4,utility_tunneler_vs_utility_balancer,11,player,utility_tunneler,1,tunnel_extend,"(-3, 1)","(-2, 0)",,0.1482,0.9993,0.8511,F,resource_fit:0.1083|tunnel_access_gain:0.0000|enemy_tunnel_threat:0.0170|own_tunnel_pressure:-0.0250|collapse_risk:-0.0000|territory_pressure:0.0478|opportunity_cost:-0.8511
4,utility_tunneler_vs_utility_balancer,11,player,utility_tunneler,1,tunnel_extend,"(-2, -1)","(-2, 0)",,0.2065,0.9993,0.7928,F,resource_fit:0.1083|tunnel_access_gain:0.0583|enemy_tunnel_threat:0.0170|own_tunnel_pressure:-0.0250|collapse_risk:-0.0000|territory_pressure:0.0478|opportunity_cost:-0.7928
4,utility_tunneler_vs_utility_balancer,11,player,utility_tunneler,1,tunnel_extend,"(-2, 1)","(-2, 0)",,0.1482,0.9993,0.8511,F,resource_fit:0.1083|tunnel_access_gain:0.0000|enemy_tunnel_threat:0.0170|own_tunnel_pressure:-0.0250|collapse_risk:-0.0000|territory_pressure:0.0478|opportunity_cost:-0.8511
4,utility_tunneler_vs_utility_balancer,11,player,utility_tunneler,1,tunnel_extend,"(-1, -1)","(-2, 0)",,0.2065,0.9993,0.7928,F,resource_fit:0.1083|tunnel_access_gain:0.0583|enemy_tunnel_threat:0.0170|own_tunnel_pressure:-0.0250|collapse_risk:-0.0000|territory_pressure:0.0478|opportunity_cost:-0.7928
4,utility_tunneler_vs_utility_balancer,11,player,utility_tunneler,1,tunnel_extend,"(-1, 0)","(-2, 0)",,0.1482,0.9993,0.8511,F,resource_fit:0.1083|tunnel_access_gain:0.0000|enemy_tunnel_threat:0.0170|own_tunnel_pressure:-0.0250|collapse_risk:-0.0000|territory_pressure:0.0478|opportunity_cost:-0.8511
4,utility_tunneler_vs_utility_balancer,11,player,utility_tunneler,1,tunnel_extend,"(-3, 1)","(-2, 1)",,0.1482,0.9993,0.8511,F,resource_fit:0.1083|tunnel_access_gain:0.0000|enemy_tunnel_threat:0.0170|own_tunnel_pressure:-0.0250|collapse_risk:-0.0000|territory_pressure:0.0478|opportunity_cost:-0.8511
4,utility_tunneler_vs_utility_balancer,11,player,utility_tunneler,1,tunnel_extend,"(-3, 2)","(-2, 1)",,0.2065,0.9993,0.7928,F,resource_fit:0.1083|tunnel_access_gain:0.0583|enemy_tunnel_threat:0.0170|own_tunnel_pressure:-0.0250|collapse_risk:-0.0000|territory_pressure:0.0478|opportunity_cost:-0.7928
4,utility_tunneler_vs_utility_balancer,11,player,utility_tunneler,1,tunnel_extend,"(-2, 0)","(-2, 1)",,0.1482,0.9993,0.8511,F,resource_fit:0.1083|tunnel_access_gain:0.0000|enemy_tunnel_threat:0.0170|own_tunnel_pressure:-0.0250|collapse_risk:-0.0000|territory_pressure:0.0478|opportunity_cost:-0.8511
4,utility_tunneler_vs_utility_balancer,11,player,utility_tunneler,1,tunnel_extend,"(-2, 2)","(-2, 1)",,0.2065,0.9993,0.7928,F,resource_fit:0.1083|tunnel_access_gain:0.0583|enemy_tunnel_threat:0.0170|own_tunnel_pressure:-0.0250|collapse_risk:-0.0000|territory_pressure:0.0478|opportunity_cost:-0.7928
4,utility_tunneler_vs_utility_balancer,11,player,utility_tunneler,1,tunnel_extend,"(-1, 0)","(-2, 1)",,0.1482,0.9993,0.8511,F,resource_fit:0.1083|tunnel_access_gain:0.0000|enemy_tunnel_threat:0.0170|own_tunnel_pressure:-0.0250|collapse_risk:-0.0000|territory_pressure:0.0478|opportunity_cost:-0.8511
4,utility_tunneler_vs_utility_balancer,11,player,utility_tunneler,1,tunnel_extend,"(-1, 1)","(-2, 1)",,0.2065,0.9993,0.7928,F,resource_fit:0.1083|tunnel_access_gain:0.0583|enemy_tunnel_threat:0.0170|own_tunnel_pressure:-0.0250|collapse_risk:-0.0000|territory_pressure:0.0478|opportunity_cost:-0.7928
4,utility_tunneler_vs_utility_balancer,11,player,utility_tunneler,1,tunnel_extend,"(-2, 0)","(-1, 0)",,0.1482,0.9993,0.8511,F,resource_fit:0.1083|tunnel_access_gain:0.0000|enemy_tunnel_threat:0.0170|own_tunnel_pressure:-0.0250|collapse_risk:-0.0000|territory_pressure:0.0478|opportunity_cost:-0.8511
4,utility_tunneler_vs_utility_balancer,11,player,utility_tunneler,1,tunnel_extend,"(-2, 1)","(-1, 0)",,0.1482,0.9993,0.8511,F,resource_fit:0.1083|tunnel_access_gain:0.0000|enemy_tunnel_threat:0.0170|own_tunnel_pressure:-0.0250|collapse_risk:-0.0000|territory_pressure:0.0478|opportunity_cost:-0.8511
4,utility_tunneler_vs_utility_balancer,11,player,utility_tunneler,1,tunnel_extend,"(-1, -1)","(-1, 0)",,0.2065,0.9993,0.7928,F,resource_fit:0.1083|tunnel_access_gain:0.0583|enemy_tunnel_threat:0.0170|own_tunnel_pressure:-0.0250|collapse_risk:-0.0000|territory_pressure:0.0478|opportunity_cost:-0.7928
4,utility_tunneler_vs_utility_balancer,11,player,utility_tunneler,1,tunnel_extend,"(-1, 1)","(-1, 0)",,0.2065,0.9993,0.7928,F,resource_fit:0.1083|tunnel_access_gain:0.0583|enemy_tunnel_threat:0.0170|own_tunnel_pressure:-0.0250|collapse_risk:-0.0000|territory_pressure:0.0478|opportunity_cost:-0.7928
4,utility_tunneler_vs_utility_balancer,11,player,utility_tunneler,1,tunnel_extend,"(0, -1)","(-1, 0)",,0.1482,0.9993,0.8511,F,resource_fit:0.1083|tunnel_access_gain:0.0000|enemy_tunnel_threat:0.0170|own_tunnel_pressure:-0.0250|collapse_risk:-0.0000|territory_pressure:0.0478|opportunity_cost:-0.8511
4,utility_tunneler_vs_utility_balancer,11,player,utility_tunneler,1,tunnel_extend,"(0, 0)","(-1, 0)",,0.2065,0.9993,0.7928,F,resource_fit:0.1083|tunnel_access_gain:0.0583|enemy_tunnel_threat:0.0170|own_tunnel_pressure:-0.0250|collapse_risk:-0.0000|territory_pressure:0.0478|opportunity_cost:-0.7928
4,utility_tunneler_vs_utility_balancer,11,player,utility_tunneler,1,tunnel_extend,"(-1, -1)","(0, -1)",,0.2065,0.9993,0.7928,F,resource_fit:0.1083|tunnel_access_gain:0.0583|enemy_tunnel_threat:0.0170|own_tunnel_pressure:-0.0250|collapse_risk:-0.0000|territory_pressure:0.0478|opportunity_cost:-0.7928
4,utility_tunneler_vs_utility_balancer,11,player,utility_tunneler,1,tunnel_extend,"(-1, 0)","(0, -1)",,0.1482,0.9993,0.8511,F,resource_fit:0.1083|tunnel_access_gain:0.0000|enemy_tunnel_threat:0.0170|own_tunnel_pressure:-0.0250|collapse_risk:-0.0000|territory_pressure:0.0478|opportunity_cost:-0.8511
4,utility_tunneler_vs_utility_balancer,11,player,utility_tunneler,1,tunnel_extend,"(0, 0)","(0, -1)",,0.2065,0.9993,0.7928,F,resource_fit:0.1083|tunnel_access_gain:0.0583|enemy_tunnel_threat:0.0170|own_tunnel_pressure:-0.0250|collapse_risk:-0.0000|territory_pressure:0.0478|opportunity_cost:-0.7928
4,utility_tunneler_vs_utility_balancer,11,player,utility_tunneler,1,tunnel_extend,"(1, -1)","(0, -1)",,0.2065,0.9993,0.7928,F,resource_fit:0.1083|tunnel_access_gain:0.0583|enemy_tunnel_threat:0.0170|own_tunnel_pressure:-0.0250|collapse_risk:-0.0000|territory_pressure:0.0478|opportunity_cost:-0.7928
4,utility_tunneler_vs_utility_balancer,11,player,utility_tunneler,1,wait,,,,0.0,0.9993,0.9993,F,opportunity_cost:-0.9993
4,utility_tunneler_vs_utility_balancer,11,player,utility_tunneler,2,tunnel_entrance,"(-3, 2)",,,0.2312,0.867,0.6358,F,resource_fit:0.0729|tunnel_access_gain:0.1000|enemy_tunnel_threat:0.0104|collapse_risk:-0.0000|territory_pressure:0.0478|opportunity_cost:-0.6358
4,utility_tunneler_vs_utility_balancer,11,player,utility_tunneler,2,tunnel_entrance,"(-2, -1)",,,0.2812,0.867,0.5858,F,resource_fit:0.0729|tunnel_access_gain:0.1500|enemy_tunnel_threat:0.0104|collapse_risk:-0.0000|territory_pressure:0.0478|opportunity_cost:-0.5858
4,utility_tunneler_vs_utility_balancer,11,player,utility_tunneler,2,tunnel_entrance,"(-1, -1)",,,0.3312,0.867,0.5358,F,resource_fit:0.0729|tunnel_access_gain:0.2000|enemy_tunnel_threat:0.0104|collapse_risk:-0.0000|territory_pressure:0.0478|opportunity_cost:-0.5358
4,utility_tunneler_vs_utility_balancer,11,player,utility_tunneler,2,tunnel_entrance,"(0, 0)",,,0.2812,0.867,0.5858,F,resource_fit:0.0729|tunnel_access_gain:0.1500|enemy_tunnel_threat:0.0104|collapse_risk:-0.0000|territory_pressure:0.0478|opportunity_cost:-0.5858
4,utility_tunneler_vs_utility_balancer,11,player,utility_tunneler,2,tunnel_entrance,"(1, -1)",,,0.2812,0.867,0.5858,F,resource_fit:0.0729|tunnel_access_gain:0.1500|enemy_tunnel_threat:0.0104|collapse_risk:-0.0000|territory_pressure:0.0478|opportunity_cost:-0.5858
4,utility_tunneler_vs_utility_balancer,11,player,utility_tunneler,2,tunnel_extend,"(-3, 2)","(-3, 1)",,0.1635,0.867,0.7035,F,resource_fit:0.0667|tunnel_access_gain:0.0583|enemy_tunnel_threat:0.0156|own_tunnel_pressure:-0.0250|collapse_risk:-0.0000|territory_pressure:0.0478|opportunity_cost:-0.7035
4,utility_tunneler_vs_utility_balancer,11,player,utility_tunneler,2,tunnel_extend,"(-2, 0)","(-3, 1)",,0.1051,0.867,0.7619,F,resource_fit:0.0667|tunnel_access_gain:0.0000|enemy_tunnel_threat:0.0156|own_tunnel_pressure:-0.0250|collapse_risk:-0.0000|territory_pressure:0.0478|opportunity_cost:-0.7619
4,utility_tunneler_vs_utility_balancer,11,player,utility_tunneler,2,tunnel_extend,"(-2, 1)","(-3, 1)",,0.1051,0.867,0.7619,F,resource_fit:0.0667|tunnel_access_gain:0.0000|enemy_tunnel_threat:0.0156|own_tunnel_pressure:-0.0250|collapse_risk:-0.0000|territory_pressure:0.0478|opportunity_cost:-0.7619
4,utility_tunneler_vs_utility_balancer,11,player,utility_tunneler,2,tunnel_extend,"(-3, 1)","(-2, 0)",,0.1051,0.867,0.7619,F,resource_fit:0.0667|tunnel_access_gain:0.0000|enemy_tunnel_threat:0.0156|own_tunnel_pressure:-0.0250|collapse_risk:-0.0000|territory_pressure:0.0478|opportunity_cost:-0.7619
4,utility_tunneler_vs_utility_balancer,11,player,utility_tunneler,2,tunnel_extend,"(-2, -1)","(-2, 0)",,0.1635,0.867,0.7035,F,resource_fit:0.0667|tunnel_access_gain:0.0583|enemy_tunnel_threat:0.0156|own_tunnel_pressure:-0.0250|collapse_risk:-0.0000|territory_pressure:0.0478|opportunity_cost:-0.7035
4,utility_tunneler_vs_utility_balancer,11,player,utility_tunneler,2,tunnel_extend,"(-2, 1)","(-2, 0)",,0.1051,0.867,0.7619,F,resource_fit:0.0667|tunnel_access_gain:0.0000|enemy_tunnel_threat:0.0156|own_tunnel_pressure:-0.0250|collapse_risk:-0.0000|territory_pressure:0.0478|opportunity_cost:-0.7619
4,utility_tunneler_vs_utility_balancer,11,player,utility_tunneler,2,tunnel_extend,"(-1, -1)","(-2, 0)",,0.1635,0.867,0.7035,F,resource_fit:0.0667|tunnel_access_gain:0.0583|enemy_tunnel_threat:0.0156|own_tunnel_pressure:-0.0250|collapse_risk:-0.0000|territory_pressure:0.0478|opportunity_cost:-0.7035
4,utility_tunneler_vs_utility_balancer,11,player,utility_tunneler,2,tunnel_extend,"(-1, 0)","(-2, 0)",,0.1051,0.867,0.7619,F,resource_fit:0.0667|tunnel_access_gain:0.0000|enemy_tunnel_threat:0.0156|own_tunnel_pressure:-0.0250|collapse_risk:-0.0000|territory_pressure:0.0478|opportunity_cost:-0.7619
4,utility_tunneler_vs_utility_balancer,11,player,utility_tunneler,2,tunnel_extend,"(-3, 1)","(-2, 1)",,0.1051,0.867,0.7619,F,resource_fit:0.0667|tunnel_access_gain:0.0000|enemy_tunnel_threat:0.0156|own_tunnel_pressure:-0.0250|collapse_risk:-0.0000|territory_pressure:0.0478|opportunity_cost:-0.7619
4,utility_tunneler_vs_utility_balancer,11,player,utility_tunneler,2,tunnel_extend,"(-3, 2)","(-2, 1)",,0.1635,0.867,0.7035,F,resource_fit:0.0667|tunnel_access_gain:0.0583|enemy_tunnel_threat:0.0156|own_tunnel_pressure:-0.0250|collapse_risk:-0.0000|territory_pressure:0.0478|opportunity_cost:-0.7035
4,utility_tunneler_vs_utility_balancer,11,player,utility_tunneler,2,tunnel_extend,"(-2, 0)","(-2, 1)",,0.1051,0.867,0.7619,F,resource_fit:0.0667|tunnel_access_gain:0.0000|enemy_tunnel_threat:0.0156|own_tunnel_pressure:-0.0250|collapse_risk:-0.0000|territory_pressure:0.0478|opportunity_cost:-0.7619
4,utility_tunneler_vs_utility_balancer,11,player,utility_tunneler,2,tunnel_extend,"(-2, 2)","(-2, 1)",,0.1635,0.867,0.7035,F,resource_fit:0.0667|tunnel_access_gain:0.0583|enemy_tunnel_threat:0.0156|own_tunnel_pressure:-0.0250|collapse_risk:-0.0000|territory_pressure:0.0478|opportunity_cost:-0.7035
4,utility_tunneler_vs_utility_balancer,11,player,utility_tunneler,2,tunnel_extend,"(-1, 0)","(-2, 1)",,0.1051,0.867,0.7619,F,resource_fit:0.0667|tunnel_access_gain:0.0000|enemy_tunnel_threat:0.0156|own_tunnel_pressure:-0.0250|collapse_risk:-0.0000|territory_pressure:0.0478|opportunity_cost:-0.7619
4,utility_tunneler_vs_utility_balancer,11,player,utility_tunneler,2,tunnel_extend,"(-1, 1)","(-2, 1)",,0.1635,0.867,0.7035,F,resource_fit:0.0667|tunnel_access_gain:0.0583|enemy_tunnel_threat:0.0156|own_tunnel_pressure:-0.0250|collapse_risk:-0.0000|territory_pressure:0.0478|opportunity_cost:-0.7035
4,utility_tunneler_vs_utility_balancer,11,player,utility_tunneler,2,tunnel_extend,"(-2, 0)","(-1, 0)",,0.1051,0.867,0.7619,F,resource_fit:0.0667|tunnel_access_gain:0.0000|enemy_tunnel_threat:0.0156|own_tunnel_pressure:-0.0250|collapse_risk:-0.0000|territory_pressure:0.0478|opportunity_cost:-0.7619
4,utility_tunneler_vs_utility_balancer,11,player,utility_tunneler,2,tunnel_extend,"(-2, 1)","(-1, 0)",,0.1051,0.867,0.7619,F,resource_fit:0.0667|tunnel_access_gain:0.0000|enemy_tunnel_threat:0.0156|own_tunnel_pressure:-0.0250|collapse_risk:-0.0000|territory_pressure:0.0478|opportunity_cost:-0.7619
4,utility_tunneler_vs_utility_balancer,11,player,utility_tunneler,2,tunnel_extend,"(-1, -1)","(-1, 0)",,0.1635,0.867,0.7035,F,resource_fit:0.0667|tunnel_access_gain:0.0583|enemy_tunnel_threat:0.0156|own_tunnel_pressure:-0.0250|collapse_risk:-0.0000|territory_pressure:0.0478|opportunity_cost:-0.7035
4,utility_tunneler_vs_utility_balancer,11,player,utility_tunneler,2,tunnel_extend,"(-1, 1)","(-1, 0)",,0.1635,0.867,0.7035,F,resource_fit:0.0667|tunnel_access_gain:0.0583|enemy_tunnel_threat:0.0156|own_tunnel_pressure:-0.0250|collapse_risk:-0.0000|territory_pressure:0.0478|opportunity_cost:-0.7035
4,utility_tunneler_vs_utility_balancer,11,player,utility_tunneler,2,tunnel_extend,"(0, -1)","(-1, 0)",,0.1051,0.867,0.7619,F,resource_fit:0.0667|tunnel_access_gain:0.0000|enemy_tunnel_threat:0.0156|own_tunnel_pressure:-0.0250|collapse_risk:-0.0000|territory_pressure:0.0478|opportunity_cost:-0.7619
4,utility_tunneler_vs_utility_balancer,11,player,utility_tunneler,2,tunnel_extend,"(0, 0)","(-1, 0)",,0.1635,0.867,0.7035,F,resource_fit:0.0667|tunnel_access_gain:0.0583|enemy_tunnel_threat:0.0156|own_tunnel_pressure:-0.0250|collapse_risk:-0.0000|territory_pressure:0.0478|opportunity_cost:-0.7035
4,utility_tunneler_vs_utility_balancer,11,player,utility_tunneler,2,tunnel_extend,"(-1, -1)","(0, -1)",,0.1635,0.867,0.7035,F,resource_fit:0.0667|tunnel_access_gain:0.0583|enemy_tunnel_threat:0.0156|own_tunnel_pressure:-0.0250|collapse_risk:-0.0000|territory_pressure:0.0478|opportunity_cost:-0.7035
4,utility_tunneler_vs_utility_balancer,11,player,utility_tunneler,2,tunnel_extend,"(-1, 0)","(0, -1)",,0.1051,0.867,0.7619,F,resource_fit:0.0667|tunnel_access_gain:0.0000|enemy_tunnel_threat:0.0156|own_tunnel_pressure:-0.0250|collapse_risk:-0.0000|territory_pressure:0.0478|opportunity_cost:-0.7619
4,utility_tunneler_vs_utility_balancer,11,player,utility_tunneler,2,tunnel_extend,"(0, 0)","(0, -1)",,0.1635,0.867,0.7035,F,resource_fit:0.0667|tunnel_access_gain:0.0583|enemy_tunnel_threat:0.0156|own_tunnel_pressure:-0.0250|collapse_risk:-0.0000|territory_pressure:0.0478|opportunity_cost:-0.7035
4,utility_tunneler_vs_utility_balancer,11,player,utility_tunneler,2,tunnel_extend,"(1, -1)","(0, -1)",,0.1635,0.867,0.7035,F,resource_fit:0.0667|tunnel_access_gain:0.0583|enemy_tunnel_threat:0.0156|own_tunnel_pressure:-0.0250|collapse_risk:-0.0000|territory_pressure:0.0478|opportunity_cost:-0.7035
4,utility_tunneler_vs_utility_balancer,11,player,utility_tunneler,2,wait,,,,0.0,0.867,0.867,F,opportunity_cost:-0.8670
4,utility_tunneler_vs_utility_balancer,11,player,utility_tunneler,3,tunnel_entrance,"(-3, 2)",,,0.2312,0.4049,0.1737,F,resource_fit:0.0729|tunnel_access_gain:0.1000|enemy_tunnel_threat:0.0104|collapse_risk:-0.0000|territory_pressure:0.0478|opportunity_cost:-0.1737
4,utility_tunneler_vs_utility_balancer,11,player,utility_tunneler,3,tunnel_entrance,"(-2, -1)",,,0.2812,0.4049,0.1237,F,resource_fit:0.0729|tunnel_access_gain:0.1500|enemy_tunnel_threat:0.0104|collapse_risk:-0.0000|territory_pressure:0.0478|opportunity_cost:-0.1237
4,utility_tunneler_vs_utility_balancer,11,player,utility_tunneler,3,tunnel_entrance,"(-1, -1)",,,0.3312,0.4049,0.0737,T,resource_fit:0.0729|tunnel_access_gain:0.2000|enemy_tunnel_threat:0.0104|collapse_risk:-0.0000|territory_pressure:0.0478|opportunity_cost:-0.0737
4,utility_tunneler_vs_utility_balancer,11,player,utility_tunneler,3,tunnel_entrance,"(0, 0)",,,0.2812,0.4049,0.1237,F,resource_fit:0.0729|tunnel_access_gain:0.1500|enemy_tunnel_threat:0.0104|collapse_risk:-0.0000|territory_pressure:0.0478|opportunity_cost:-0.1237
4,utility_tunneler_vs_utility_balancer,11,player,utility_tunneler,3,tunnel_entrance,"(1, -1)",,,0.2812,0.4049,0.1237,F,resource_fit:0.0729|tunnel_access_gain:0.1500|enemy_tunnel_threat:0.0104|collapse_risk:-0.0000|territory_pressure:0.0478|opportunity_cost:-0.1237
4,utility_tunneler_vs_utility_balancer,11,player,utility_tunneler,3,tunnel_extend,"(-3, 2)","(-3, 1)",,0.1635,0.4049,0.2414,F,resource_fit:0.0667|tunnel_access_gain:0.0583|enemy_tunnel_threat:0.0156|own_tunnel_pressure:-0.0250|collapse_risk:-0.0000|territory_pressure:0.0478|opportunity_cost:-0.2414
4,utility_tunneler_vs_utility_balancer,11,player,utility_tunneler,3,tunnel_extend,"(-2, 0)","(-3, 1)",,0.1051,0.4049,0.2997,F,resource_fit:0.0667|tunnel_access_gain:0.0000|enemy_tunnel_threat:0.0156|own_tunnel_pressure:-0.0250|collapse_risk:-0.0000|territory_pressure:0.0478|opportunity_cost:-0.2997
4,utility_tunneler_vs_utility_balancer,11,player,utility_tunneler,3,tunnel_extend,"(-2, 1)","(-3, 1)",,0.1051,0.4049,0.2997,F,resource_fit:0.0667|tunnel_access_gain:0.0000|enemy_tunnel_threat:0.0156|own_tunnel_pressure:-0.0250|collapse_risk:-0.0000|territory_pressure:0.0478|opportunity_cost:-0.2997
4,utility_tunneler_vs_utility_balancer,11,player,utility_tunneler,3,tunnel_extend,"(-3, 1)","(-2, 0)",,0.1051,0.4049,0.2997,F,resource_fit:0.0667|tunnel_access_gain:0.0000|enemy_tunnel_threat:0.0156|own_tunnel_pressure:-0.0250|collapse_risk:-0.0000|territory_pressure:0.0478|opportunity_cost:-0.2997
4,utility_tunneler_vs_utility_balancer,11,player,utility_tunneler,3,tunnel_extend,"(-2, -1)","(-2, 0)",,0.1635,0.4049,0.2414,F,resource_fit:0.0667|tunnel_access_gain:0.0583|enemy_tunnel_threat:0.0156|own_tunnel_pressure:-0.0250|collapse_risk:-0.0000|territory_pressure:0.0478|opportunity_cost:-0.2414
4,utility_tunneler_vs_utility_balancer,11,player,utility_tunneler,3,tunnel_extend,"(-2, 1)","(-2, 0)",,0.1051,0.4049,0.2997,F,resource_fit:0.0667|tunnel_access_gain:0.0000|enemy_tunnel_threat:0.0156|own_tunnel_pressure:-0.0250|collapse_risk:-0.0000|territory_pressure:0.0478|opportunity_cost:-0.2997
4,utility_tunneler_vs_utility_balancer,11,player,utility_tunneler,3,tunnel_extend,"(-1, -1)","(-2, 0)",,0.1635,0.4049,0.2414,F,resource_fit:0.0667|tunnel_access_gain:0.0583|enemy_tunnel_threat:0.0156|own_tunnel_pressure:-0.0250|collapse_risk:-0.0000|territory_pressure:0.0478|opportunity_cost:-0.2414
4,utility_tunneler_vs_utility_balancer,11,player,utility_tunneler,3,tunnel_extend,"(-1, 0)","(-2, 0)",,0.1051,0.4049,0.2997,F,resource_fit:0.0667|tunnel_access_gain:0.0000|enemy_tunnel_threat:0.0156|own_tunnel_pressure:-0.0250|collapse_risk:-0.0000|territory_pressure:0.0478|opportunity_cost:-0.2997
4,utility_tunneler_vs_utility_balancer,11,player,utility_tunneler,3,tunnel_extend,"(-3, 1)","(-2, 1)",,0.1051,0.4049,0.2997,F,resource_fit:0.0667|tunnel_access_gain:0.0000|enemy_tunnel_threat:0.0156|own_tunnel_pressure:-0.0250|collapse_risk:-0.0000|territory_pressure:0.0478|opportunity_cost:-0.2997
4,utility_tunneler_vs_utility_balancer,11,player,utility_tunneler,3,tunnel_extend,"(-3, 2)","(-2, 1)",,0.1635,0.4049,0.2414,F,resource_fit:0.0667|tunnel_access_gain:0.0583|enemy_tunnel_threat:0.0156|own_tunnel_pressure:-0.0250|collapse_risk:-0.0000|territory_pressure:0.0478|opportunity_cost:-0.2414
4,utility_tunneler_vs_utility_balancer,11,player,utility_tunneler,3,tunnel_extend,"(-2, 0)","(-2, 1)",,0.1051,0.4049,0.2997,F,resource_fit:0.0667|tunnel_access_gain:0.0000|enemy_tunnel_threat:0.0156|own_tunnel_pressure:-0.0250|collapse_risk:-0.0000|territory_pressure:0.0478|opportunity_cost:-0.2997
4,utility_tunneler_vs_utility_balancer,11,player,utility_tunneler,3,tunnel_extend,"(-2, 2)","(-2, 1)",,0.1635,0.4049,0.2414,F,resource_fit:0.0667|tunnel_access_gain:0.0583|enemy_tunnel_threat:0.0156|own_tunnel_pressure:-0.0250|collapse_risk:-0.0000|territory_pressure:0.0478|opportunity_cost:-0.2414
4,utility_tunneler_vs_utility_balancer,11,player,utility_tunneler,3,tunnel_extend,"(-1, 0)","(-2, 1)",,0.1051,0.4049,0.2997,F,resource_fit:0.0667|tunnel_access_gain:0.0000|enemy_tunnel_threat:0.0156|own_tunnel_pressure:-0.0250|collapse_risk:-0.0000|territory_pressure:0.0478|opportunity_cost:-0.2997
4,utility_tunneler_vs_utility_balancer,11,player,utility_tunneler,3,tunnel_extend,"(-1, 1)","(-2, 1)",,0.1635,0.4049,0.2414,F,resource_fit:0.0667|tunnel_access_gain:0.0583|enemy_tunnel_threat:0.0156|own_tunnel_pressure:-0.0250|collapse_risk:-0.0000|territory_pressure:0.0478|opportunity_cost:-0.2414
4,utility_tunneler_vs_utility_balancer,11,player,utility_tunneler,3,tunnel_extend,"(-2, 0)","(-1, 0)",,0.1051,0.4049,0.2997,F,resource_fit:0.0667|tunnel_access_gain:0.0000|enemy_tunnel_threat:0.0156|own_tunnel_pressure:-0.0250|collapse_risk:-0.0000|territory_pressure:0.0478|opportunity_cost:-0.2997
4,utility_tunneler_vs_utility_balancer,11,player,utility_tunneler,3,tunnel_extend,"(-2, 1)","(-1, 0)",,0.1051,0.4049,0.2997,F,resource_fit:0.0667|tunnel_access_gain:0.0000|enemy_tunnel_threat:0.0156|own_tunnel_pressure:-0.0250|collapse_risk:-0.0000|territory_pressure:0.0478|opportunity_cost:-0.2997
4,utility_tunneler_vs_utility_balancer,11,player,utility_tunneler,3,tunnel_extend,"(-1, -1)","(-1, 0)",,0.1635,0.4049,0.2414,F,resource_fit:0.0667|tunnel_access_gain:0.0583|enemy_tunnel_threat:0.0156|own_tunnel_pressure:-0.0250|collapse_risk:-0.0000|territory_pressure:0.0478|opportunity_cost:-0.2414
4,utility_tunneler_vs_utility_balancer,11,player,utility_tunneler,3,tunnel_extend,"(-1, 1)","(-1, 0)",,0.1635,0.4049,0.2414,F,resource_fit:0.0667|tunnel_access_gain:0.0583|enemy_tunnel_threat:0.0156|own_tunnel_pressure:-0.0250|collapse_risk:-0.0000|territory_pressure:0.0478|opportunity_cost:-0.2414
4,utility_tunneler_vs_utility_balancer,11,player,utility_tunneler,3,tunnel_extend,"(0, -1)","(-1, 0)",,0.1051,0.4049,0.2997,F,resource_fit:0.0667|tunnel_access_gain:0.0000|enemy_tunnel_threat:0.0156|own_tunnel_pressure:-0.0250|collapse_risk:-0.0000|territory_pressure:0.0478|opportunity_cost:-0.2997
4,utility_tunneler_vs_utility_balancer,11,player,utility_tunneler,3,tunnel_extend,"(0, 0)","(-1, 0)",,0.1635,0.4049,0.2414,F,resource_fit:0.0667|tunnel_access_gain:0.0583|enemy_tunnel_threat:0.0156|own_tunnel_pressure:-0.0250|collapse_risk:-0.0000|territory_pressure:0.0478|opportunity_cost:-0.2414
4,utility_tunneler_vs_utility_balancer,11,player,utility_tunneler,3,tunnel_extend,"(-1, -1)","(0, -1)",,0.1635,0.4049,0.2414,F,resource_fit:0.0667|tunnel_access_gain:0.0583|enemy_tunnel_threat:0.0156|own_tunnel_pressure:-0.0250|collapse_risk:-0.0000|territory_pressure:0.0478|opportunity_cost:-0.2414
4,utility_tunneler_vs_utility_balancer,11,player,utility_tunneler,3,tunnel_extend,"(-1, 0)","(0, -1)",,0.1051,0.4049,0.2997,F,resource_fit:0.0667|tunnel_access_gain:0.0000|enemy_tunnel_threat:0.0156|own_tunnel_pressure:-0.0250|collapse_risk:-0.0000|territory_pressure:0.0478|opportunity_cost:-0.2997
4,utility_tunneler_vs_utility_balancer,11,player,utility_tunneler,3,tunnel_extend,"(0, 0)","(0, -1)",,0.1635,0.4049,0.2414,F,resource_fit:0.0667|tunnel_access_gain:0.0583|enemy_tunnel_threat:0.0156|own_tunnel_pressure:-0.0250|collapse_risk:-0.0000|territory_pressure:0.0478|opportunity_cost:-0.2414
4,utility_tunneler_vs_utility_balancer,11,player,utility_tunneler,3,tunnel_extend,"(1, -1)","(0, -1)",,0.1635,0.4049,0.2414,F,resource_fit:0.0667|tunnel_access_gain:0.0583|enemy_tunnel_threat:0.0156|own_tunnel_pressure:-0.0250|collapse_risk:-0.0000|territory_pressure:0.0478|opportunity_cost:-0.2414
4,utility_tunneler_vs_utility_balancer,11,player,utility_tunneler,3,wait,,,,0.0,0.4049,0.4049,F,opportunity_cost:-0.4049
4,utility_tunneler_vs_utility_balancer,12,player,utility_tunneler,1,tunnel_entrance,"(-3, 2)",,,0.3176,1.6653,1.3478,F,resource_fit:0.1458|tunnel_access_gain:0.1000|enemy_tunnel_threat:0.0125|collapse_risk:-0.0000|territory_pressure:0.0592|opportunity_cost:-1.3478
4,utility_tunneler_vs_utility_balancer,12,player,utility_tunneler,1,tunnel_entrance,"(-2, -1)",,,0.3676,1.6653,1.2978,F,resource_fit:0.1458|tunnel_access_gain:0.1500|enemy_tunnel_threat:0.0125|collapse_risk:-0.0000|territory_pressure:0.0592|opportunity_cost:-1.2978
4,utility_tunneler_vs_utility_balancer,12,player,utility_tunneler,1,tunnel_entrance,"(0, 0)",,,0.3676,1.6653,1.2978,F,resource_fit:0.1458|tunnel_access_gain:0.1500|enemy_tunnel_threat:0.0125|collapse_risk:-0.0000|territory_pressure:0.0592|opportunity_cost:-1.2978
4,utility_tunneler_vs_utility_balancer,12,player,utility_tunneler,1,tunnel_entrance,"(1, -1)",,,0.3676,1.6653,1.2978,F,resource_fit:0.1458|tunnel_access_gain:0.1500|enemy_tunnel_threat:0.0125|collapse_risk:-0.0000|territory_pressure:0.0592|opportunity_cost:-1.2978
4,utility_tunneler_vs_utility_balancer,12,player,utility_tunneler,1,tunnel_entrance,"(2, -2)",,,0.2676,1.6653,1.3978,F,resource_fit:0.1458|tunnel_access_gain:0.0500|enemy_tunnel_threat:0.0125|collapse_risk:-0.0000|territory_pressure:0.0592|opportunity_cost:-1.3978
4,utility_tunneler_vs_utility_balancer,12,player,utility_tunneler,1,tunnel_extend,"(-3, 2)","(-3, 1)",,0.2363,1.6653,1.429,F,resource_fit:0.1250|tunnel_access_gain:0.0583|enemy_tunnel_threat:0.0187|own_tunnel_pressure:-0.0250|collapse_risk:-0.0000|territory_pressure:0.0592|opportunity_cost:-1.4290
4,utility_tunneler_vs_utility_balancer,12,player,utility_tunneler,1,tunnel_extend,"(-2, 0)","(-3, 1)",,0.178,1.6653,1.4874,F,resource_fit:0.1250|tunnel_access_gain:0.0000|enemy_tunnel_threat:0.0187|own_tunnel_pressure:-0.0250|collapse_risk:-0.0000|territory_pressure:0.0592|opportunity_cost:-1.4874
4,utility_tunneler_vs_utility_balancer,12,player,utility_tunneler,1,tunnel_extend,"(-2, 1)","(-3, 1)",,0.178,1.6653,1.4874,F,resource_fit:0.1250|tunnel_access_gain:0.0000|enemy_tunnel_threat:0.0187|own_tunnel_pressure:-0.0250|collapse_risk:-0.0000|territory_pressure:0.0592|opportunity_cost:-1.4874
4,utility_tunneler_vs_utility_balancer,12,player,utility_tunneler,1,tunnel_extend,"(-3, 1)","(-2, 0)",,0.178,1.6653,1.4874,F,resource_fit:0.1250|tunnel_access_gain:0.0000|enemy_tunnel_threat:0.0187|own_tunnel_pressure:-0.0250|collapse_risk:-0.0000|territory_pressure:0.0592|opportunity_cost:-1.4874
4,utility_tunneler_vs_utility_balancer,12,player,utility_tunneler,1,tunnel_extend,"(-2, -1)","(-2, 0)",,0.2363,1.6653,1.429,F,resource_fit:0.1250|tunnel_access_gain:0.0583|enemy_tunnel_threat:0.0187|own_tunnel_pressure:-0.0250|collapse_risk:-0.0000|territory_pressure:0.0592|opportunity_cost:-1.4290
4,utility_tunneler_vs_utility_balancer,12,player,utility_tunneler,1,tunnel_extend,"(-2, 1)","(-2, 0)",,0.178,1.6653,1.4874,F,resource_fit:0.1250|tunnel_access_gain:0.0000|enemy_tunnel_threat:0.0187|own_tunnel_pressure:-0.0250|collapse_risk:-0.0000|territory_pressure:0.0592|opportunity_cost:-1.4874
4,utility_tunneler_vs_utility_balancer,12,player,utility_tunneler,1,tunnel_extend,"(-1, -1)","(-2, 0)",,0.178,1.6653,1.4874,F,resource_fit:0.1250|tunnel_access_gain:0.0000|enemy_tunnel_threat:0.0187|own_tunnel_pressure:-0.0250|collapse_risk:-0.0000|territory_pressure:0.0592|opportunity_cost:-1.4874
4,utility_tunneler_vs_utility_balancer,12,player,utility_tunneler,1,tunnel_extend,"(-1, 0)","(-2, 0)",,0.178,1.6653,1.4874,F,resource_fit:0.1250|tunnel_access_gain:0.0000|enemy_tunnel_threat:0.0187|own_tunnel_pressure:-0.0250|collapse_risk:-0.0000|territory_pressure:0.0592|opportunity_cost:-1.4874
4,utility_tunneler_vs_utility_balancer,12,player,utility_tunneler,1,tunnel_extend,"(-3, 1)","(-2, 1)",,0.178,1.6653,1.4874,F,resource_fit:0.1250|tunnel_access_gain:0.0000|enemy_tunnel_threat:0.0187|own_tunnel_pressure:-0.0250|collapse_risk:-0.0000|territory_pressure:0.0592|opportunity_cost:-1.4874
4,utility_tunneler_vs_utility_balancer,12,player,utility_tunneler,1,tunnel_extend,"(-3, 2)","(-2, 1)",,0.2363,1.6653,1.429,F,resource_fit:0.1250|tunnel_access_gain:0.0583|enemy_tunnel_threat:0.0187|own_tunnel_pressure:-0.0250|collapse_risk:-0.0000|territory_pressure:0.0592|opportunity_cost:-1.4290
4,utility_tunneler_vs_utility_balancer,12,player,utility_tunneler,1,tunnel_extend,"(-2, 0)","(-2, 1)",,0.178,1.6653,1.4874,F,resource_fit:0.1250|tunnel_access_gain:0.0000|enemy_tunnel_threat:0.0187|own_tunnel_pressure:-0.0250|collapse_risk:-0.0000|territory_pressure:0.0592|opportunity_cost:-1.4874
4,utility_tunneler_vs_utility_balancer,12,player,utility_tunneler,1,tunnel_extend,"(-2, 2)","(-2, 1)",,0.2363,1.6653,1.429,F,resource_fit:0.1250|tunnel_access_gain:0.0583|enemy_tunnel_threat:0.0187|own_tunnel_pressure:-0.0250|collapse_risk:-0.0000|territory_pressure:0.0592|opportunity_cost:-1.4290
4,utility_tunneler_vs_utility_balancer,12,player,utility_tunneler,1,tunnel_extend,"(-1, 0)","(-2, 1)",,0.178,1.6653,1.4874,F,resource_fit:0.1250|tunnel_access_gain:0.0000|enemy_tunnel_threat:0.0187|own_tunnel_pressure:-0.0250|collapse_risk:-0.0000|territory_pressure:0.0592|opportunity_cost:-1.4874
4,utility_tunneler_vs_utility_balancer,12,player,utility_tunneler,1,tunnel_extend,"(-1, 1)","(-2, 1)",,0.2363,1.6653,1.429,F,resource_fit:0.1250|tunnel_access_gain:0.0583|enemy_tunnel_threat:0.0187|own_tunnel_pressure:-0.0250|collapse_risk:-0.0000|territory_pressure:0.0592|opportunity_cost:-1.4290
4,utility_tunneler_vs_utility_balancer,12,player,utility_tunneler,1,tunnel_extend,"(-2, -1)","(-1, -1)",,0.2363,1.6653,1.429,F,resource_fit:0.1250|tunnel_access_gain:0.0583|enemy_tunnel_threat:0.0187|own_tunnel_pressure:-0.0250|collapse_risk:-0.0000|territory_pressure:0.0592|opportunity_cost:-1.4290
4,utility_tunneler_vs_utility_balancer,12,player,utility_tunneler,1,tunnel_extend,"(-2, 0)","(-1, -1)",,0.178,1.6653,1.4874,F,resource_fit:0.1250|tunnel_access_gain:0.0000|enemy_tunnel_threat:0.0187|own_tunnel_pressure:-0.0250|collapse_risk:-0.0000|territory_pressure:0.0592|opportunity_cost:-1.4874
4,utility_tunneler_vs_utility_balancer,12,player,utility_tunneler,1,tunnel_extend,"(-1, 0)","(-1, -1)",,0.178,1.6653,1.4874,F,resource_fit:0.1250|tunnel_access_gain:0.0000|enemy_tunnel_threat:0.0187|own_tunnel_pressure:-0.0250|collapse_risk:-0.0000|territory_pressure:0.0592|opportunity_cost:-1.4874
4,utility_tunneler_vs_utility_balancer,12,player,utility_tunneler,1,tunnel_extend,"(0, -1)","(-1, -1)",,0.178,1.6653,1.4874,F,resource_fit:0.1250|tunnel_access_gain:0.0000|enemy_tunnel_threat:0.0187|own_tunnel_pressure:-0.0250|collapse_risk:-0.0000|territory_pressure:0.0592|opportunity_cost:-1.4874
4,utility_tunneler_vs_utility_balancer,12,player,utility_tunneler,1,tunnel_extend,"(-2, 0)","(-1, 0)",,0.178,1.6653,1.4874,F,resource_fit:0.1250|tunnel_access_gain:0.0000|enemy_tunnel_threat:0.0187|own_tunnel_pressure:-0.0250|collapse_risk:-0.0000|territory_pressure:0.0592|opportunity_cost:-1.4874
4,utility_tunneler_vs_utility_balancer,12,player,utility_tunneler,1,tunnel_extend,"(-2, 1)","(-1, 0)",,0.178,1.6653,1.4874,F,resource_fit:0.1250|tunnel_access_gain:0.0000|enemy_tunnel_threat:0.0187|own_tunnel_pressure:-0.0250|collapse_risk:-0.0000|territory_pressure:0.0592|opportunity_cost:-1.4874
4,utility_tunneler_vs_utility_balancer,12,player,utility_tunneler,1,tunnel_extend,"(-1, -1)","(-1, 0)",,0.178,1.6653,1.4874,F,resource_fit:0.1250|tunnel_access_gain:0.0000|enemy_tunnel_threat:0.0187|own_tunnel_pressure:-0.0250|collapse_risk:-0.0000|territory_pressure:0.0592|opportunity_cost:-1.4874
4,utility_tunneler_vs_utility_balancer,12,player,utility_tunneler,1,tunnel_extend,"(-1, 1)","(-1, 0)",,0.2363,1.6653,1.429,F,resource_fit:0.1250|tunnel_access_gain:0.0583|enemy_tunnel_threat:0.0187|own_tunnel_pressure:-0.0250|collapse_risk:-0.0000|territory_pressure:0.0592|opportunity_cost:-1.4290
4,utility_tunneler_vs_utility_balancer,12,player,utility_tunneler,1,tunnel_extend,"(0, -1)","(-1, 0)",,0.178,1.6653,1.4874,F,resource_fit:0.1250|tunnel_access_gain:0.0000|enemy_tunnel_threat:0.0187|own_tunnel_pressure:-0.0250|collapse_risk:-0.0000|territory_pressure:0.0592|opportunity_cost:-1.4874
4,utility_tunneler_vs_utility_balancer,12,player,utility_tunneler,1,tunnel_extend,"(0, 0)","(-1, 0)",,0.2363,1.6653,1.429,F,resource_fit:0.1250|tunnel_access_gain:0.0583|enemy_tunnel_threat:0.0187|own_tunnel_pressure:-0.0250|collapse_risk:-0.0000|territory_pressure:0.0592|opportunity_cost:-1.4290
4,utility_tunneler_vs_utility_balancer,12,player,utility_tunneler,1,tunnel_extend,"(-1, -1)","(0, -1)",,0.178,1.6653,1.4874,F,resource_fit:0.1250|tunnel_access_gain:0.0000|enemy_tunnel_threat:0.0187|own_tunnel_pressure:-0.0250|collapse_risk:-0.0000|territory_pressure:0.0592|opportunity_cost:-1.4874
4,utility_tunneler_vs_utility_balancer,12,player,utility_tunneler,1,tunnel_extend,"(-1, 0)","(0, -1)",,0.178,1.6653,1.4874,F,resource_fit:0.1250|tunnel_access_gain:0.0000|enemy_tunnel_threat:0.0187|own_tunnel_pressure:-0.0250|collapse_risk:-0.0000|territory_pressure:0.0592|opportunity_cost:-1.4874
4,utility_tunneler_vs_utility_balancer,12,player,utility_tunneler,1,tunnel_extend,"(0, 0)","(0, -1)",,0.2363,1.6653,1.429,F,resource_fit:0.1250|tunnel_access_gain:0.0583|enemy_tunnel_threat:0.0187|own_tunnel_pressure:-0.0250|collapse_risk:-0.0000|territory_pressure:0.0592|opportunity_cost:-1.4290
4,utility_tunneler_vs_utility_balancer,12,player,utility_tunneler,1,tunnel_extend,"(1, -1)","(0, -1)",,0.2363,1.6653,1.429,F,resource_fit:0.1250|tunnel_access_gain:0.0583|enemy_tunnel_threat:0.0187|own_tunnel_pressure:-0.0250|collapse_risk:-0.0000|territory_pressure:0.0592|opportunity_cost:-1.4290
4,utility_tunneler_vs_utility_balancer,12,player,utility_tunneler,1,wait,,,,0.0,1.6653,1.6653,F,opportunity_cost:-1.6653
4,utility_tunneler_vs_utility_balancer,12,player,utility_tunneler,2,tunnel_entrance,"(-3, 2)",,,0.2618,0.7596,0.4978,F,resource_fit:0.0938|tunnel_access_gain:0.1000|enemy_tunnel_threat:0.0115|collapse_risk:-0.0000|territory_pressure:0.0565|opportunity_cost:-0.4978
4,utility_tunneler_vs_utility_balancer,12,player,utility_tunneler,2,tunnel_entrance,"(-2, -1)",,,0.3118,0.7596,0.4478,F,resource_fit:0.0938|tunnel_access_gain:0.1500|enemy_tunnel_threat:0.0115|collapse_risk:-0.0000|territory_pressure:0.0565|opportunity_cost:-0.4478
4,utility_tunneler_vs_utility_balancer,12,player,utility_tunneler,2,tunnel_entrance,"(0, 0)",,,0.3118,0.7596,0.4478,F,resource_fit:0.0938|tunnel_access_gain:0.1500|enemy_tunnel_threat:0.0115|collapse_risk:-0.0000|territory_pressure:0.0565|opportunity_cost:-0.4478
4,utility_tunneler_vs_utility_balancer,12,player,utility_tunneler,2,tunnel_entrance,"(1, -1)",,,0.3118,0.7596,0.4478,F,resource_fit:0.0938|tunnel_access_gain:0.1500|enemy_tunnel_threat:0.0115|collapse_risk:-0.0000|territory_pressure:0.0565|opportunity_cost:-0.4478
4,utility_tunneler_vs_utility_balancer,12,player,utility_tunneler,2,tunnel_entrance,"(2, -2)",,,0.2618,0.7596,0.4978,F,resource_fit:0.0938|tunnel_access_gain:0.1000|enemy_tunnel_threat:0.0115|collapse_risk:-0.0000|territory_pressure:0.0565|opportunity_cost:-0.4978
4,utility_tunneler_vs_utility_balancer,12,player,utility_tunneler,2,tunnel_extend,"(-3, 2)","(-3, 1)",,0.1905,0.7596,0.5691,F,resource_fit:0.0833|tunnel_access_gain:0.0583|enemy_tunnel_threat:0.0173|own_tunnel_pressure:-0.0250|collapse_risk:-0.0000|territory_pressure:0.0565|opportunity_cost:-0.5691
4,utility_tunneler_vs_utility_balancer,12,player,utility_tunneler,2,tunnel_extend,"(-2, 0)","(-3, 1)",,0.1322,0.7596,0.6275,F,resource_fit:0.0833|tunnel_access_gain:0.0000|enemy_tunnel_threat:0.0173|own_tunnel_pressure:-0.0250|collapse_risk:-0.0000|territory_pressure:0.0565|opportunity_cost:-0.6275
4,utility_tunneler_vs_utility_balancer,12,player,utility_tunneler,2,tunnel_extend,"(-2, 1)","(-3, 1)",,0.1322,0.7596,0.6275,F,resource_fit:0.0833|tunnel_access_gain:0.0000|enemy_tunnel_threat:0.0173|own_tunnel_pressure:-0.0250|collapse_risk:-0.0000|territory_pressure:0.0565|opportunity_cost:-0.6275
4,utility_tunneler_vs_utility_balancer,12,player,utility_tunneler,2,tunnel_extend,"(-3, 1)","(-2, 0)",,0.1322,0.7596,0.6275,F,resource_fit:0.0833|tunnel_access_gain:0.0000|enemy_tunnel_threat:0.0173|own_tunnel_pressure:-0.0250|collapse_risk:-0.0000|territory_pressure:0.0565|opportunity_cost:-0.6275
4,utility_tunneler_vs_utility_balancer,12,player,utility_tunneler,2,tunnel_extend,"(-2, -1)","(-2, 0)",,0.1905,0.7596,0.5691,F,resource_fit:0.0833|tunnel_access_gain:0.0583|enemy_tunnel_threat:0.0173|own_tunnel_pressure:-0.0250|collapse_risk:-0.0000|territory_pressure:0.0565|opportunity_cost:-0.5691
4,utility_tunneler_vs_utility_balancer,12,player,utility_tunneler,2,tunnel_extend,"(-2, 1)","(-2, 0)",,0.1322,0.7596,0.6275,F,resource_fit:0.0833|tunnel_access_gain:0.0000|enemy_tunnel_threat:0.0173|own_tunnel_pressure:-0.0250|collapse_risk:-0.0000|territory_pressure:0.0565|opportunity_cost:-0.6275
4,utility_tunneler_vs_utility_balancer,12,player,utility_tunneler,2,tunnel_extend,"(-1, -1)","(-2, 0)",,0.1322,0.7596,0.6275,F,resource_fit:0.0833|tunnel_access_gain:0.0000|enemy_tunnel_threat:0.0173|own_tunnel_pressure:-0.0250|collapse_risk:-0.0000|territory_pressure:0.0565|opportunity_cost:-0.6275
4,utility_tunneler_vs_utility_balancer,12,player,utility_tunneler,2,tunnel_extend,"(-1, 0)","(-2, 0)",,0.1322,0.7596,0.6275,F,resource_fit:0.0833|tunnel_access_gain:0.0000|enemy_tunnel_threat:0.0173|own_tunnel_pressure:-0.0250|collapse_risk:-0.0000|territory_pressure:0.0565|opportunity_cost:-0.6275
4,utility_tunneler_vs_utility_balancer,12,player,utility_tunneler,2,tunnel_extend,"(-3, 1)","(-2, 1)",,0.1322,0.7596,0.6275,F,resource_fit:0.0833|tunnel_access_gain:0.0000|enemy_tunnel_threat:0.0173|own_tunnel_pressure:-0.0250|collapse_risk:-0.0000|territory_pressure:0.0565|opportunity_cost:-0.6275
4,utility_tunneler_vs_utility_balancer,12,player,utility_tunneler,2,tunnel_extend,"(-3, 2)","(-2, 1)",,0.1905,0.7596,0.5691,F,resource_fit:0.0833|tunnel_access_gain:0.0583|enemy_tunnel_threat:0.0173|own_tunnel_pressure:-0.0250|collapse_risk:-0.0000|territory_pressure:0.0565|opportunity_cost:-0.5691
4,utility_tunneler_vs_utility_balancer,12,player,utility_tunneler,2,tunnel_extend,"(-2, 0)","(-2, 1)",,0.1322,0.7596,0.6275,F,resource_fit:0.0833|tunnel_access_gain:0.0000|enemy_tunnel_threat:0.0173|own_tunnel_pressure:-0.0250|collapse_risk:-0.0000|territory_pressure:0.0565|opportunity_cost:-0.6275
4,utility_tunneler_vs_utility_balancer,12,player,utility_tunneler,2,tunnel_extend,"(-2, 2)","(-2, 1)",,0.1905,0.7596,0.5691,F,resource_fit:0.0833|tunnel_access_gain:0.0583|enemy_tunnel_threat:0.0173|own_tunnel_pressure:-0.0250|collapse_risk:-0.0000|territory_pressure:0.0565|opportunity_cost:-0.5691
4,utility_tunneler_vs_utility_balancer,12,player,utility_tunneler,2,tunnel_extend,"(-1, 0)","(-2, 1)",,0.1322,0.7596,0.6275,F,resource_fit:0.0833|tunnel_access_gain:0.0000|enemy_tunnel_threat:0.0173|own_tunnel_pressure:-0.0250|collapse_risk:-0.0000|territory_pressure:0.0565|opportunity_cost:-0.6275
4,utility_tunneler_vs_utility_balancer,12,player,utility_tunneler,2,tunnel_extend,"(-1, 1)","(-2, 1)",,0.1905,0.7596,0.5691,F,resource_fit:0.0833|tunnel_access_gain:0.0583|enemy_tunnel_threat:0.0173|own_tunnel_pressure:-0.0250|collapse_risk:-0.0000|territory_pressure:0.0565|opportunity_cost:-0.5691
4,utility_tunneler_vs_utility_balancer,12,player,utility_tunneler,2,tunnel_extend,"(-2, -1)","(-1, -1)",,0.1905,0.7596,0.5691,F,resource_fit:0.0833|tunnel_access_gain:0.0583|enemy_tunnel_threat:0.0173|own_tunnel_pressure:-0.0250|collapse_risk:-0.0000|territory_pressure:0.0565|opportunity_cost:-0.5691
4,utility_tunneler_vs_utility_balancer,12,player,utility_tunneler,2,tunnel_extend,"(-2, 0)","(-1, -1)",,0.1322,0.7596,0.6275,F,resource_fit:0.0833|tunnel_access_gain:0.0000|enemy_tunnel_threat:0.0173|own_tunnel_pressure:-0.0250|collapse_risk:-0.0000|territory_pressure:0.0565|opportunity_cost:-0.6275
4,utility_tunneler_vs_utility_balancer,12,player,utility_tunneler,2,tunnel_extend,"(-1, 0)","(-1, -1)",,0.1322,0.7596,0.6275,F,resource_fit:0.0833|tunnel_access_gain:0.0000|enemy_tunnel_threat:0.0173|own_tunnel_pressure:-0.0250|collapse_risk:-0.0000|territory_pressure:0.0565|opportunity_cost:-0.6275
4,utility_tunneler_vs_utility_balancer,12,player,utility_tunneler,2,tunnel_extend,"(0, -1)","(-1, -1)",,0.1322,0.7596,0.6275,F,resource_fit:0.0833|tunnel_access_gain:0.0000|enemy_tunnel_threat:0.0173|own_tunnel_pressure:-0.0250|collapse_risk:-0.0000|territory_pressure:0.0565|opportunity_cost:-0.6275
4,utility_tunneler_vs_utility_balancer,12,player,utility_tunneler,2,tunnel_extend,"(-2, 0)","(-1, 0)",,0.1322,0.7596,0.6275,F,resource_fit:0.0833|tunnel_access_gain:0.0000|enemy_tunnel_threat:0.0173|own_tunnel_pressure:-0.0250|collapse_risk:-0.0000|territory_pressure:0.0565|opportunity_cost:-0.6275
4,utility_tunneler_vs_utility_balancer,12,player,utility_tunneler,2,tunnel_extend,"(-2, 1)","(-1, 0)",,0.1322,0.7596,0.6275,F,resource_fit:0.0833|tunnel_access_gain:0.0000|enemy_tunnel_threat:0.0173|own_tunnel_pressure:-0.0250|collapse_risk:-0.0000|territory_pressure:0.0565|opportunity_cost:-0.6275
4,utility_tunneler_vs_utility_balancer,12,player,utility_tunneler,2,tunnel_extend,"(-1, -1)","(-1, 0)",,0.1322,0.7596,0.6275,F,resource_fit:0.0833|tunnel_access_gain:0.0000|enemy_tunnel_threat:0.0173|own_tunnel_pressure:-0.0250|collapse_risk:-0.0000|territory_pressure:0.0565|opportunity_cost:-0.6275
4,utility_tunneler_vs_utility_balancer,12,player,utility_tunneler,2,tunnel_extend,"(-1, 1)","(-1, 0)",,0.1905,0.7596,0.5691,F,resource_fit:0.0833|tunnel_access_gain:0.0583|enemy_tunnel_threat:0.0173|own_tunnel_pressure:-0.0250|collapse_risk:-0.0000|territory_pressure:0.0565|opportunity_cost:-0.5691
4,utility_tunneler_vs_utility_balancer,12,player,utility_tunneler,2,tunnel_extend,"(0, -1)","(-1, 0)",,0.1322,0.7596,0.6275,F,resource_fit:0.0833|tunnel_access_gain:0.0000|enemy_tunnel_threat:0.0173|own_tunnel_pressure:-0.0250|collapse_risk:-0.0000|territory_pressure:0.0565|opportunity_cost:-0.6275
4,utility_tunneler_vs_utility_balancer,12,player,utility_tunneler,2,tunnel_extend,"(0, 0)","(-1, 0)",,0.1905,0.7596,0.5691,F,resource_fit:0.0833|tunnel_access_gain:0.0583|enemy_tunnel_threat:0.0173|own_tunnel_pressure:-0.0250|collapse_risk:-0.0000|territory_pressure:0.0565|opportunity_cost:-0.5691
4,utility_tunneler_vs_utility_balancer,12,player,utility_tunneler,2,tunnel_extend,"(-1, -1)","(0, -1)",,0.1322,0.7596,0.6275,F,resource_fit:0.0833|tunnel_access_gain:0.0000|enemy_tunnel_threat:0.0173|own_tunnel_pressure:-0.0250|collapse_risk:-0.0000|territory_pressure:0.0565|opportunity_cost:-0.6275
4,utility_tunneler_vs_utility_balancer,12,player,utility_tunneler,2,tunnel_extend,"(-1, 0)","(0, -1)",,0.1322,0.7596,0.6275,F,resource_fit:0.0833|tunnel_access_gain:0.0000|enemy_tunnel_threat:0.0173|own_tunnel_pressure:-0.0250|collapse_risk:-0.0000|territory_pressure:0.0565|opportunity_cost:-0.6275
4,utility_tunneler_vs_utility_balancer,12,player,utility_tunneler,2,tunnel_extend,"(0, 0)","(0, -1)",,0.1905,0.7596,0.5691,F,resource_fit:0.0833|tunnel_access_gain:0.0583|enemy_tunnel_threat:0.0173|own_tunnel_pressure:-0.0250|collapse_risk:-0.0000|territory_pressure:0.0565|opportunity_cost:-0.5691
4,utility_tunneler_vs_utility_balancer,12,player,utility_tunneler,2,tunnel_extend,"(1, -1)","(0, -1)",,0.1905,0.7596,0.5691,F,resource_fit:0.0833|tunnel_access_gain:0.0583|enemy_tunnel_threat:0.0173|own_tunnel_pressure:-0.0250|collapse_risk:-0.0000|territory_pressure:0.0565|opportunity_cost:-0.5691
4,utility_tunneler_vs_utility_balancer,12,player,utility_tunneler,2,wait,,,,0.0,0.7596,0.7596,F,opportunity_cost:-0.7596
4,utility_tunneler_vs_utility_balancer,12,player,utility_tunneler,3,tunnel_entrance,"(-3, 2)",,,0.2618,0.4257,0.1639,F,resource_fit:0.0938|tunnel_access_gain:0.1000|enemy_tunnel_threat:0.0115|collapse_risk:-0.0000|territory_pressure:0.0565|opportunity_cost:-0.1639
4,utility_tunneler_vs_utility_balancer,12,player,utility_tunneler,3,tunnel_entrance,"(-2, -1)",,,0.3118,0.4257,0.1139,F,resource_fit:0.0938|tunnel_access_gain:0.1500|enemy_tunnel_threat:0.0115|collapse_risk:-0.0000|territory_pressure:0.0565|opportunity_cost:-0.1139
4,utility_tunneler_vs_utility_balancer,12,player,utility_tunneler,3,tunnel_entrance,"(0, 0)",,,0.3118,0.4257,0.1139,F,resource_fit:0.0938|tunnel_access_gain:0.1500|enemy_tunnel_threat:0.0115|collapse_risk:-0.0000|territory_pressure:0.0565|opportunity_cost:-0.1139
4,utility_tunneler_vs_utility_balancer,12,player,utility_tunneler,3,tunnel_entrance,"(1, -1)",,,0.3118,0.4257,0.1139,F,resource_fit:0.0938|tunnel_access_gain:0.1500|enemy_tunnel_threat:0.0115|collapse_risk:-0.0000|territory_pressure:0.0565|opportunity_cost:-0.1139
4,utility_tunneler_vs_utility_balancer,12,player,utility_tunneler,3,tunnel_entrance,"(2, -2)",,,0.2618,0.4257,0.1639,F,resource_fit:0.0938|tunnel_access_gain:0.1000|enemy_tunnel_threat:0.0115|collapse_risk:-0.0000|territory_pressure:0.0565|opportunity_cost:-0.1639
4,utility_tunneler_vs_utility_balancer,12,player,utility_tunneler,3,tunnel_extend,"(-3, 2)","(-3, 1)",,0.1905,0.4257,0.2352,F,resource_fit:0.0833|tunnel_access_gain:0.0583|enemy_tunnel_threat:0.0173|own_tunnel_pressure:-0.0250|collapse_risk:-0.0000|territory_pressure:0.0565|opportunity_cost:-0.2352
4,utility_tunneler_vs_utility_balancer,12,player,utility_tunneler,3,tunnel_extend,"(-2, 0)","(-3, 1)",,0.1322,0.4257,0.2935,F,resource_fit:0.0833|tunnel_access_gain:0.0000|enemy_tunnel_threat:0.0173|own_tunnel_pressure:-0.0250|collapse_risk:-0.0000|territory_pressure:0.0565|opportunity_cost:-0.2935
4,utility_tunneler_vs_utility_balancer,12,player,utility_tunneler,3,tunnel_extend,"(-2, 1)","(-3, 1)",,0.1322,0.4257,0.2935,F,resource_fit:0.0833|tunnel_access_gain:0.0000|enemy_tunnel_threat:0.0173|own_tunnel_pressure:-0.0250|collapse_risk:-0.0000|territory_pressure:0.0565|opportunity_cost:-0.2935
4,utility_tunneler_vs_utility_balancer,12,player,utility_tunneler,3,tunnel_extend,"(-3, 1)","(-2, 0)",,0.1322,0.4257,0.2935,F,resource_fit:0.0833|tunnel_access_gain:0.0000|enemy_tunnel_threat:0.0173|own_tunnel_pressure:-0.0250|collapse_risk:-0.0000|territory_pressure:0.0565|opportunity_cost:-0.2935
4,utility_tunneler_vs_utility_balancer,12,player,utility_tunneler,3,tunnel_extend,"(-2, -1)","(-2, 0)",,0.1905,0.4257,0.2352,F,resource_fit:0.0833|tunnel_access_gain:0.0583|enemy_tunnel_threat:0.0173|own_tunnel_pressure:-0.0250|collapse_risk:-0.0000|territory_pressure:0.0565|opportunity_cost:-0.2352
4,utility_tunneler_vs_utility_balancer,12,player,utility_tunneler,3,tunnel_extend,"(-2, 1)","(-2, 0)",,0.1322,0.4257,0.2935,F,resource_fit:0.0833|tunnel_access_gain:0.0000|enemy_tunnel_threat:0.0173|own_tunnel_pressure:-0.0250|collapse_risk:-0.0000|territory_pressure:0.0565|opportunity_cost:-0.2935
4,utility_tunneler_vs_utility_balancer,12,player,utility_tunneler,3,tunnel_extend,"(-1, -1)","(-2, 0)",,0.1322,0.4257,0.2935,F,resource_fit:0.0833|tunnel_access_gain:0.0000|enemy_tunnel_threat:0.0173|own_tunnel_pressure:-0.0250|collapse_risk:-0.0000|territory_pressure:0.0565|opportunity_cost:-0.2935
4,utility_tunneler_vs_utility_balancer,12,player,utility_tunneler,3,tunnel_extend,"(-1, 0)","(-2, 0)",,0.1322,0.4257,0.2935,F,resource_fit:0.0833|tunnel_access_gain:0.0000|enemy_tunnel_threat:0.0173|own_tunnel_pressure:-0.0250|collapse_risk:-0.0000|territory_pressure:0.0565|opportunity_cost:-0.2935
4,utility_tunneler_vs_utility_balancer,12,player,utility_tunneler,3,tunnel_extend,"(-3, 1)","(-2, 1)",,0.1322,0.4257,0.2935,F,resource_fit:0.0833|tunnel_access_gain:0.0000|enemy_tunnel_threat:0.0173|own_tunnel_pressure:-0.0250|collapse_risk:-0.0000|territory_pressure:0.0565|opportunity_cost:-0.2935
4,utility_tunneler_vs_utility_balancer,12,player,utility_tunneler,3,tunnel_extend,"(-3, 2)","(-2, 1)",,0.1905,0.4257,0.2352,F,resource_fit:0.0833|tunnel_access_gain:0.0583|enemy_tunnel_threat:0.0173|own_tunnel_pressure:-0.0250|collapse_risk:-0.0000|territory_pressure:0.0565|opportunity_cost:-0.2352
4,utility_tunneler_vs_utility_balancer,12,player,utility_tunneler,3,tunnel_extend,"(-2, 0)","(-2, 1)",,0.1322,0.4257,0.2935,F,resource_fit:0.0833|tunnel_access_gain:0.0000|enemy_tunnel_threat:0.0173|own_tunnel_pressure:-0.0250|collapse_risk:-0.0000|territory_pressure:0.0565|opportunity_cost:-0.2935
4,utility_tunneler_vs_utility_balancer,12,player,utility_tunneler,3,tunnel_extend,"(-2, 2)","(-2, 1)",,0.1905,0.4257,0.2352,F,resource_fit:0.0833|tunnel_access_gain:0.0583|enemy_tunnel_threat:0.0173|own_tunnel_pressure:-0.0250|collapse_risk:-0.0000|territory_pressure:0.0565|opportunity_cost:-0.2352
4,utility_tunneler_vs_utility_balancer,12,player,utility_tunneler,3,tunnel_extend,"(-1, 0)","(-2, 1)",,0.1322,0.4257,0.2935,F,resource_fit:0.0833|tunnel_access_gain:0.0000|enemy_tunnel_threat:0.0173|own_tunnel_pressure:-0.0250|collapse_risk:-0.0000|territory_pressure:0.0565|opportunity_cost:-0.2935
4,utility_tunneler_vs_utility_balancer,12,player,utility_tunneler,3,tunnel_extend,"(-1, 1)","(-2, 1)",,0.1905,0.4257,0.2352,F,resource_fit:0.0833|tunnel_access_gain:0.0583|enemy_tunnel_threat:0.0173|own_tunnel_pressure:-0.0250|collapse_risk:-0.0000|territory_pressure:0.0565|opportunity_cost:-0.2352
4,utility_tunneler_vs_utility_balancer,12,player,utility_tunneler,3,tunnel_extend,"(-2, -1)","(-1, -1)",,0.1905,0.4257,0.2352,F,resource_fit:0.0833|tunnel_access_gain:0.0583|enemy_tunnel_threat:0.0173|own_tunnel_pressure:-0.0250|collapse_risk:-0.0000|territory_pressure:0.0565|opportunity_cost:-0.2352
4,utility_tunneler_vs_utility_balancer,12,player,utility_tunneler,3,tunnel_extend,"(-2, 0)","(-1, -1)",,0.1322,0.4257,0.2935,F,resource_fit:0.0833|tunnel_access_gain:0.0000|enemy_tunnel_threat:0.0173|own_tunnel_pressure:-0.0250|collapse_risk:-0.0000|territory_pressure:0.0565|opportunity_cost:-0.2935
4,utility_tunneler_vs_utility_balancer,12,player,utility_tunneler,3,tunnel_extend,"(-1, 0)","(-1, -1)",,0.1322,0.4257,0.2935,F,resource_fit:0.0833|tunnel_access_gain:0.0000|enemy_tunnel_threat:0.0173|own_tunnel_pressure:-0.0250|collapse_risk:-0.0000|territory_pressure:0.0565|opportunity_cost:-0.2935
4,utility_tunneler_vs_utility_balancer,12,player,utility_tunneler,3,tunnel_extend,"(0, -1)","(-1, -1)",,0.1322,0.4257,0.2935,F,resource_fit:0.0833|tunnel_access_gain:0.0000|enemy_tunnel_threat:0.0173|own_tunnel_pressure:-0.0250|collapse_risk:-0.0000|territory_pressure:0.0565|opportunity_cost:-0.2935
4,utility_tunneler_vs_utility_balancer,12,player,utility_tunneler,3,tunnel_extend,"(-2, 0)","(-1, 0)",,0.1322,0.4257,0.2935,F,resource_fit:0.0833|tunnel_access_gain:0.0000|enemy_tunnel_threat:0.0173|own_tunnel_pressure:-0.0250|collapse_risk:-0.0000|territory_pressure:0.0565|opportunity_cost:-0.2935
4,utility_tunneler_vs_utility_balancer,12,player,utility_tunneler,3,tunnel_extend,"(-2, 1)","(-1, 0)",,0.1322,0.4257,0.2935,F,resource_fit:0.0833|tunnel_access_gain:0.0000|enemy_tunnel_threat:0.0173|own_tunnel_pressure:-0.0250|collapse_risk:-0.0000|territory_pressure:0.0565|opportunity_cost:-0.2935
4,utility_tunneler_vs_utility_balancer,12,player,utility_tunneler,3,tunnel_extend,"(-1, -1)","(-1, 0)",,0.1322,0.4257,0.2935,F,resource_fit:0.0833|tunnel_access_gain:0.0000|enemy_tunnel_threat:0.0173|own_tunnel_pressure:-0.0250|collapse_risk:-0.0000|territory_pressure:0.0565|opportunity_cost:-0.2935
4,utility_tunneler_vs_utility_balancer,12,player,utility_tunneler,3,tunnel_extend,"(-1, 1)","(-1, 0)",,0.1905,0.4257,0.2352,F,resource_fit:0.0833|tunnel_access_gain:0.0583|enemy_tunnel_threat:0.0173|own_tunnel_pressure:-0.0250|collapse_risk:-0.0000|territory_pressure:0.0565|opportunity_cost:-0.2352
4,utility_tunneler_vs_utility_balancer,12,player,utility_tunneler,3,tunnel_extend,"(0, -1)","(-1, 0)",,0.1322,0.4257,0.2935,F,resource_fit:0.0833|tunnel_access_gain:0.0000|enemy_tunnel_threat:0.0173|own_tunnel_pressure:-0.0250|collapse_risk:-0.0000|territory_pressure:0.0565|opportunity_cost:-0.2935
4,utility_tunneler_vs_utility_balancer,12,player,utility_tunneler,3,tunnel_extend,"(0, 0)","(-1, 0)",,0.1905,0.4257,0.2352,F,resource_fit:0.0833|tunnel_access_gain:0.0583|enemy_tunnel_threat:0.0173|own_tunnel_pressure:-0.0250|collapse_risk:-0.0000|territory_pressure:0.0565|opportunity_cost:-0.2352
4,utility_tunneler_vs_utility_balancer,12,player,utility_tunneler,3,tunnel_extend,"(-1, -1)","(0, -1)",,0.1322,0.4257,0.2935,F,resource_fit:0.0833|tunnel_access_gain:0.0000|enemy_tunnel_threat:0.0173|own_tunnel_pressure:-0.0250|collapse_risk:-0.0000|territory_pressure:0.0565|opportunity_cost:-0.2935
4,utility_tunneler_vs_utility_balancer,12,player,utility_tunneler,3,tunnel_extend,"(-1, 0)","(0, -1)",,0.1322,0.4257,0.2935,F,resource_fit:0.0833|tunnel_access_gain:0.0000|enemy_tunnel_threat:0.0173|own_tunnel_pressure:-0.0250|collapse_risk:-0.0000|territory_pressure:0.0565|opportunity_cost:-0.2935
4,utility_tunneler_vs_utility_balancer,12,player,utility_tunneler,3,tunnel_extend,"(0, 0)","(0, -1)",,0.1905,0.4257,0.2352,F,resource_fit:0.0833|tunnel_access_gain:0.0583|enemy_tunnel_threat:0.0173|own_tunnel_pressure:-0.0250|collapse_risk:-0.0000|territory_pressure:0.0565|opportunity_cost:-0.2352
4,utility_tunneler_vs_utility_balancer,12,player,utility_tunneler,3,tunnel_extend,"(1, -1)","(0, -1)",,0.1905,0.4257,0.2352,F,resource_fit:0.0833|tunnel_access_gain:0.0583|enemy_tunnel_threat:0.0173|own_tunnel_pressure:-0.0250|collapse_risk:-0.0000|territory_pressure:0.0565|opportunity_cost:-0.2352
4,utility_tunneler_vs_utility_balancer,12,player,utility_tunneler,3,wait,,,,0.0,0.4257,0.4257,F,opportunity_cost:-0.4257
4,utility_tunneler_vs_utility_balancer,13,player,utility_tunneler,1,tunnel_entrance,"(-3, 2)",,,0.3347,0.9144,0.5797,F,resource_fit:0.1667|tunnel_access_gain:0.1000|enemy_tunnel_threat:0.0115|collapse_risk:-0.0000|territory_pressure:0.0565|opportunity_cost:-0.5797
4,utility_tunneler_vs_utility_balancer,13,player,utility_tunneler,1,tunnel_entrance,"(-2, -1)",,,0.3847,0.9144,0.5297,F,resource_fit:0.1667|tunnel_access_gain:0.1500|enemy_tunnel_threat:0.0115|collapse_risk:-0.0000|territory_pressure:0.0565|opportunity_cost:-0.5297
4,utility_tunneler_vs_utility_balancer,13,player,utility_tunneler,1,tunnel_entrance,"(0, 0)",,,0.3847,0.9144,0.5297,F,resource_fit:0.1667|tunnel_access_gain:0.1500|enemy_tunnel_threat:0.0115|collapse_risk:-0.0000|territory_pressure:0.0565|opportunity_cost:-0.5297
4,utility_tunneler_vs_utility_balancer,13,player,utility_tunneler,1,tunnel_entrance,"(1, -1)",,,0.3847,0.9144,0.5297,F,resource_fit:0.1667|tunnel_access_gain:0.1500|enemy_tunnel_threat:0.0115|collapse_risk:-0.0000|territory_pressure:0.0565|opportunity_cost:-0.5297
4,utility_tunneler_vs_utility_balancer,13,player,utility_tunneler,1,tunnel_entrance,"(2, -2)",,,0.3347,0.9144,0.5797,F,resource_fit:0.1667|tunnel_access_gain:0.1000|enemy_tunnel_threat:0.0115|collapse_risk:-0.0000|territory_pressure:0.0565|opportunity_cost:-0.5797
4,utility_tunneler_vs_utility_balancer,13,player,utility_tunneler,1,tunnel_entrance,"(3, -2)",,,0.2847,0.9144,0.6297,F,resource_fit:0.1667|tunnel_access_gain:0.0500|enemy_tunnel_threat:0.0115|collapse_risk:-0.0000|territory_pressure:0.0565|opportunity_cost:-0.6297
4,utility_tunneler_vs_utility_balancer,13,player,utility_tunneler,1,tunnel_extend,"(-3, 2)","(-3, 1)",,0.2488,0.9144,0.6656,F,resource_fit:0.1417|tunnel_access_gain:0.0583|enemy_tunnel_threat:0.0173|own_tunnel_pressure:-0.0250|collapse_risk:-0.0000|territory_pressure:0.0565|opportunity_cost:-0.6656
4,utility_tunneler_vs_utility_balancer,13,player,utility_tunneler,1,tunnel_extend,"(-2, 0)","(-3, 1)",,0.1905,0.9144,0.7239,F,resource_fit:0.1417|tunnel_access_gain:0.0000|enemy_tunnel_threat:0.0173|own_tunnel_pressure:-0.0250|collapse_risk:-0.0000|territory_pressure:0.0565|opportunity_cost:-0.7239
4,utility_tunneler_vs_utility_balancer,13,player,utility_tunneler,1,tunnel_extend,"(-2, 1)","(-3, 1)",,0.1905,0.9144,0.7239,F,resource_fit:0.1417|tunnel_access_gain:0.0000|enemy_tunnel_threat:0.0173|own_tunnel_pressure:-0.0250|collapse_risk:-0.0000|territory_pressure:0.0565|opportunity_cost:-0.7239
4,utility_tunneler_vs_utility_balancer,13,player,utility_tunneler,1,tunnel_extend,"(-3, 1)","(-2, 0)",,0.1905,0.9144,0.7239,F,resource_fit:0.1417|tunnel_access_gain:0.0000|enemy_tunnel_threat:0.0173|own_tunnel_pressure:-0.0250|collapse_risk:-0.0000|territory_pressure:0.0565|opportunity_cost:-0.7239
4,utility_tunneler_vs_utility_balancer,13,player,utility_tunneler,1,tunnel_extend,"(-2, -1)","(-2, 0)",,0.2488,0.9144,0.6656,F,resource_fit:0.1417|tunnel_access_gain:0.0583|enemy_tunnel_threat:0.0173|own_tunnel_pressure:-0.0250|collapse_risk:-0.0000|territory_pressure:0.0565|opportunity_cost:-0.6656
4,utility_tunneler_vs_utility_balancer,13,player,utility_tunneler,1,tunnel_extend,"(-2, 1)","(-2, 0)",,0.1905,0.9144,0.7239,F,resource_fit:0.1417|tunnel_access_gain:0.0000|enemy_tunnel_threat:0.0173|own_tunnel_pressure:-0.0250|collapse_risk:-0.0000|territory_pressure:0.0565|opportunity_cost:-0.7239
4,utility_tunneler_vs_utility_balancer,13,player,utility_tunneler,1,tunnel_extend,"(-1, -1)","(-2, 0)",,0.1905,0.9144,0.7239,F,resource_fit:0.1417|tunnel_access_gain:0.0000|enemy_tunnel_threat:0.0173|own_tunnel_pressure:-0.0250|collapse_risk:-0.0000|territory_pressure:0.0565|opportunity_cost:-0.7239
4,utility_tunneler_vs_utility_balancer,13,player,utility_tunneler,1,tunnel_extend,"(-1, 0)","(-2, 0)",,0.1905,0.9144,0.7239,F,resource_fit:0.1417|tunnel_access_gain:0.0000|enemy_tunnel_threat:0.0173|own_tunnel_pressure:-0.0250|collapse_risk:-0.0000|territory_pressure:0.0565|opportunity_cost:-0.7239
4,utility_tunneler_vs_utility_balancer,13,player,utility_tunneler,1,tunnel_extend,"(-3, 1)","(-2, 1)",,0.1905,0.9144,0.7239,F,resource_fit:0.1417|tunnel_access_gain:0.0000|enemy_tunnel_threat:0.0173|own_tunnel_pressure:-0.0250|collapse_risk:-0.0000|territory_pressure:0.0565|opportunity_cost:-0.7239
4,utility_tunneler_vs_utility_balancer,13,player,utility_tunneler,1,tunnel_extend,"(-3, 2)","(-2, 1)",,0.2488,0.9144,0.6656,F,resource_fit:0.1417|tunnel_access_gain:0.0583|enemy_tunnel_threat:0.0173|own_tunnel_pressure:-0.0250|collapse_risk:-0.0000|territory_pressure:0.0565|opportunity_cost:-0.6656
4,utility_tunneler_vs_utility_balancer,13,player,utility_tunneler,1,tunnel_extend,"(-2, 0)","(-2, 1)",,0.1905,0.9144,0.7239,F,resource_fit:0.1417|tunnel_access_gain:0.0000|enemy_tunnel_threat:0.0173|own_tunnel_pressure:-0.0250|collapse_risk:-0.0000|territory_pressure:0.0565|opportunity_cost:-0.7239
4,utility_tunneler_vs_utility_balancer,13,player,utility_tunneler,1,tunnel_extend,"(-2, 2)","(-2, 1)",,0.2488,0.9144,0.6656,F,resource_fit:0.1417|tunnel_access_gain:0.0583|enemy_tunnel_threat:0.0173|own_tunnel_pressure:-0.0250|collapse_risk:-0.0000|territory_pressure:0.0565|opportunity_cost:-0.6656
4,utility_tunneler_vs_utility_balancer,13,player,utility_tunneler,1,tunnel_extend,"(-1, 0)","(-2, 1)",,0.1905,0.9144,0.7239,F,resource_fit:0.1417|tunnel_access_gain:0.0000|enemy_tunnel_threat:0.0173|own_tunnel_pressure:-0.0250|collapse_risk:-0.0000|territory_pressure:0.0565|opportunity_cost:-0.7239
4,utility_tunneler_vs_utility_balancer,13,player,utility_tunneler,1,tunnel_extend,"(-1, 1)","(-2, 1)",,0.2488,0.9144,0.6656,F,resource_fit:0.1417|tunnel_access_gain:0.0583|enemy_tunnel_threat:0.0173|own_tunnel_pressure:-0.0250|collapse_risk:-0.0000|territory_pressure:0.0565|opportunity_cost:-0.6656
4,utility_tunneler_vs_utility_balancer,13,player,utility_tunneler,1,tunnel_extend,"(-2, -1)","(-1, -1)",,0.2488,0.9144,0.6656,F,resource_fit:0.1417|tunnel_access_gain:0.0583|enemy_tunnel_threat:0.0173|own_tunnel_pressure:-0.0250|collapse_risk:-0.0000|territory_pressure:0.0565|opportunity_cost:-0.6656
4,utility_tunneler_vs_utility_balancer,13,player,utility_tunneler,1,tunnel_extend,"(-2, 0)","(-1, -1)",,0.1905,0.9144,0.7239,F,resource_fit:0.1417|tunnel_access_gain:0.0000|enemy_tunnel_threat:0.0173|own_tunnel_pressure:-0.0250|collapse_risk:-0.0000|territory_pressure:0.0565|opportunity_cost:-0.7239
4,utility_tunneler_vs_utility_balancer,13,player,utility_tunneler,1,tunnel_extend,"(-1, 0)","(-1, -1)",,0.1905,0.9144,0.7239,F,resource_fit:0.1417|tunnel_access_gain:0.0000|enemy_tunnel_threat:0.0173|own_tunnel_pressure:-0.0250|collapse_risk:-0.0000|territory_pressure:0.0565|opportunity_cost:-0.7239
4,utility_tunneler_vs_utility_balancer,13,player,utility_tunneler,1,tunnel_extend,"(0, -1)","(-1, -1)",,0.1905,0.9144,0.7239,F,resource_fit:0.1417|tunnel_access_gain:0.0000|enemy_tunnel_threat:0.0173|own_tunnel_pressure:-0.0250|collapse_risk:-0.0000|territory_pressure:0.0565|opportunity_cost:-0.7239
4,utility_tunneler_vs_utility_balancer,13,player,utility_tunneler,1,tunnel_extend,"(-2, 0)","(-1, 0)",,0.1905,0.9144,0.7239,F,resource_fit:0.1417|tunnel_access_gain:0.0000|enemy_tunnel_threat:0.0173|own_tunnel_pressure:-0.0250|collapse_risk:-0.0000|territory_pressure:0.0565|opportunity_cost:-0.7239
4,utility_tunneler_vs_utility_balancer,13,player,utility_tunneler,1,tunnel_extend,"(-2, 1)","(-1, 0)",,0.1905,0.9144,0.7239,F,resource_fit:0.1417|tunnel_access_gain:0.0000|enemy_tunnel_threat:0.0173|own_tunnel_pressure:-0.0250|collapse_risk:-0.0000|territory_pressure:0.0565|opportunity_cost:-0.7239
4,utility_tunneler_vs_utility_balancer,13,player,utility_tunneler,1,tunnel_extend,"(-1, -1)","(-1, 0)",,0.1905,0.9144,0.7239,F,resource_fit:0.1417|tunnel_access_gain:0.0000|enemy_tunnel_threat:0.0173|own_tunnel_pressure:-0.0250|collapse_risk:-0.0000|territory_pressure:0.0565|opportunity_cost:-0.7239
4,utility_tunneler_vs_utility_balancer,13,player,utility_tunneler,1,tunnel_extend,"(-1, 1)","(-1, 0)",,0.2488,0.9144,0.6656,F,resource_fit:0.1417|tunnel_access_gain:0.0583|enemy_tunnel_threat:0.0173|own_tunnel_pressure:-0.0250|collapse_risk:-0.0000|territory_pressure:0.0565|opportunity_cost:-0.6656
4,utility_tunneler_vs_utility_balancer,13,player,utility_tunneler,1,tunnel_extend,"(0, -1)","(-1, 0)",,0.1905,0.9144,0.7239,F,resource_fit:0.1417|tunnel_access_gain:0.0000|enemy_tunnel_threat:0.0173|own_tunnel_pressure:-0.0250|collapse_risk:-0.0000|territory_pressure:0.0565|opportunity_cost:-0.7239
4,utility_tunneler_vs_utility_balancer,13,player,utility_tunneler,1,tunnel_extend,"(0, 0)","(-1, 0)",,0.2488,0.9144,0.6656,F,resource_fit:0.1417|tunnel_access_gain:0.0583|enemy_tunnel_threat:0.0173|own_tunnel_pressure:-0.0250|collapse_risk:-0.0000|territory_pressure:0.0565|opportunity_cost:-0.6656
4,utility_tunneler_vs_utility_balancer,13,player,utility_tunneler,1,tunnel_extend,"(-1, -1)","(0, -1)",,0.1905,0.9144,0.7239,F,resource_fit:0.1417|tunnel_access_gain:0.0000|enemy_tunnel_threat:0.0173|own_tunnel_pressure:-0.0250|collapse_risk:-0.0000|territory_pressure:0.0565|opportunity_cost:-0.7239
4,utility_tunneler_vs_utility_balancer,13,player,utility_tunneler,1,tunnel_extend,"(-1, 0)","(0, -1)",,0.1905,0.9144,0.7239,F,resource_fit:0.1417|tunnel_access_gain:0.0000|enemy_tunnel_threat:0.0173|own_tunnel_pressure:-0.0250|collapse_risk:-0.0000|territory_pressure:0.0565|opportunity_cost:-0.7239
4,utility_tunneler_vs_utility_balancer,13,player,utility_tunneler,1,tunnel_extend,"(0, 0)","(0, -1)",,0.2488,0.9144,0.6656,F,resource_fit:0.1417|tunnel_access_gain:0.0583|enemy_tunnel_threat:0.0173|own_tunnel_pressure:-0.0250|collapse_risk:-0.0000|territory_pressure:0.0565|opportunity_cost:-0.6656
4,utility_tunneler_vs_utility_balancer,13,player,utility_tunneler,1,tunnel_extend,"(1, -1)","(0, -1)",,0.2488,0.9144,0.6656,F,resource_fit:0.1417|tunnel_access_gain:0.0583|enemy_tunnel_threat:0.0173|own_tunnel_pressure:-0.0250|collapse_risk:-0.0000|territory_pressure:0.0565|opportunity_cost:-0.6656
4,utility_tunneler_vs_utility_balancer,13,player,utility_tunneler,1,wait,,,,0.0,0.9144,0.9144,F,opportunity_cost:-0.9144
4,utility_tunneler_vs_utility_balancer,13,player,utility_tunneler,2,tunnel_entrance,"(-3, 2)",,,0.2818,0.8951,0.6133,F,resource_fit:0.1146|tunnel_access_gain:0.1000|enemy_tunnel_threat:0.0107|collapse_risk:-0.0000|territory_pressure:0.0565|opportunity_cost:-0.6133
4,utility_tunneler_vs_utility_balancer,13,player,utility_tunneler,2,tunnel_entrance,"(-2, -1)",,,0.3318,0.8951,0.5633,F,resource_fit:0.1146|tunnel_access_gain:0.1500|enemy_tunnel_threat:0.0107|collapse_risk:-0.0000|territory_pressure:0.0565|opportunity_cost:-0.5633
4,utility_tunneler_vs_utility_balancer,13,player,utility_tunneler,2,tunnel_entrance,"(0, 0)",,,0.3318,0.8951,0.5633,F,resource_fit:0.1146|tunnel_access_gain:0.1500|enemy_tunnel_threat:0.0107|collapse_risk:-0.0000|territory_pressure:0.0565|opportunity_cost:-0.5633
4,utility_tunneler_vs_utility_balancer,13,player,utility_tunneler,2,tunnel_entrance,"(1, -1)",,,0.3818,0.8951,0.5133,F,resource_fit:0.1146|tunnel_access_gain:0.2000|enemy_tunnel_threat:0.0107|collapse_risk:-0.0000|territory_pressure:0.0565|opportunity_cost:-0.5133
4,utility_tunneler_vs_utility_balancer,13,player,utility_tunneler,2,tunnel_entrance,"(2, -2)",,,0.3318,0.8951,0.5633,F,resource_fit:0.1146|tunnel_access_gain:0.1500|enemy_tunnel_threat:0.0107|collapse_risk:-0.0000|territory_pressure:0.0565|opportunity_cost:-0.5633
4,utility_tunneler_vs_utility_balancer,13,player,utility_tunneler,2,tunnel_entrance,"(3, -2)",,,0.2318,0.8951,0.6633,F,resource_fit:0.1146|tunnel_access_gain:0.0500|enemy_tunnel_threat:0.0107|collapse_risk:-0.0000|territory_pressure:0.0565|opportunity_cost:-0.6633
4,utility_tunneler_vs_utility_balancer,13,player,utility_tunneler,2,tunnel_extend,"(-3, 2)","(-3, 1)",,0.2059,0.8951,0.6892,F,resource_fit:0.1000|tunnel_access_gain:0.0583|enemy_tunnel_threat:0.0161|own_tunnel_pressure:-0.0250|collapse_risk:-0.0000|territory_pressure:0.0565|opportunity_cost:-0.6892
4,utility_tunneler_vs_utility_balancer,13,player,utility_tunneler,2,tunnel_extend,"(-2, 0)","(-3, 1)",,0.1476,0.8951,0.7475,F,resource_fit:0.1000|tunnel_access_gain:0.0000|enemy_tunnel_threat:0.0161|own_tunnel_pressure:-0.0250|collapse_risk:-0.0000|territory_pressure:0.0565|opportunity_cost:-0.7475
4,utility_tunneler_vs_utility_balancer,13,player,utility_tunneler,2,tunnel_extend,"(-2, 1)","(-3, 1)",,0.1476,0.8951,0.7475,F,resource_fit:0.1000|tunnel_access_gain:0.0000|enemy_tunnel_threat:0.0161|own_tunnel_pressure:-0.0250|collapse_risk:-0.0000|territory_pressure:0.0565|opportunity_cost:-0.7475
4,utility_tunneler_vs_utility_balancer,13,player,utility_tunneler,2,tunnel_extend,"(-3, 1)","(-2, 0)",,0.1476,0.8951,0.7475,F,resource_fit:0.1000|tunnel_access_gain:0.0000|enemy_tunnel_threat:0.0161|own_tunnel_pressure:-0.0250|collapse_risk:-0.0000|territory_pressure:0.0565|opportunity_cost:-0.7475
4,utility_tunneler_vs_utility_balancer,13,player,utility_tunneler,2,tunnel_extend,"(-2, -1)","(-2, 0)",,0.2059,0.8951,0.6892,F,resource_fit:0.1000|tunnel_access_gain:0.0583|enemy_tunnel_threat:0.0161|own_tunnel_pressure:-0.0250|collapse_risk:-0.0000|territory_pressure:0.0565|opportunity_cost:-0.6892
4,utility_tunneler_vs_utility_balancer,13,player,utility_tunneler,2,tunnel_extend,"(-2, 1)","(-2, 0)",,0.1476,0.8951,0.7475,F,resource_fit:0.1000|tunnel_access_gain:0.0000|enemy_tunnel_threat:0.0161|own_tunnel_pressure:-0.0250|collapse_risk:-0.0000|territory_pressure:0.0565|opportunity_cost:-0.7475
4,utility_tunneler_vs_utility_balancer,13,player,utility_tunneler,2,tunnel_extend,"(-1, -1)","(-2, 0)",,0.1476,0.8951,0.7475,F,resource_fit:0.1000|tunnel_access_gain:0.0000|enemy_tunnel_threat:0.0161|own_tunnel_pressure:-0.0250|collapse_risk:-0.0000|territory_pressure:0.0565|opportunity_cost:-0.7475
4,utility_tunneler_vs_utility_balancer,13,player,utility_tunneler,2,tunnel_extend,"(-1, 0)","(-2, 0)",,0.1476,0.8951,0.7475,F,resource_fit:0.1000|tunnel_access_gain:0.0000|enemy_tunnel_threat:0.0161|own_tunnel_pressure:-0.0250|collapse_risk:-0.0000|territory_pressure:0.0565|opportunity_cost:-0.7475
4,utility_tunneler_vs_utility_balancer,13,player,utility_tunneler,2,tunnel_extend,"(-3, 1)","(-2, 1)",,0.1476,0.8951,0.7475,F,resource_fit:0.1000|tunnel_access_gain:0.0000|enemy_tunnel_threat:0.0161|own_tunnel_pressure:-0.0250|collapse_risk:-0.0000|territory_pressure:0.0565|opportunity_cost:-0.7475
4,utility_tunneler_vs_utility_balancer,13,player,utility_tunneler,2,tunnel_extend,"(-3, 2)","(-2, 1)",,0.2059,0.8951,0.6892,F,resource_fit:0.1000|tunnel_access_gain:0.0583|enemy_tunnel_threat:0.0161|own_tunnel_pressure:-0.0250|collapse_risk:-0.0000|territory_pressure:0.0565|opportunity_cost:-0.6892
4,utility_tunneler_vs_utility_balancer,13,player,utility_tunneler,2,tunnel_extend,"(-2, 0)","(-2, 1)",,0.1476,0.8951,0.7475,F,resource_fit:0.1000|tunnel_access_gain:0.0000|enemy_tunnel_threat:0.0161|own_tunnel_pressure:-0.0250|collapse_risk:-0.0000|territory_pressure:0.0565|opportunity_cost:-0.7475
4,utility_tunneler_vs_utility_balancer,13,player,utility_tunneler,2,tunnel_extend,"(-2, 2)","(-2, 1)",,0.2059,0.8951,0.6892,F,resource_fit:0.1000|tunnel_access_gain:0.0583|enemy_tunnel_threat:0.0161|own_tunnel_pressure:-0.0250|collapse_risk:-0.0000|territory_pressure:0.0565|opportunity_cost:-0.6892
4,utility_tunneler_vs_utility_balancer,13,player,utility_tunneler,2,tunnel_extend,"(-1, 0)","(-2, 1)",,0.1476,0.8951,0.7475,F,resource_fit:0.1000|tunnel_access_gain:0.0000|enemy_tunnel_threat:0.0161|own_tunnel_pressure:-0.0250|collapse_risk:-0.0000|territory_pressure:0.0565|opportunity_cost:-0.7475
4,utility_tunneler_vs_utility_balancer,13,player,utility_tunneler,2,tunnel_extend,"(-1, 1)","(-2, 1)",,0.2059,0.8951,0.6892,F,resource_fit:0.1000|tunnel_access_gain:0.0583|enemy_tunnel_threat:0.0161|own_tunnel_pressure:-0.0250|collapse_risk:-0.0000|territory_pressure:0.0565|opportunity_cost:-0.6892
4,utility_tunneler_vs_utility_balancer,13,player,utility_tunneler,2,tunnel_extend,"(-2, -1)","(-1, -1)",,0.2059,0.8951,0.6892,F,resource_fit:0.1000|tunnel_access_gain:0.0583|enemy_tunnel_threat:0.0161|own_tunnel_pressure:-0.0250|collapse_risk:-0.0000|territory_pressure:0.0565|opportunity_cost:-0.6892
4,utility_tunneler_vs_utility_balancer,13,player,utility_tunneler,2,tunnel_extend,"(-2, 0)","(-1, -1)",,0.1476,0.8951,0.7475,F,resource_fit:0.1000|tunnel_access_gain:0.0000|enemy_tunnel_threat:0.0161|own_tunnel_pressure:-0.0250|collapse_risk:-0.0000|territory_pressure:0.0565|opportunity_cost:-0.7475
4,utility_tunneler_vs_utility_balancer,13,player,utility_tunneler,2,tunnel_extend,"(-1, 0)","(-1, -1)",,0.1476,0.8951,0.7475,F,resource_fit:0.1000|tunnel_access_gain:0.0000|enemy_tunnel_threat:0.0161|own_tunnel_pressure:-0.0250|collapse_risk:-0.0000|territory_pressure:0.0565|opportunity_cost:-0.7475
4,utility_tunneler_vs_utility_balancer,13,player,utility_tunneler,2,tunnel_extend,"(0, -1)","(-1, -1)",,0.1476,0.8951,0.7475,F,resource_fit:0.1000|tunnel_access_gain:0.0000|enemy_tunnel_threat:0.0161|own_tunnel_pressure:-0.0250|collapse_risk:-0.0000|territory_pressure:0.0565|opportunity_cost:-0.7475
4,utility_tunneler_vs_utility_balancer,13,player,utility_tunneler,2,tunnel_extend,"(-2, 0)","(-1, 0)",,0.1476,0.8951,0.7475,F,resource_fit:0.1000|tunnel_access_gain:0.0000|enemy_tunnel_threat:0.0161|own_tunnel_pressure:-0.0250|collapse_risk:-0.0000|territory_pressure:0.0565|opportunity_cost:-0.7475
4,utility_tunneler_vs_utility_balancer,13,player,utility_tunneler,2,tunnel_extend,"(-2, 1)","(-1, 0)",,0.1476,0.8951,0.7475,F,resource_fit:0.1000|tunnel_access_gain:0.0000|enemy_tunnel_threat:0.0161|own_tunnel_pressure:-0.0250|collapse_risk:-0.0000|territory_pressure:0.0565|opportunity_cost:-0.7475
4,utility_tunneler_vs_utility_balancer,13,player,utility_tunneler,2,tunnel_extend,"(-1, -1)","(-1, 0)",,0.1476,0.8951,0.7475,F,resource_fit:0.1000|tunnel_access_gain:0.0000|enemy_tunnel_threat:0.0161|own_tunnel_pressure:-0.0250|collapse_risk:-0.0000|territory_pressure:0.0565|opportunity_cost:-0.7475
4,utility_tunneler_vs_utility_balancer,13,player,utility_tunneler,2,tunnel_extend,"(-1, 1)","(-1, 0)",,0.2059,0.8951,0.6892,F,resource_fit:0.1000|tunnel_access_gain:0.0583|enemy_tunnel_threat:0.0161|own_tunnel_pressure:-0.0250|collapse_risk:-0.0000|territory_pressure:0.0565|opportunity_cost:-0.6892
4,utility_tunneler_vs_utility_balancer,13,player,utility_tunneler,2,tunnel_extend,"(0, -1)","(-1, 0)",,0.1476,0.8951,0.7475,F,resource_fit:0.1000|tunnel_access_gain:0.0000|enemy_tunnel_threat:0.0161|own_tunnel_pressure:-0.0250|collapse_risk:-0.0000|territory_pressure:0.0565|opportunity_cost:-0.7475
4,utility_tunneler_vs_utility_balancer,13,player,utility_tunneler,2,tunnel_extend,"(0, 0)","(-1, 0)",,0.2059,0.8951,0.6892,F,resource_fit:0.1000|tunnel_access_gain:0.0583|enemy_tunnel_threat:0.0161|own_tunnel_pressure:-0.0250|collapse_risk:-0.0000|territory_pressure:0.0565|opportunity_cost:-0.6892
4,utility_tunneler_vs_utility_balancer,13,player,utility_tunneler,2,tunnel_extend,"(-1, -1)","(0, -1)",,0.1476,0.8951,0.7475,F,resource_fit:0.1000|tunnel_access_gain:0.0000|enemy_tunnel_threat:0.0161|own_tunnel_pressure:-0.0250|collapse_risk:-0.0000|territory_pressure:0.0565|opportunity_cost:-0.7475
4,utility_tunneler_vs_utility_balancer,13,player,utility_tunneler,2,tunnel_extend,"(-1, 0)","(0, -1)",,0.1476,0.8951,0.7475,F,resource_fit:0.1000|tunnel_access_gain:0.0000|enemy_tunnel_threat:0.0161|own_tunnel_pressure:-0.0250|collapse_risk:-0.0000|territory_pressure:0.0565|opportunity_cost:-0.7475
4,utility_tunneler_vs_utility_balancer,13,player,utility_tunneler,2,tunnel_extend,"(0, 0)","(0, -1)",,0.2059,0.8951,0.6892,F,resource_fit:0.1000|tunnel_access_gain:0.0583|enemy_tunnel_threat:0.0161|own_tunnel_pressure:-0.0250|collapse_risk:-0.0000|territory_pressure:0.0565|opportunity_cost:-0.6892
4,utility_tunneler_vs_utility_balancer,13,player,utility_tunneler,2,tunnel_extend,"(1, -2)","(0, -1)",,0.2059,0.8951,0.6892,F,resource_fit:0.1000|tunnel_access_gain:0.0583|enemy_tunnel_threat:0.0161|own_tunnel_pressure:-0.0250|collapse_risk:-0.0000|territory_pressure:0.0565|opportunity_cost:-0.6892
4,utility_tunneler_vs_utility_balancer,13,player,utility_tunneler,2,tunnel_extend,"(1, -1)","(0, -1)",,0.2059,0.8951,0.6892,F,resource_fit:0.1000|tunnel_access_gain:0.0583|enemy_tunnel_threat:0.0161|own_tunnel_pressure:-0.0250|collapse_risk:-0.0000|territory_pressure:0.0565|opportunity_cost:-0.6892
4,utility_tunneler_vs_utility_balancer,13,player,utility_tunneler,2,wait,,,,0.0,0.8951,0.8951,F,opportunity_cost:-0.8951
4,utility_tunneler_vs_utility_balancer,13,player,utility_tunneler,3,tunnel_entrance,"(-3, 2)",,,0.2818,0.4153,0.1335,F,resource_fit:0.1146|tunnel_access_gain:0.1000|enemy_tunnel_threat:0.0107|collapse_risk:-0.0000|territory_pressure:0.0565|opportunity_cost:-0.1335
4,utility_tunneler_vs_utility_balancer,13,player,utility_tunneler,3,tunnel_entrance,"(-2, -1)",,,0.3318,0.4153,0.0835,F,resource_fit:0.1146|tunnel_access_gain:0.1500|enemy_tunnel_threat:0.0107|collapse_risk:-0.0000|territory_pressure:0.0565|opportunity_cost:-0.0835
4,utility_tunneler_vs_utility_balancer,13,player,utility_tunneler,3,tunnel_entrance,"(0, 0)",,,0.3318,0.4153,0.0835,F,resource_fit:0.1146|tunnel_access_gain:0.1500|enemy_tunnel_threat:0.0107|collapse_risk:-0.0000|territory_pressure:0.0565|opportunity_cost:-0.0835
4,utility_tunneler_vs_utility_balancer,13,player,utility_tunneler,3,tunnel_entrance,"(1, -1)",,,0.3818,0.4153,0.0335,T,resource_fit:0.1146|tunnel_access_gain:0.2000|enemy_tunnel_threat:0.0107|collapse_risk:-0.0000|territory_pressure:0.0565|opportunity_cost:-0.0335
4,utility_tunneler_vs_utility_balancer,13,player,utility_tunneler,3,tunnel_entrance,"(2, -2)",,,0.3318,0.4153,0.0835,F,resource_fit:0.1146|tunnel_access_gain:0.1500|enemy_tunnel_threat:0.0107|collapse_risk:-0.0000|territory_pressure:0.0565|opportunity_cost:-0.0835
4,utility_tunneler_vs_utility_balancer,13,player,utility_tunneler,3,tunnel_entrance,"(3, -2)",,,0.2318,0.4153,0.1835,F,resource_fit:0.1146|tunnel_access_gain:0.0500|enemy_tunnel_threat:0.0107|collapse_risk:-0.0000|territory_pressure:0.0565|opportunity_cost:-0.1835
4,utility_tunneler_vs_utility_balancer,13,player,utility_tunneler,3,tunnel_extend,"(-3, 2)","(-3, 1)",,0.2059,0.4153,0.2094,F,resource_fit:0.1000|tunnel_access_gain:0.0583|enemy_tunnel_threat:0.0161|own_tunnel_pressure:-0.0250|collapse_risk:-0.0000|territory_pressure:0.0565|opportunity_cost:-0.2094
4,utility_tunneler_vs_utility_balancer,13,player,utility_tunneler,3,tunnel_extend,"(-2, 0)","(-3, 1)",,0.1476,0.4153,0.2677,F,resource_fit:0.1000|tunnel_access_gain:0.0000|enemy_tunnel_threat:0.0161|own_tunnel_pressure:-0.0250|collapse_risk:-0.0000|territory_pressure:0.0565|opportunity_cost:-0.2677
4,utility_tunneler_vs_utility_balancer,13,player,utility_tunneler,3,tunnel_extend,"(-2, 1)","(-3, 1)",,0.1476,0.4153,0.2677,F,resource_fit:0.1000|tunnel_access_gain:0.0000|enemy_tunnel_threat:0.0161|own_tunnel_pressure:-0.0250|collapse_risk:-0.0000|territory_pressure:0.0565|opportunity_cost:-0.2677
4,utility_tunneler_vs_utility_balancer,13,player,utility_tunneler,3,tunnel_extend,"(-3, 1)","(-2, 0)",,0.1476,0.4153,0.2677,F,resource_fit:0.1000|tunnel_access_gain:0.0000|enemy_tunnel_threat:0.0161|own_tunnel_pressure:-0.0250|collapse_risk:-0.0000|territory_pressure:0.0565|opportunity_cost:-0.2677
4,utility_tunneler_vs_utility_balancer,13,player,utility_tunneler,3,tunnel_extend,"(-2, -1)","(-2, 0)",,0.2059,0.4153,0.2094,F,resource_fit:0.1000|tunnel_access_gain:0.0583|enemy_tunnel_threat:0.0161|own_tunnel_pressure:-0.0250|collapse_risk:-0.0000|territory_pressure:0.0565|opportunity_cost:-0.2094
4,utility_tunneler_vs_utility_balancer,13,player,utility_tunneler,3,tunnel_extend,"(-2, 1)","(-2, 0)",,0.1476,0.4153,0.2677,F,resource_fit:0.1000|tunnel_access_gain:0.0000|enemy_tunnel_threat:0.0161|own_tunnel_pressure:-0.0250|collapse_risk:-0.0000|territory_pressure:0.0565|opportunity_cost:-0.2677
4,utility_tunneler_vs_utility_balancer,13,player,utility_tunneler,3,tunnel_extend,"(-1, -1)","(-2, 0)",,0.1476,0.4153,0.2677,F,resource_fit:0.1000|tunnel_access_gain:0.0000|enemy_tunnel_threat:0.0161|own_tunnel_pressure:-0.0250|collapse_risk:-0.0000|territory_pressure:0.0565|opportunity_cost:-0.2677
4,utility_tunneler_vs_utility_balancer,13,player,utility_tunneler,3,tunnel_extend,"(-1, 0)","(-2, 0)",,0.1476,0.4153,0.2677,F,resource_fit:0.1000|tunnel_access_gain:0.0000|enemy_tunnel_threat:0.0161|own_tunnel_pressure:-0.0250|collapse_risk:-0.0000|territory_pressure:0.0565|opportunity_cost:-0.2677
4,utility_tunneler_vs_utility_balancer,13,player,utility_tunneler,3,tunnel_extend,"(-3, 1)","(-2, 1)",,0.1476,0.4153,0.2677,F,resource_fit:0.1000|tunnel_access_gain:0.0000|enemy_tunnel_threat:0.0161|own_tunnel_pressure:-0.0250|collapse_risk:-0.0000|territory_pressure:0.0565|opportunity_cost:-0.2677
4,utility_tunneler_vs_utility_balancer,13,player,utility_tunneler,3,tunnel_extend,"(-3, 2)","(-2, 1)",,0.2059,0.4153,0.2094,F,resource_fit:0.1000|tunnel_access_gain:0.0583|enemy_tunnel_threat:0.0161|own_tunnel_pressure:-0.0250|collapse_risk:-0.0000|territory_pressure:0.0565|opportunity_cost:-0.2094
4,utility_tunneler_vs_utility_balancer,13,player,utility_tunneler,3,tunnel_extend,"(-2, 0)","(-2, 1)",,0.1476,0.4153,0.2677,F,resource_fit:0.1000|tunnel_access_gain:0.0000|enemy_tunnel_threat:0.0161|own_tunnel_pressure:-0.0250|collapse_risk:-0.0000|territory_pressure:0.0565|opportunity_cost:-0.2677
4,utility_tunneler_vs_utility_balancer,13,player,utility_tunneler,3,tunnel_extend,"(-2, 2)","(-2, 1)",,0.2059,0.4153,0.2094,F,resource_fit:0.1000|tunnel_access_gain:0.0583|enemy_tunnel_threat:0.0161|own_tunnel_pressure:-0.0250|collapse_risk:-0.0000|territory_pressure:0.0565|opportunity_cost:-0.2094
4,utility_tunneler_vs_utility_balancer,13,player,utility_tunneler,3,tunnel_extend,"(-1, 0)","(-2, 1)",,0.1476,0.4153,0.2677,F,resource_fit:0.1000|tunnel_access_gain:0.0000|enemy_tunnel_threat:0.0161|own_tunnel_pressure:-0.0250|collapse_risk:-0.0000|territory_pressure:0.0565|opportunity_cost:-0.2677
4,utility_tunneler_vs_utility_balancer,13,player,utility_tunneler,3,tunnel_extend,"(-1, 1)","(-2, 1)",,0.2059,0.4153,0.2094,F,resource_fit:0.1000|tunnel_access_gain:0.0583|enemy_tunnel_threat:0.0161|own_tunnel_pressure:-0.0250|collapse_risk:-0.0000|territory_pressure:0.0565|opportunity_cost:-0.2094
4,utility_tunneler_vs_utility_balancer,13,player,utility_tunneler,3,tunnel_extend,"(-2, -1)","(-1, -1)",,0.2059,0.4153,0.2094,F,resource_fit:0.1000|tunnel_access_gain:0.0583|enemy_tunnel_threat:0.0161|own_tunnel_pressure:-0.0250|collapse_risk:-0.0000|territory_pressure:0.0565|opportunity_cost:-0.2094
4,utility_tunneler_vs_utility_balancer,13,player,utility_tunneler,3,tunnel_extend,"(-2, 0)","(-1, -1)",,0.1476,0.4153,0.2677,F,resource_fit:0.1000|tunnel_access_gain:0.0000|enemy_tunnel_threat:0.0161|own_tunnel_pressure:-0.0250|collapse_risk:-0.0000|territory_pressure:0.0565|opportunity_cost:-0.2677
4,utility_tunneler_vs_utility_balancer,13,player,utility_tunneler,3,tunnel_extend,"(-1, 0)","(-1, -1)",,0.1476,0.4153,0.2677,F,resource_fit:0.1000|tunnel_access_gain:0.0000|enemy_tunnel_threat:0.0161|own_tunnel_pressure:-0.0250|collapse_risk:-0.0000|territory_pressure:0.0565|opportunity_cost:-0.2677
4,utility_tunneler_vs_utility_balancer,13,player,utility_tunneler,3,tunnel_extend,"(0, -1)","(-1, -1)",,0.1476,0.4153,0.2677,F,resource_fit:0.1000|tunnel_access_gain:0.0000|enemy_tunnel_threat:0.0161|own_tunnel_pressure:-0.0250|collapse_risk:-0.0000|territory_pressure:0.0565|opportunity_cost:-0.2677
4,utility_tunneler_vs_utility_balancer,13,player,utility_tunneler,3,tunnel_extend,"(-2, 0)","(-1, 0)",,0.1476,0.4153,0.2677,F,resource_fit:0.1000|tunnel_access_gain:0.0000|enemy_tunnel_threat:0.0161|own_tunnel_pressure:-0.0250|collapse_risk:-0.0000|territory_pressure:0.0565|opportunity_cost:-0.2677
4,utility_tunneler_vs_utility_balancer,13,player,utility_tunneler,3,tunnel_extend,"(-2, 1)","(-1, 0)",,0.1476,0.4153,0.2677,F,resource_fit:0.1000|tunnel_access_gain:0.0000|enemy_tunnel_threat:0.0161|own_tunnel_pressure:-0.0250|collapse_risk:-0.0000|territory_pressure:0.0565|opportunity_cost:-0.2677
4,utility_tunneler_vs_utility_balancer,13,player,utility_tunneler,3,tunnel_extend,"(-1, -1)","(-1, 0)",,0.1476,0.4153,0.2677,F,resource_fit:0.1000|tunnel_access_gain:0.0000|enemy_tunnel_threat:0.0161|own_tunnel_pressure:-0.0250|collapse_risk:-0.0000|territory_pressure:0.0565|opportunity_cost:-0.2677
4,utility_tunneler_vs_utility_balancer,13,player,utility_tunneler,3,tunnel_extend,"(-1, 1)","(-1, 0)",,0.2059,0.4153,0.2094,F,resource_fit:0.1000|tunnel_access_gain:0.0583|enemy_tunnel_threat:0.0161|own_tunnel_pressure:-0.0250|collapse_risk:-0.0000|territory_pressure:0.0565|opportunity_cost:-0.2094
4,utility_tunneler_vs_utility_balancer,13,player,utility_tunneler,3,tunnel_extend,"(0, -1)","(-1, 0)",,0.1476,0.4153,0.2677,F,resource_fit:0.1000|tunnel_access_gain:0.0000|enemy_tunnel_threat:0.0161|own_tunnel_pressure:-0.0250|collapse_risk:-0.0000|territory_pressure:0.0565|opportunity_cost:-0.2677
4,utility_tunneler_vs_utility_balancer,13,player,utility_tunneler,3,tunnel_extend,"(0, 0)","(-1, 0)",,0.2059,0.4153,0.2094,F,resource_fit:0.1000|tunnel_access_gain:0.0583|enemy_tunnel_threat:0.0161|own_tunnel_pressure:-0.0250|collapse_risk:-0.0000|territory_pressure:0.0565|opportunity_cost:-0.2094
4,utility_tunneler_vs_utility_balancer,13,player,utility_tunneler,3,tunnel_extend,"(-1, -1)","(0, -1)",,0.1476,0.4153,0.2677,F,resource_fit:0.1000|tunnel_access_gain:0.0000|enemy_tunnel_threat:0.0161|own_tunnel_pressure:-0.0250|collapse_risk:-0.0000|territory_pressure:0.0565|opportunity_cost:-0.2677
4,utility_tunneler_vs_utility_balancer,13,player,utility_tunneler,3,tunnel_extend,"(-1, 0)","(0, -1)",,0.1476,0.4153,0.2677,F,resource_fit:0.1000|tunnel_access_gain:0.0000|enemy_tunnel_threat:0.0161|own_tunnel_pressure:-0.0250|collapse_risk:-0.0000|territory_pressure:0.0565|opportunity_cost:-0.2677
4,utility_tunneler_vs_utility_balancer,13,player,utility_tunneler,3,tunnel_extend,"(0, 0)","(0, -1)",,0.2059,0.4153,0.2094,F,resource_fit:0.1000|tunnel_access_gain:0.0583|enemy_tunnel_threat:0.0161|own_tunnel_pressure:-0.0250|collapse_risk:-0.0000|territory_pressure:0.0565|opportunity_cost:-0.2094
4,utility_tunneler_vs_utility_balancer,13,player,utility_tunneler,3,tunnel_extend,"(1, -2)","(0, -1)",,0.2059,0.4153,0.2094,F,resource_fit:0.1000|tunnel_access_gain:0.0583|enemy_tunnel_threat:0.0161|own_tunnel_pressure:-0.0250|collapse_risk:-0.0000|territory_pressure:0.0565|opportunity_cost:-0.2094
4,utility_tunneler_vs_utility_balancer,13,player,utility_tunneler,3,tunnel_extend,"(1, -1)","(0, -1)",,0.2059,0.4153,0.2094,F,resource_fit:0.1000|tunnel_access_gain:0.0583|enemy_tunnel_threat:0.0161|own_tunnel_pressure:-0.0250|collapse_risk:-0.0000|territory_pressure:0.0565|opportunity_cost:-0.2094
4,utility_tunneler_vs_utility_balancer,13,player,utility_tunneler,3,wait,,,,0.0,0.4153,0.4153,F,opportunity_cost:-0.4153
4,utility_tunneler_vs_utility_balancer,14,player,utility_tunneler,1,tunnel_entrance,"(-2, -1)",,,0.427,1.3147,0.8877,F,resource_fit:0.1771|tunnel_access_gain:0.1500|enemy_tunnel_threat:0.0125|collapse_risk:-0.0000|territory_pressure:0.0874|opportunity_cost:-0.8877
4,utility_tunneler_vs_utility_balancer,14,player,utility_tunneler,1,tunnel_entrance,"(0, 0)",,,0.427,1.3147,0.8877,F,resource_fit:0.1771|tunnel_access_gain:0.1500|enemy_tunnel_threat:0.0125|collapse_risk:-0.0000|territory_pressure:0.0874|opportunity_cost:-0.8877
4,utility_tunneler_vs_utility_balancer,14,player,utility_tunneler,1,tunnel_entrance,"(1, -2)",,,0.427,1.3147,0.8877,F,resource_fit:0.1771|tunnel_access_gain:0.1500|enemy_tunnel_threat:0.0125|collapse_risk:-0.0000|territory_pressure:0.0874|opportunity_cost:-0.8877
4,utility_tunneler_vs_utility_balancer,14,player,utility_tunneler,1,tunnel_entrance,"(2, -2)",,,0.427,1.3147,0.8877,F,resource_fit:0.1771|tunnel_access_gain:0.1500|enemy_tunnel_threat:0.0125|collapse_risk:-0.0000|territory_pressure:0.0874|opportunity_cost:-0.8877
4,utility_tunneler_vs_utility_balancer,14,player,utility_tunneler,1,tunnel_entrance,"(3, -2)",,,0.327,1.3147,0.9877,F,resource_fit:0.1771|tunnel_access_gain:0.0500|enemy_tunnel_threat:0.0125|collapse_risk:-0.0000|territory_pressure:0.0874|opportunity_cost:-0.9877
4,utility_tunneler_vs_utility_balancer,14,player,utility_tunneler,1,tunnel_extend,"(-3, 2)","(-3, 1)",,0.2895,1.3147,1.0252,F,resource_fit:0.1500|tunnel_access_gain:0.0583|enemy_tunnel_threat:0.0187|own_tunnel_pressure:-0.0250|collapse_risk:-0.0000|territory_pressure:0.0874|opportunity_cost:-1.0252
4,utility_tunneler_vs_utility_balancer,14,player,utility_tunneler,1,tunnel_extend,"(-2, 0)","(-3, 1)",,0.2312,1.3147,1.0836,F,resource_fit:0.1500|tunnel_access_gain:0.0000|enemy_tunnel_threat:0.0187|own_tunnel_pressure:-0.0250|collapse_risk:-0.0000|territory_pressure:0.0874|opportunity_cost:-1.0836
4,utility_tunneler_vs_utility_balancer,14,player,utility_tunneler,1,tunnel_extend,"(-2, 1)","(-3, 1)",,0.2895,1.3147,1.0252,F,resource_fit:0.1500|tunnel_access_gain:0.0583|enemy_tunnel_threat:0.0187|own_tunnel_pressure:-0.0250|collapse_risk:-0.0000|territory_pressure:0.0874|opportunity_cost:-1.0252
4,utility_tunneler_vs_utility_balancer,14,player,utility_tunneler,1,tunnel_extend,"(-3, 1)","(-2, 0)",,0.2312,1.3147,1.0836,F,resource_fit:0.1500|tunnel_access_gain:0.0000|enemy_tunnel_threat:0.0187|own_tunnel_pressure:-0.0250|collapse_risk:-0.0000|territory_pressure:0.0874|opportunity_cost:-1.0836
4,utility_tunneler_vs_utility_balancer,14,player,utility_tunneler,1,tunnel_extend,"(-2, -1)","(-2, 0)",,0.2895,1.3147,1.0252,F,resource_fit:0.1500|tunnel_access_gain:0.0583|enemy_tunnel_threat:0.0187|own_tunnel_pressure:-0.0250|collapse_risk:-0.0000|territory_pressure:0.0874|opportunity_cost:-1.0252
4,utility_tunneler_vs_utility_balancer,14,player,utility_tunneler,1,tunnel_extend,"(-2, 1)","(-2, 0)",,0.2895,1.3147,1.0252,F,resource_fit:0.1500|tunnel_access_gain:0.0583|enemy_tunnel_threat:0.0187|own_tunnel_pressure:-0.0250|collapse_risk:-0.0000|territory_pressure:0.0874|opportunity_cost:-1.0252
4,utility_tunneler_vs_utility_balancer,14,player,utility_tunneler,1,tunnel_extend,"(-1, -1)","(-2, 0)",,0.2312,1.3147,1.0836,F,resource_fit:0.1500|tunnel_access_gain:0.0000|enemy_tunnel_threat:0.0187|own_tunnel_pressure:-0.0250|collapse_risk:-0.0000|territory_pressure:0.0874|opportunity_cost:-1.0836
4,utility_tunneler_vs_utility_balancer,14,player,utility_tunneler,1,tunnel_extend,"(-1, 0)","(-2, 0)",,0.2312,1.3147,1.0836,F,resource_fit:0.1500|tunnel_access_gain:0.0000|enemy_tunnel_threat:0.0187|own_tunnel_pressure:-0.0250|collapse_risk:-0.0000|territory_pressure:0.0874|opportunity_cost:-1.0836
4,utility_tunneler_vs_utility_balancer,14,player,utility_tunneler,1,tunnel_extend,"(-2, -1)","(-1, -1)",,0.2895,1.3147,1.0252,F,resource_fit:0.1500|tunnel_access_gain:0.0583|enemy_tunnel_threat:0.0187|own_tunnel_pressure:-0.0250|collapse_risk:-0.0000|territory_pressure:0.0874|opportunity_cost:-1.0252
4,utility_tunneler_vs_utility_balancer,14,player,utility_tunneler,1,tunnel_extend,"(-2, 0)","(-1, -1)",,0.2312,1.3147,1.0836,F,resource_fit:0.1500|tunnel_access_gain:0.0000|enemy_tunnel_threat:0.0187|own_tunnel_pressure:-0.0250|collapse_risk:-0.0000|territory_pressure:0.0874|opportunity_cost:-1.0836
4,utility_tunneler_vs_utility_balancer,14,player,utility_tunneler,1,tunnel_extend,"(-1, 0)","(-1, -1)",,0.2312,1.3147,1.0836,F,resource_fit:0.1500|tunnel_access_gain:0.0000|enemy_tunnel_threat:0.0187|own_tunnel_pressure:-0.0250|collapse_risk:-0.0000|territory_pressure:0.0874|opportunity_cost:-1.0836
4,utility_tunneler_vs_utility_balancer,14,player,utility_tunneler,1,tunnel_extend,"(0, -1)","(-1, -1)",,0.2312,1.3147,1.0836,F,resource_fit:0.1500|tunnel_access_gain:0.0000|enemy_tunnel_threat:0.0187|own_tunnel_pressure:-0.0250|collapse_risk:-0.0000|territory_pressure:0.0874|opportunity_cost:-1.0836
4,utility_tunneler_vs_utility_balancer,14,player,utility_tunneler,1,tunnel_extend,"(-2, 0)","(-1, 0)",,0.2312,1.3147,1.0836,F,resource_fit:0.1500|tunnel_access_gain:0.0000|enemy_tunnel_threat:0.0187|own_tunnel_pressure:-0.0250|collapse_risk:-0.0000|territory_pressure:0.0874|opportunity_cost:-1.0836
4,utility_tunneler_vs_utility_balancer,14,player,utility_tunneler,1,tunnel_extend,"(-2, 1)","(-1, 0)",,0.2895,1.3147,1.0252,F,resource_fit:0.1500|tunnel_access_gain:0.0583|enemy_tunnel_threat:0.0187|own_tunnel_pressure:-0.0250|collapse_risk:-0.0000|territory_pressure:0.0874|opportunity_cost:-1.0252
4,utility_tunneler_vs_utility_balancer,14,player,utility_tunneler,1,tunnel_extend,"(-1, -1)","(-1, 0)",,0.2312,1.3147,1.0836,F,resource_fit:0.1500|tunnel_access_gain:0.0000|enemy_tunnel_threat:0.0187|own_tunnel_pressure:-0.0250|collapse_risk:-0.0000|territory_pressure:0.0874|opportunity_cost:-1.0836
4,utility_tunneler_vs_utility_balancer,14,player,utility_tunneler,1,tunnel_extend,"(-1, 1)","(-1, 0)",,0.2895,1.3147,1.0252,F,resource_fit:0.1500|tunnel_access_gain:0.0583|enemy_tunnel_threat:0.0187|own_tunnel_pressure:-0.0250|collapse_risk:-0.0000|territory_pressure:0.0874|opportunity_cost:-1.0252
4,utility_tunneler_vs_utility_balancer,14,player,utility_tunneler,1,tunnel_extend,"(0, -1)","(-1, 0)",,0.2312,1.3147,1.0836,F,resource_fit:0.1500|tunnel_access_gain:0.0000|enemy_tunnel_threat:0.0187|own_tunnel_pressure:-0.0250|collapse_risk:-0.0000|territory_pressure:0.0874|opportunity_cost:-1.0836
4,utility_tunneler_vs_utility_balancer,14,player,utility_tunneler,1,tunnel_extend,"(0, 0)","(-1, 0)",,0.2895,1.3147,1.0252,F,resource_fit:0.1500|tunnel_access_gain:0.0583|enemy_tunnel_threat:0.0187|own_tunnel_pressure:-0.0250|collapse_risk:-0.0000|territory_pressure:0.0874|opportunity_cost:-1.0252
4,utility_tunneler_vs_utility_balancer,14,player,utility_tunneler,1,tunnel_extend,"(-1, -1)","(0, -1)",,0.2312,1.3147,1.0836,F,resource_fit:0.1500|tunnel_access_gain:0.0000|enemy_tunnel_threat:0.0187|own_tunnel_pressure:-0.0250|collapse_risk:-0.0000|territory_pressure:0.0874|opportunity_cost:-1.0836
4,utility_tunneler_vs_utility_balancer,14,player,utility_tunneler,1,tunnel_extend,"(-1, 0)","(0, -1)",,0.2312,1.3147,1.0836,F,resource_fit:0.1500|tunnel_access_gain:0.0000|enemy_tunnel_threat:0.0187|own_tunnel_pressure:-0.0250|collapse_risk:-0.0000|territory_pressure:0.0874|opportunity_cost:-1.0836
4,utility_tunneler_vs_utility_balancer,14,player,utility_tunneler,1,tunnel_extend,"(0, 0)","(0, -1)",,0.2895,1.3147,1.0252,F,resource_fit:0.1500|tunnel_access_gain:0.0583|enemy_tunnel_threat:0.0187|own_tunnel_pressure:-0.0250|collapse_risk:-0.0000|territory_pressure:0.0874|opportunity_cost:-1.0252
4,utility_tunneler_vs_utility_balancer,14,player,utility_tunneler,1,tunnel_extend,"(1, -2)","(0, -1)",,0.2895,1.3147,1.0252,F,resource_fit:0.1500|tunnel_access_gain:0.0583|enemy_tunnel_threat:0.0187|own_tunnel_pressure:-0.0250|collapse_risk:-0.0000|territory_pressure:0.0874|opportunity_cost:-1.0252
4,utility_tunneler_vs_utility_balancer,14,player,utility_tunneler,1,tunnel_extend,"(1, -1)","(0, -1)",,0.2312,1.3147,1.0836,F,resource_fit:0.1500|tunnel_access_gain:0.0000|enemy_tunnel_threat:0.0187|own_tunnel_pressure:-0.0250|collapse_risk:-0.0000|territory_pressure:0.0874|opportunity_cost:-1.0836
4,utility_tunneler_vs_utility_balancer,14,player,utility_tunneler,1,tunnel_extend,"(0, -1)","(1, -1)",,0.2312,1.3147,1.0836,F,resource_fit:0.1500|tunnel_access_gain:0.0000|enemy_tunnel_threat:0.0187|own_tunnel_pressure:-0.0250|collapse_risk:-0.0000|territory_pressure:0.0874|opportunity_cost:-1.0836
4,utility_tunneler_vs_utility_balancer,14,player,utility_tunneler,1,tunnel_extend,"(0, 0)","(1, -1)",,0.2895,1.3147,1.0252,F,resource_fit:0.1500|tunnel_access_gain:0.0583|enemy_tunnel_threat:0.0187|own_tunnel_pressure:-0.0250|collapse_risk:-0.0000|territory_pressure:0.0874|opportunity_cost:-1.0252
4,utility_tunneler_vs_utility_balancer,14,player,utility_tunneler,1,tunnel_extend,"(1, -2)","(1, -1)",,0.2895,1.3147,1.0252,F,resource_fit:0.1500|tunnel_access_gain:0.0583|enemy_tunnel_threat:0.0187|own_tunnel_pressure:-0.0250|collapse_risk:-0.0000|territory_pressure:0.0874|opportunity_cost:-1.0252
4,utility_tunneler_vs_utility_balancer,14,player,utility_tunneler,1,tunnel_extend,"(1, 0)","(1, -1)",,0.2895,1.3147,1.0252,F,resource_fit:0.1500|tunnel_access_gain:0.0583|enemy_tunnel_threat:0.0187|own_tunnel_pressure:-0.0250|collapse_risk:-0.0000|territory_pressure:0.0874|opportunity_cost:-1.0252
4,utility_tunneler_vs_utility_balancer,14,player,utility_tunneler,1,tunnel_extend,"(2, -2)","(1, -1)",,0.2895,1.3147,1.0252,F,resource_fit:0.1500|tunnel_access_gain:0.0583|enemy_tunnel_threat:0.0187|own_tunnel_pressure:-0.0250|collapse_risk:-0.0000|territory_pressure:0.0874|opportunity_cost:-1.0252
4,utility_tunneler_vs_utility_balancer,14,player,utility_tunneler,1,tunnel_extend,"(2, -1)","(1, -1)",,0.2895,1.3147,1.0252,F,resource_fit:0.1500|tunnel_access_gain:0.0583|enemy_tunnel_threat:0.0187|own_tunnel_pressure:-0.0250|collapse_risk:-0.0000|territory_pressure:0.0874|opportunity_cost:-1.0252
4,utility_tunneler_vs_utility_balancer,14,player,utility_tunneler,1,wait,,,,0.0,1.3147,1.3147,F,opportunity_cost:-1.3147
4,utility_tunneler_vs_utility_balancer,14,player,utility_tunneler,2,tunnel_entrance,"(-2, -1)",,,0.3713,0.6511,0.2798,F,resource_fit:0.1250|tunnel_access_gain:0.1500|enemy_tunnel_threat:0.0115|collapse_risk:-0.0000|territory_pressure:0.0847|opportunity_cost:-0.2798
4,utility_tunneler_vs_utility_balancer,14,player,utility_tunneler,2,tunnel_entrance,"(0, 0)",,,0.3713,0.6511,0.2798,F,resource_fit:0.1250|tunnel_access_gain:0.1500|enemy_tunnel_threat:0.0115|collapse_risk:-0.0000|territory_pressure:0.0847|opportunity_cost:-0.2798
4,utility_tunneler_vs_utility_balancer,14,player,utility_tunneler,2,tunnel_entrance,"(1, -2)",,,0.4213,0.6511,0.2298,F,resource_fit:0.1250|tunnel_access_gain:0.2000|enemy_tunnel_threat:0.0115|collapse_risk:-0.0000|territory_pressure:0.0847|opportunity_cost:-0.2298
4,utility_tunneler_vs_utility_balancer,14,player,utility_tunneler,2,tunnel_entrance,"(2, -2)",,,0.3713,0.6511,0.2798,F,resource_fit:0.1250|tunnel_access_gain:0.1500|enemy_tunnel_threat:0.0115|collapse_risk:-0.0000|territory_pressure:0.0847|opportunity_cost:-0.2798
4,utility_tunneler_vs_utility_balancer,14,player,utility_tunneler,2,tunnel_entrance,"(3, -2)",,,0.2713,0.6511,0.3798,F,resource_fit:0.1250|tunnel_access_gain:0.0500|enemy_tunnel_threat:0.0115|collapse_risk:-0.0000|territory_pressure:0.0847|opportunity_cost:-0.3798
4,utility_tunneler_vs_utility_balancer,14,player,utility_tunneler,2,tunnel_extend,"(-3, 2)","(-3, 1)",,0.2437,0.6511,0.4074,F,resource_fit:0.1083|tunnel_access_gain:0.0583|enemy_tunnel_threat:0.0173|own_tunnel_pressure:-0.0250|collapse_risk:-0.0000|territory_pressure:0.0847|opportunity_cost:-0.4074
4,utility_tunneler_vs_utility_balancer,14,player,utility_tunneler,2,tunnel_extend,"(-2, 0)","(-3, 1)",,0.1854,0.6511,0.4657,F,resource_fit:0.1083|tunnel_access_gain:0.0000|enemy_tunnel_threat:0.0173|own_tunnel_pressure:-0.0250|collapse_risk:-0.0000|territory_pressure:0.0847|opportunity_cost:-0.4657
4,utility_tunneler_vs_utility_balancer,14,player,utility_tunneler,2,tunnel_extend,"(-2, 1)","(-3, 1)",,0.2437,0.6511,0.4074,F,resource_fit:0.1083|tunnel_access_gain:0.0583|enemy_tunnel_threat:0.0173|own_tunnel_pressure:-0.0250|collapse_risk:-0.0000|territory_pressure:0.0847|opportunity_cost:-0.4074
4,utility_tunneler_vs_utility_balancer,14,player,utility_tunneler,2,tunnel_extend,"(-3, 1)","(-2, 0)",,0.1854,0.6511,0.4657,F,resource_fit:0.1083|tunnel_access_gain:0.0000|enemy_tunnel_threat:0.0173|own_tunnel_pressure:-0.0250|collapse_risk:-0.0000|territory_pressure:0.0847|opportunity_cost:-0.4657
4,utility_tunneler_vs_utility_balancer,14,player,utility_tunneler,2,tunnel_extend,"(-2, -1)","(-2, 0)",,0.2437,0.6511,0.4074,F,resource_fit:0.1083|tunnel_access_gain:0.0583|enemy_tunnel_threat:0.0173|own_tunnel_pressure:-0.0250|collapse_risk:-0.0000|territory_pressure:0.0847|opportunity_cost:-0.4074
4,utility_tunneler_vs_utility_balancer,14,player,utility_tunneler,2,tunnel_extend,"(-2, 1)","(-2, 0)",,0.2437,0.6511,0.4074,F,resource_fit:0.1083|tunnel_access_gain:0.0583|enemy_tunnel_threat:0.0173|own_tunnel_pressure:-0.0250|collapse_risk:-0.0000|territory_pressure:0.0847|opportunity_cost:-0.4074
4,utility_tunneler_vs_utility_balancer,14,player,utility_tunneler,2,tunnel_extend,"(-1, -1)","(-2, 0)",,0.1854,0.6511,0.4657,F,resource_fit:0.1083|tunnel_access_gain:0.0000|enemy_tunnel_threat:0.0173|own_tunnel_pressure:-0.0250|collapse_risk:-0.0000|territory_pressure:0.0847|opportunity_cost:-0.4657
4,utility_tunneler_vs_utility_balancer,14,player,utility_tunneler,2,tunnel_extend,"(-1, 0)","(-2, 0)",,0.1854,0.6511,0.4657,F,resource_fit:0.1083|tunnel_access_gain:0.0000|enemy_tunnel_threat:0.0173|own_tunnel_pressure:-0.0250|collapse_risk:-0.0000|territory_pressure:0.0847|opportunity_cost:-0.4657
4,utility_tunneler_vs_utility_balancer,14,player,utility_tunneler,2,tunnel_extend,"(-2, -1)","(-1, -1)",,0.2437,0.6511,0.4074,F,resource_fit:0.1083|tunnel_access_gain:0.0583|enemy_tunnel_threat:0.0173|own_tunnel_pressure:-0.0250|collapse_risk:-0.0000|territory_pressure:0.0847|opportunity_cost:-0.4074
4,utility_tunneler_vs_utility_balancer,14,player,utility_tunneler,2,tunnel_extend,"(-2, 0)","(-1, -1)",,0.1854,0.6511,0.4657,F,resource_fit:0.1083|tunnel_access_gain:0.0000|enemy_tunnel_threat:0.0173|own_tunnel_pressure:-0.0250|collapse_risk:-0.0000|territory_pressure:0.0847|opportunity_cost:-0.4657
4,utility_tunneler_vs_utility_balancer,14,player,utility_tunneler,2,tunnel_extend,"(-1, 0)","(-1, -1)",,0.1854,0.6511,0.4657,F,resource_fit:0.1083|tunnel_access_gain:0.0000|enemy_tunnel_threat:0.0173|own_tunnel_pressure:-0.0250|collapse_risk:-0.0000|territory_pressure:0.0847|opportunity_cost:-0.4657
4,utility_tunneler_vs_utility_balancer,14,player,utility_tunneler,2,tunnel_extend,"(0, -2)","(-1, -1)",,0.2437,0.6511,0.4074,F,resource_fit:0.1083|tunnel_access_gain:0.0583|enemy_tunnel_threat:0.0173|own_tunnel_pressure:-0.0250|collapse_risk:-0.0000|territory_pressure:0.0847|opportunity_cost:-0.4074
4,utility_tunneler_vs_utility_balancer,14,player,utility_tunneler,2,tunnel_extend,"(0, -1)","(-1, -1)",,0.1854,0.6511,0.4657,F,resource_fit:0.1083|tunnel_access_gain:0.0000|enemy_tunnel_threat:0.0173|own_tunnel_pressure:-0.0250|collapse_risk:-0.0000|territory_pressure:0.0847|opportunity_cost:-0.4657
4,utility_tunneler_vs_utility_balancer,14,player,utility_tunneler,2,tunnel_extend,"(-2, 0)","(-1, 0)",,0.1854,0.6511,0.4657,F,resource_fit:0.1083|tunnel_access_gain:0.0000|enemy_tunnel_threat:0.0173|own_tunnel_pressure:-0.0250|collapse_risk:-0.0000|territory_pressure:0.0847|opportunity_cost:-0.4657
4,utility_tunneler_vs_utility_balancer,14,player,utility_tunneler,2,tunnel_extend,"(-2, 1)","(-1, 0)",,0.2437,0.6511,0.4074,F,resource_fit:0.1083|tunnel_access_gain:0.0583|enemy_tunnel_threat:0.0173|own_tunnel_pressure:-0.0250|collapse_risk:-0.0000|territory_pressure:0.0847|opportunity_cost:-0.4074
4,utility_tunneler_vs_utility_balancer,14,player,utility_tunneler,2,tunnel_extend,"(-1, -1)","(-1, 0)",,0.1854,0.6511,0.4657,F,resource_fit:0.1083|tunnel_access_gain:0.0000|enemy_tunnel_threat:0.0173|own_tunnel_pressure:-0.0250|collapse_risk:-0.0000|territory_pressure:0.0847|opportunity_cost:-0.4657
4,utility_tunneler_vs_utility_balancer,14,player,utility_tunneler,2,tunnel_extend,"(-1, 1)","(-1, 0)",,0.2437,0.6511,0.4074,F,resource_fit:0.1083|tunnel_access_gain:0.0583|enemy_tunnel_threat:0.0173|own_tunnel_pressure:-0.0250|collapse_risk:-0.0000|territory_pressure:0.0847|opportunity_cost:-0.4074
4,utility_tunneler_vs_utility_balancer,14,player,utility_tunneler,2,tunnel_extend,"(0, -1)","(-1, 0)",,0.1854,0.6511,0.4657,F,resource_fit:0.1083|tunnel_access_gain:0.0000|enemy_tunnel_threat:0.0173|own_tunnel_pressure:-0.0250|collapse_risk:-0.0000|territory_pressure:0.0847|opportunity_cost:-0.4657
4,utility_tunneler_vs_utility_balancer,14,player,utility_tunneler,2,tunnel_extend,"(0, 0)","(-1, 0)",,0.2437,0.6511,0.4074,F,resource_fit:0.1083|tunnel_access_gain:0.0583|enemy_tunnel_threat:0.0173|own_tunnel_pressure:-0.0250|collapse_risk:-0.0000|territory_pressure:0.0847|opportunity_cost:-0.4074
4,utility_tunneler_vs_utility_balancer,14,player,utility_tunneler,2,tunnel_extend,"(-1, -1)","(0, -1)",,0.1854,0.6511,0.4657,F,resource_fit:0.1083|tunnel_access_gain:0.0000|enemy_tunnel_threat:0.0173|own_tunnel_pressure:-0.0250|collapse_risk:-0.0000|territory_pressure:0.0847|opportunity_cost:-0.4657
4,utility_tunneler_vs_utility_balancer,14,player,utility_tunneler,2,tunnel_extend,"(-1, 0)","(0, -1)",,0.1854,0.6511,0.4657,F,resource_fit:0.1083|tunnel_access_gain:0.0000|enemy_tunnel_threat:0.0173|own_tunnel_pressure:-0.0250|collapse_risk:-0.0000|territory_pressure:0.0847|opportunity_cost:-0.4657
4,utility_tunneler_vs_utility_balancer,14,player,utility_tunneler,2,tunnel_extend,"(0, -2)","(0, -1)",,0.2437,0.6511,0.4074,F,resource_fit:0.1083|tunnel_access_gain:0.0583|enemy_tunnel_threat:0.0173|own_tunnel_pressure:-0.0250|collapse_risk:-0.0000|territory_pressure:0.0847|opportunity_cost:-0.4074
4,utility_tunneler_vs_utility_balancer,14,player,utility_tunneler,2,tunnel_extend,"(0, 0)","(0, -1)",,0.2437,0.6511,0.4074,F,resource_fit:0.1083|tunnel_access_gain:0.0583|enemy_tunnel_threat:0.0173|own_tunnel_pressure:-0.0250|collapse_risk:-0.0000|territory_pressure:0.0847|opportunity_cost:-0.4074
4,utility_tunneler_vs_utility_balancer,14,player,utility_tunneler,2,tunnel_extend,"(1, -2)","(0, -1)",,0.2437,0.6511,0.4074,F,resource_fit:0.1083|tunnel_access_gain:0.0583|enemy_tunnel_threat:0.0173|own_tunnel_pressure:-0.0250|collapse_risk:-0.0000|territory_pressure:0.0847|opportunity_cost:-0.4074
4,utility_tunneler_vs_utility_balancer,14,player,utility_tunneler,2,tunnel_extend,"(1, -1)","(0, -1)",,0.1854,0.6511,0.4657,F,resource_fit:0.1083|tunnel_access_gain:0.0000|enemy_tunnel_threat:0.0173|own_tunnel_pressure:-0.0250|collapse_risk:-0.0000|territory_pressure:0.0847|opportunity_cost:-0.4657
4,utility_tunneler_vs_utility_balancer,14,player,utility_tunneler,2,tunnel_extend,"(0, -1)","(1, -1)",,0.1854,0.6511,0.4657,F,resource_fit:0.1083|tunnel_access_gain:0.0000|enemy_tunnel_threat:0.0173|own_tunnel_pressure:-0.0250|collapse_risk:-0.0000|territory_pressure:0.0847|opportunity_cost:-0.4657
4,utility_tunneler_vs_utility_balancer,14,player,utility_tunneler,2,tunnel_extend,"(0, 0)","(1, -1)",,0.2437,0.6511,0.4074,F,resource_fit:0.1083|tunnel_access_gain:0.0583|enemy_tunnel_threat:0.0173|own_tunnel_pressure:-0.0250|collapse_risk:-0.0000|territory_pressure:0.0847|opportunity_cost:-0.4074
4,utility_tunneler_vs_utility_balancer,14,player,utility_tunneler,2,tunnel_extend,"(1, -2)","(1, -1)",,0.2437,0.6511,0.4074,F,resource_fit:0.1083|tunnel_access_gain:0.0583|enemy_tunnel_threat:0.0173|own_tunnel_pressure:-0.0250|collapse_risk:-0.0000|territory_pressure:0.0847|opportunity_cost:-0.4074
4,utility_tunneler_vs_utility_balancer,14,player,utility_tunneler,2,tunnel_extend,"(1, 0)","(1, -1)",,0.2437,0.6511,0.4074,F,resource_fit:0.1083|tunnel_access_gain:0.0583|enemy_tunnel_threat:0.0173|own_tunnel_pressure:-0.0250|collapse_risk:-0.0000|territory_pressure:0.0847|opportunity_cost:-0.4074
4,utility_tunneler_vs_utility_balancer,14,player,utility_tunneler,2,tunnel_extend,"(2, -2)","(1, -1)",,0.2437,0.6511,0.4074,F,resource_fit:0.1083|tunnel_access_gain:0.0583|enemy_tunnel_threat:0.0173|own_tunnel_pressure:-0.0250|collapse_risk:-0.0000|territory_pressure:0.0847|opportunity_cost:-0.4074
4,utility_tunneler_vs_utility_balancer,14,player,utility_tunneler,2,tunnel_extend,"(2, -1)","(1, -1)",,0.2437,0.6511,0.4074,F,resource_fit:0.1083|tunnel_access_gain:0.0583|enemy_tunnel_threat:0.0173|own_tunnel_pressure:-0.0250|collapse_risk:-0.0000|territory_pressure:0.0847|opportunity_cost:-0.4074
4,utility_tunneler_vs_utility_balancer,14,player,utility_tunneler,2,wait,,,,0.0,0.6511,0.6511,F,opportunity_cost:-0.6511
4,utility_tunneler_vs_utility_balancer,14,player,utility_tunneler,3,tunnel_entrance,"(-2, -1)",,,0.3607,0.3002,0.0,F,resource_fit:0.1250|tunnel_access_gain:0.1500|enemy_tunnel_threat:0.0107|collapse_risk:-0.0000|territory_pressure:0.0750|opportunity_cost:-0.0000
4,utility_tunneler_vs_utility_balancer,14,player,utility_tunneler,3,tunnel_entrance,"(0, 0)",,,0.3607,0.3002,0.0,F,resource_fit:0.1250|tunnel_access_gain:0.1500|enemy_tunnel_threat:0.0107|collapse_risk:-0.0000|territory_pressure:0.0750|opportunity_cost:-0.0000
4,utility_tunneler_vs_utility_balancer,14,player,utility_tunneler,3,tunnel_entrance,"(1, -2)",,,0.4107,0.3002,0.0,T,resource_fit:0.1250|tunnel_access_gain:0.2000|enemy_tunnel_threat:0.0107|collapse_risk:-0.0000|territory_pressure:0.0750|opportunity_cost:-0.0000
4,utility_tunneler_vs_utility_balancer,14,player,utility_tunneler,3,tunnel_entrance,"(2, -2)",,,0.3607,0.3002,0.0,F,resource_fit:0.1250|tunnel_access_gain:0.1500|enemy_tunnel_threat:0.0107|collapse_risk:-0.0000|territory_pressure:0.0750|opportunity_cost:-0.0000
4,utility_tunneler_vs_utility_balancer,14,player,utility_tunneler,3,tunnel_entrance,"(3, -2)",,,0.3107,0.3002,0.0,F,resource_fit:0.1250|tunnel_access_gain:0.1000|enemy_tunnel_threat:0.0107|collapse_risk:-0.0000|territory_pressure:0.0750|opportunity_cost:-0.0000
4,utility_tunneler_vs_utility_balancer,14,player,utility_tunneler,3,tunnel_extend,"(-3, 2)","(-3, 1)",,0.2327,0.3002,0.0675,F,resource_fit:0.1083|tunnel_access_gain:0.0583|enemy_tunnel_threat:0.0161|own_tunnel_pressure:-0.0250|collapse_risk:-0.0000|territory_pressure:0.0750|opportunity_cost:-0.0675
4,utility_tunneler_vs_utility_balancer,14,player,utility_tunneler,3,tunnel_extend,"(-2, 0)","(-3, 1)",,0.1744,0.3002,0.1258,F,resource_fit:0.1083|tunnel_access_gain:0.0000|enemy_tunnel_threat:0.0161|own_tunnel_pressure:-0.0250|collapse_risk:-0.0000|territory_pressure:0.0750|opportunity_cost:-0.1258
4,utility_tunneler_vs_utility_balancer,14,player,utility_tunneler,3,tunnel_extend,"(-2, 1)","(-3, 1)",,0.2327,0.3002,0.0675,F,resource_fit:0.1083|tunnel_access_gain:0.0583|enemy_tunnel_threat:0.0161|own_tunnel_pressure:-0.0250|collapse_risk:-0.0000|territory_pressure:0.0750|opportunity_cost:-0.0675
4,utility_tunneler_vs_utility_balancer,14,player,utility_tunneler,3,tunnel_extend,"(-3, 1)","(-2, 0)",,0.1744,0.3002,0.1258,F,resource_fit:0.1083|tunnel_access_gain:0.0000|enemy_tunnel_threat:0.0161|own_tunnel_pressure:-0.0250|collapse_risk:-0.0000|territory_pressure:0.0750|opportunity_cost:-0.1258
4,utility_tunneler_vs_utility_balancer,14,player,utility_tunneler,3,tunnel_extend,"(-2, -1)","(-2, 0)",,0.2327,0.3002,0.0675,F,resource_fit:0.1083|tunnel_access_gain:0.0583|enemy_tunnel_threat:0.0161|own_tunnel_pressure:-0.0250|collapse_risk:-0.0000|territory_pressure:0.0750|opportunity_cost:-0.0675
4,utility_tunneler_vs_utility_balancer,14,player,utility_tunneler,3,tunnel_extend,"(-2, 1)","(-2, 0)",,0.2327,0.3002,0.0675,F,resource_fit:0.1083|tunnel_access_gain:0.0583|enemy_tunnel_threat:0.0161|own_tunnel_pressure:-0.0250|collapse_risk:-0.0000|territory_pressure:0.0750|opportunity_cost:-0.0675
4,utility_tunneler_vs_utility_balancer,14,player,utility_tunneler,3,tunnel_extend,"(-1, -1)","(-2, 0)",,0.1744,0.3002,0.1258,F,resource_fit:0.1083|tunnel_access_gain:0.0000|enemy_tunnel_threat:0.0161|own_tunnel_pressure:-0.0250|collapse_risk:-0.0000|territory_pressure:0.0750|opportunity_cost:-0.1258
4,utility_tunneler_vs_utility_balancer,14,player,utility_tunneler,3,tunnel_extend,"(-1, 0)","(-2, 0)",,0.1744,0.3002,0.1258,F,resource_fit:0.1083|tunnel_access_gain:0.0000|enemy_tunnel_threat:0.0161|own_tunnel_pressure:-0.0250|collapse_risk:-0.0000|territory_pressure:0.0750|opportunity_cost:-0.1258
4,utility_tunneler_vs_utility_balancer,14,player,utility_tunneler,3,tunnel_extend,"(-2, -1)","(-1, -1)",,0.2327,0.3002,0.0675,F,resource_fit:0.1083|tunnel_access_gain:0.0583|enemy_tunnel_threat:0.0161|own_tunnel_pressure:-0.0250|collapse_risk:-0.0000|territory_pressure:0.0750|opportunity_cost:-0.0675
4,utility_tunneler_vs_utility_balancer,14,player,utility_tunneler,3,tunnel_extend,"(-2, 0)","(-1, -1)",,0.1744,0.3002,0.1258,F,resource_fit:0.1083|tunnel_access_gain:0.0000|enemy_tunnel_threat:0.0161|own_tunnel_pressure:-0.0250|collapse_risk:-0.0000|territory_pressure:0.0750|opportunity_cost:-0.1258
4,utility_tunneler_vs_utility_balancer,14,player,utility_tunneler,3,tunnel_extend,"(-1, 0)","(-1, -1)",,0.1744,0.3002,0.1258,F,resource_fit:0.1083|tunnel_access_gain:0.0000|enemy_tunnel_threat:0.0161|own_tunnel_pressure:-0.0250|collapse_risk:-0.0000|territory_pressure:0.0750|opportunity_cost:-0.1258
4,utility_tunneler_vs_utility_balancer,14,player,utility_tunneler,3,tunnel_extend,"(0, -2)","(-1, -1)",,0.2327,0.3002,0.0675,F,resource_fit:0.1083|tunnel_access_gain:0.0583|enemy_tunnel_threat:0.0161|own_tunnel_pressure:-0.0250|collapse_risk:-0.0000|territory_pressure:0.0750|opportunity_cost:-0.0675
4,utility_tunneler_vs_utility_balancer,14,player,utility_tunneler,3,tunnel_extend,"(0, -1)","(-1, -1)",,0.1744,0.3002,0.1258,F,resource_fit:0.1083|tunnel_access_gain:0.0000|enemy_tunnel_threat:0.0161|own_tunnel_pressure:-0.0250|collapse_risk:-0.0000|territory_pressure:0.0750|opportunity_cost:-0.1258
4,utility_tunneler_vs_utility_balancer,14,player,utility_tunneler,3,tunnel_extend,"(-2, 0)","(-1, 0)",,0.1744,0.3002,0.1258,F,resource_fit:0.1083|tunnel_access_gain:0.0000|enemy_tunnel_threat:0.0161|own_tunnel_pressure:-0.0250|collapse_risk:-0.0000|territory_pressure:0.0750|opportunity_cost:-0.1258
4,utility_tunneler_vs_utility_balancer,14,player,utility_tunneler,3,tunnel_extend,"(-2, 1)","(-1, 0)",,0.2327,0.3002,0.0675,F,resource_fit:0.1083|tunnel_access_gain:0.0583|enemy_tunnel_threat:0.0161|own_tunnel_pressure:-0.0250|collapse_risk:-0.0000|territory_pressure:0.0750|opportunity_cost:-0.0675
4,utility_tunneler_vs_utility_balancer,14,player,utility_tunneler,3,tunnel_extend,"(-1, -1)","(-1, 0)",,0.1744,0.3002,0.1258,F,resource_fit:0.1083|tunnel_access_gain:0.0000|enemy_tunnel_threat:0.0161|own_tunnel_pressure:-0.0250|collapse_risk:-0.0000|territory_pressure:0.0750|opportunity_cost:-0.1258
4,utility_tunneler_vs_utility_balancer,14,player,utility_tunneler,3,tunnel_extend,"(-1, 1)","(-1, 0)",,0.2327,0.3002,0.0675,F,resource_fit:0.1083|tunnel_access_gain:0.0583|enemy_tunnel_threat:0.0161|own_tunnel_pressure:-0.0250|collapse_risk:-0.0000|territory_pressure:0.0750|opportunity_cost:-0.0675
4,utility_tunneler_vs_utility_balancer,14,player,utility_tunneler,3,tunnel_extend,"(0, -1)","(-1, 0)",,0.1744,0.3002,0.1258,F,resource_fit:0.1083|tunnel_access_gain:0.0000|enemy_tunnel_threat:0.0161|own_tunnel_pressure:-0.0250|collapse_risk:-0.0000|territory_pressure:0.0750|opportunity_cost:-0.1258
4,utility_tunneler_vs_utility_balancer,14,player,utility_tunneler,3,tunnel_extend,"(0, 0)","(-1, 0)",,0.2327,0.3002,0.0675,F,resource_fit:0.1083|tunnel_access_gain:0.0583|enemy_tunnel_threat:0.0161|own_tunnel_pressure:-0.0250|collapse_risk:-0.0000|territory_pressure:0.0750|opportunity_cost:-0.0675
4,utility_tunneler_vs_utility_balancer,14,player,utility_tunneler,3,tunnel_extend,"(-1, -1)","(0, -1)",,0.1744,0.3002,0.1258,F,resource_fit:0.1083|tunnel_access_gain:0.0000|enemy_tunnel_threat:0.0161|own_tunnel_pressure:-0.0250|collapse_risk:-0.0000|territory_pressure:0.0750|opportunity_cost:-0.1258
4,utility_tunneler_vs_utility_balancer,14,player,utility_tunneler,3,tunnel_extend,"(-1, 0)","(0, -1)",,0.1744,0.3002,0.1258,F,resource_fit:0.1083|tunnel_access_gain:0.0000|enemy_tunnel_threat:0.0161|own_tunnel_pressure:-0.0250|collapse_risk:-0.0000|territory_pressure:0.0750|opportunity_cost:-0.1258
4,utility_tunneler_vs_utility_balancer,14,player,utility_tunneler,3,tunnel_extend,"(0, -2)","(0, -1)",,0.2327,0.3002,0.0675,F,resource_fit:0.1083|tunnel_access_gain:0.0583|enemy_tunnel_threat:0.0161|own_tunnel_pressure:-0.0250|collapse_risk:-0.0000|territory_pressure:0.0750|opportunity_cost:-0.0675
4,utility_tunneler_vs_utility_balancer,14,player,utility_tunneler,3,tunnel_extend,"(0, 0)","(0, -1)",,0.2327,0.3002,0.0675,F,resource_fit:0.1083|tunnel_access_gain:0.0583|enemy_tunnel_threat:0.0161|own_tunnel_pressure:-0.0250|collapse_risk:-0.0000|territory_pressure:0.0750|opportunity_cost:-0.0675
4,utility_tunneler_vs_utility_balancer,14,player,utility_tunneler,3,tunnel_extend,"(1, -2)","(0, -1)",,0.2327,0.3002,0.0675,F,resource_fit:0.1083|tunnel_access_gain:0.0583|enemy_tunnel_threat:0.0161|own_tunnel_pressure:-0.0250|collapse_risk:-0.0000|territory_pressure:0.0750|opportunity_cost:-0.0675
4,utility_tunneler_vs_utility_balancer,14,player,utility_tunneler,3,tunnel_extend,"(1, -1)","(0, -1)",,0.1744,0.3002,0.1258,F,resource_fit:0.1083|tunnel_access_gain:0.0000|enemy_tunnel_threat:0.0161|own_tunnel_pressure:-0.0250|collapse_risk:-0.0000|territory_pressure:0.0750|opportunity_cost:-0.1258
4,utility_tunneler_vs_utility_balancer,14,player,utility_tunneler,3,tunnel_extend,"(0, -1)","(1, -1)",,0.1744,0.3002,0.1258,F,resource_fit:0.1083|tunnel_access_gain:0.0000|enemy_tunnel_threat:0.0161|own_tunnel_pressure:-0.0250|collapse_risk:-0.0000|territory_pressure:0.0750|opportunity_cost:-0.1258
4,utility_tunneler_vs_utility_balancer,14,player,utility_tunneler,3,tunnel_extend,"(0, 0)","(1, -1)",,0.2327,0.3002,0.0675,F,resource_fit:0.1083|tunnel_access_gain:0.0583|enemy_tunnel_threat:0.0161|own_tunnel_pressure:-0.0250|collapse_risk:-0.0000|territory_pressure:0.0750|opportunity_cost:-0.0675
4,utility_tunneler_vs_utility_balancer,14,player,utility_tunneler,3,tunnel_extend,"(1, -2)","(1, -1)",,0.2327,0.3002,0.0675,F,resource_fit:0.1083|tunnel_access_gain:0.0583|enemy_tunnel_threat:0.0161|own_tunnel_pressure:-0.0250|collapse_risk:-0.0000|territory_pressure:0.0750|opportunity_cost:-0.0675
4,utility_tunneler_vs_utility_balancer,14,player,utility_tunneler,3,tunnel_extend,"(1, 0)","(1, -1)",,0.2327,0.3002,0.0675,F,resource_fit:0.1083|tunnel_access_gain:0.0583|enemy_tunnel_threat:0.0161|own_tunnel_pressure:-0.0250|collapse_risk:-0.0000|territory_pressure:0.0750|opportunity_cost:-0.0675
4,utility_tunneler_vs_utility_balancer,14,player,utility_tunneler,3,tunnel_extend,"(2, -2)","(1, -1)",,0.2327,0.3002,0.0675,F,resource_fit:0.1083|tunnel_access_gain:0.0583|enemy_tunnel_threat:0.0161|own_tunnel_pressure:-0.0250|collapse_risk:-0.0000|territory_pressure:0.0750|opportunity_cost:-0.0675
4,utility_tunneler_vs_utility_balancer,14,player,utility_tunneler,3,tunnel_extend,"(2, -1)","(1, -1)",,0.2327,0.3002,0.0675,F,resource_fit:0.1083|tunnel_access_gain:0.0583|enemy_tunnel_threat:0.0161|own_tunnel_pressure:-0.0250|collapse_risk:-0.0000|territory_pressure:0.0750|opportunity_cost:-0.0675
4,utility_tunneler_vs_utility_balancer,14,player,utility_tunneler,3,wait,,,,0.0,0.3002,0.3002,F,opportunity_cost:-0.3002
4,utility_tunneler_vs_utility_balancer,15,player,utility_tunneler,1,tunnel_entrance,"(-2, -1)",,,0.425,1.0284,0.6034,F,resource_fit:0.1875|tunnel_access_gain:0.1500|enemy_tunnel_threat:0.0125|collapse_risk:-0.0000|territory_pressure:0.0750|opportunity_cost:-0.6034
4,utility_tunneler_vs_utility_balancer,15,player,utility_tunneler,1,tunnel_entrance,"(0, -2)",,,0.425,1.0284,0.6034,F,resource_fit:0.1875|tunnel_access_gain:0.1500|enemy_tunnel_threat:0.0125|collapse_risk:-0.0000|territory_pressure:0.0750|opportunity_cost:-0.6034
4,utility_tunneler_vs_utility_balancer,15,player,utility_tunneler,1,tunnel_entrance,"(0, 0)",,,0.425,1.0284,0.6034,F,resource_fit:0.1875|tunnel_access_gain:0.1500|enemy_tunnel_threat:0.0125|collapse_risk:-0.0000|territory_pressure:0.0750|opportunity_cost:-0.6034
4,utility_tunneler_vs_utility_balancer,15,player,utility_tunneler,1,tunnel_entrance,"(2, -2)",,,0.425,1.0284,0.6034,F,resource_fit:0.1875|tunnel_access_gain:0.1500|enemy_tunnel_threat:0.0125|collapse_risk:-0.0000|territory_pressure:0.0750|opportunity_cost:-0.6034
4,utility_tunneler_vs_utility_balancer,15,player,utility_tunneler,1,tunnel_entrance,"(3, -2)",,,0.375,1.0284,0.6534,F,resource_fit:0.1875|tunnel_access_gain:0.1000|enemy_tunnel_threat:0.0125|collapse_risk:-0.0000|territory_pressure:0.0750|opportunity_cost:-0.6534
4,utility_tunneler_vs_utility_balancer,15,player,utility_tunneler,1,tunnel_entrance,"(3, -1)",,,0.325,1.0284,0.7034,F,resource_fit:0.1875|tunnel_access_gain:0.0500|enemy_tunnel_threat:0.0125|collapse_risk:-0.0000|territory_pressure:0.0750|opportunity_cost:-0.7034
4,utility_tunneler_vs_utility_balancer,15,player,utility_tunneler,1,tunnel_extend,"(-3, 2)","(-3, 1)",,0.2854,1.0284,0.743,F,resource_fit:0.1583|tunnel_access_gain:0.0583|enemy_tunnel_threat:0.0187|own_tunnel_pressure:-0.0250|collapse_risk:-0.0000|territory_pressure:0.0750|opportunity_cost:-0.7430
4,utility_tunneler_vs_utility_balancer,15,player,utility_tunneler,1,tunnel_extend,"(-2, 0)","(-3, 1)",,0.2271,1.0284,0.8013,F,resource_fit:0.1583|tunnel_access_gain:0.0000|enemy_tunnel_threat:0.0187|own_tunnel_pressure:-0.0250|collapse_risk:-0.0000|territory_pressure:0.0750|opportunity_cost:-0.8013
4,utility_tunneler_vs_utility_balancer,15,player,utility_tunneler,1,tunnel_extend,"(-2, 1)","(-3, 1)",,0.2854,1.0284,0.743,F,resource_fit:0.1583|tunnel_access_gain:0.0583|enemy_tunnel_threat:0.0187|own_tunnel_pressure:-0.0250|collapse_risk:-0.0000|territory_pressure:0.0750|opportunity_cost:-0.7430
4,utility_tunneler_vs_utility_balancer,15,player,utility_tunneler,1,tunnel_extend,"(-3, 1)","(-2, 0)",,0.2271,1.0284,0.8013,F,resource_fit:0.1583|tunnel_access_gain:0.0000|enemy_tunnel_threat:0.0187|own_tunnel_pressure:-0.0250|collapse_risk:-0.0000|territory_pressure:0.0750|opportunity_cost:-0.8013
4,utility_tunneler_vs_utility_balancer,15,player,utility_tunneler,1,tunnel_extend,"(-2, -1)","(-2, 0)",,0.2854,1.0284,0.743,F,resource_fit:0.1583|tunnel_access_gain:0.0583|enemy_tunnel_threat:0.0187|own_tunnel_pressure:-0.0250|collapse_risk:-0.0000|territory_pressure:0.0750|opportunity_cost:-0.7430
4,utility_tunneler_vs_utility_balancer,15,player,utility_tunneler,1,tunnel_extend,"(-2, 1)","(-2, 0)",,0.2854,1.0284,0.743,F,resource_fit:0.1583|tunnel_access_gain:0.0583|enemy_tunnel_threat:0.0187|own_tunnel_pressure:-0.0250|collapse_risk:-0.0000|territory_pressure:0.0750|opportunity_cost:-0.7430
4,utility_tunneler_vs_utility_balancer,15,player,utility_tunneler,1,tunnel_extend,"(-1, -1)","(-2, 0)",,0.2271,1.0284,0.8013,F,resource_fit:0.1583|tunnel_access_gain:0.0000|enemy_tunnel_threat:0.0187|own_tunnel_pressure:-0.0250|collapse_risk:-0.0000|territory_pressure:0.0750|opportunity_cost:-0.8013
4,utility_tunneler_vs_utility_balancer,15,player,utility_tunneler,1,tunnel_extend,"(-1, 0)","(-2, 0)",,0.2271,1.0284,0.8013,F,resource_fit:0.1583|tunnel_access_gain:0.0000|enemy_tunnel_threat:0.0187|own_tunnel_pressure:-0.0250|collapse_risk:-0.0000|territory_pressure:0.0750|opportunity_cost:-0.8013
4,utility_tunneler_vs_utility_balancer,15,player,utility_tunneler,1,tunnel_extend,"(-2, -1)","(-1, -1)",,0.2854,1.0284,0.743,F,resource_fit:0.1583|tunnel_access_gain:0.0583|enemy_tunnel_threat:0.0187|own_tunnel_pressure:-0.0250|collapse_risk:-0.0000|territory_pressure:0.0750|opportunity_cost:-0.7430
4,utility_tunneler_vs_utility_balancer,15,player,utility_tunneler,1,tunnel_extend,"(-2, 0)","(-1, -1)",,0.2271,1.0284,0.8013,F,resource_fit:0.1583|tunnel_access_gain:0.0000|enemy_tunnel_threat:0.0187|own_tunnel_pressure:-0.0250|collapse_risk:-0.0000|territory_pressure:0.0750|opportunity_cost:-0.8013
4,utility_tunneler_vs_utility_balancer,15,player,utility_tunneler,1,tunnel_extend,"(-1, 0)","(-1, -1)",,0.2271,1.0284,0.8013,F,resource_fit:0.1583|tunnel_access_gain:0.0000|enemy_tunnel_threat:0.0187|own_tunnel_pressure:-0.0250|collapse_risk:-0.0000|territory_pressure:0.0750|opportunity_cost:-0.8013
4,utility_tunneler_vs_utility_balancer,15,player,utility_tunneler,1,tunnel_extend,"(0, -2)","(-1, -1)",,0.2854,1.0284,0.743,F,resource_fit:0.1583|tunnel_access_gain:0.0583|enemy_tunnel_threat:0.0187|own_tunnel_pressure:-0.0250|collapse_risk:-0.0000|territory_pressure:0.0750|opportunity_cost:-0.7430
4,utility_tunneler_vs_utility_balancer,15,player,utility_tunneler,1,tunnel_extend,"(0, -1)","(-1, -1)",,0.2271,1.0284,0.8013,F,resource_fit:0.1583|tunnel_access_gain:0.0000|enemy_tunnel_threat:0.0187|own_tunnel_pressure:-0.0250|collapse_risk:-0.0000|territory_pressure:0.0750|opportunity_cost:-0.8013
4,utility_tunneler_vs_utility_balancer,15,player,utility_tunneler,1,tunnel_extend,"(-2, 0)","(-1, 0)",,0.2271,1.0284,0.8013,F,resource_fit:0.1583|tunnel_access_gain:0.0000|enemy_tunnel_threat:0.0187|own_tunnel_pressure:-0.0250|collapse_risk:-0.0000|territory_pressure:0.0750|opportunity_cost:-0.8013
4,utility_tunneler_vs_utility_balancer,15,player,utility_tunneler,1,tunnel_extend,"(-2, 1)","(-1, 0)",,0.2854,1.0284,0.743,F,resource_fit:0.1583|tunnel_access_gain:0.0583|enemy_tunnel_threat:0.0187|own_tunnel_pressure:-0.0250|collapse_risk:-0.0000|territory_pressure:0.0750|opportunity_cost:-0.7430
4,utility_tunneler_vs_utility_balancer,15,player,utility_tunneler,1,tunnel_extend,"(-1, -1)","(-1, 0)",,0.2271,1.0284,0.8013,F,resource_fit:0.1583|tunnel_access_gain:0.0000|enemy_tunnel_threat:0.0187|own_tunnel_pressure:-0.0250|collapse_risk:-0.0000|territory_pressure:0.0750|opportunity_cost:-0.8013
4,utility_tunneler_vs_utility_balancer,15,player,utility_tunneler,1,tunnel_extend,"(-1, 1)","(-1, 0)",,0.2854,1.0284,0.743,F,resource_fit:0.1583|tunnel_access_gain:0.0583|enemy_tunnel_threat:0.0187|own_tunnel_pressure:-0.0250|collapse_risk:-0.0000|territory_pressure:0.0750|opportunity_cost:-0.7430
4,utility_tunneler_vs_utility_balancer,15,player,utility_tunneler,1,tunnel_extend,"(0, -1)","(-1, 0)",,0.2271,1.0284,0.8013,F,resource_fit:0.1583|tunnel_access_gain:0.0000|enemy_tunnel_threat:0.0187|own_tunnel_pressure:-0.0250|collapse_risk:-0.0000|territory_pressure:0.0750|opportunity_cost:-0.8013
4,utility_tunneler_vs_utility_balancer,15,player,utility_tunneler,1,tunnel_extend,"(0, 0)","(-1, 0)",,0.2854,1.0284,0.743,F,resource_fit:0.1583|tunnel_access_gain:0.0583|enemy_tunnel_threat:0.0187|own_tunnel_pressure:-0.0250|collapse_risk:-0.0000|territory_pressure:0.0750|opportunity_cost:-0.7430
4,utility_tunneler_vs_utility_balancer,15,player,utility_tunneler,1,tunnel_extend,"(-1, -1)","(0, -1)",,0.2271,1.0284,0.8013,F,resource_fit:0.1583|tunnel_access_gain:0.0000|enemy_tunnel_threat:0.0187|own_tunnel_pressure:-0.0250|collapse_risk:-0.0000|territory_pressure:0.0750|opportunity_cost:-0.8013
4,utility_tunneler_vs_utility_balancer,15,player,utility_tunneler,1,tunnel_extend,"(-1, 0)","(0, -1)",,0.2271,1.0284,0.8013,F,resource_fit:0.1583|tunnel_access_gain:0.0000|enemy_tunnel_threat:0.0187|own_tunnel_pressure:-0.0250|collapse_risk:-0.0000|territory_pressure:0.0750|opportunity_cost:-0.8013
4,utility_tunneler_vs_utility_balancer,15,player,utility_tunneler,1,tunnel_extend,"(0, -2)","(0, -1)",,0.2854,1.0284,0.743,F,resource_fit:0.1583|tunnel_access_gain:0.0583|enemy_tunnel_threat:0.0187|own_tunnel_pressure:-0.0250|collapse_risk:-0.0000|territory_pressure:0.0750|opportunity_cost:-0.7430
4,utility_tunneler_vs_utility_balancer,15,player,utility_tunneler,1,tunnel_extend,"(0, 0)","(0, -1)",,0.2854,1.0284,0.743,F,resource_fit:0.1583|tunnel_access_gain:0.0583|enemy_tunnel_threat:0.0187|own_tunnel_pressure:-0.0250|collapse_risk:-0.0000|territory_pressure:0.0750|opportunity_cost:-0.7430
4,utility_tunneler_vs_utility_balancer,15,player,utility_tunneler,1,tunnel_extend,"(1, -2)","(0, -1)",,0.2271,1.0284,0.8013,F,resource_fit:0.1583|tunnel_access_gain:0.0000|enemy_tunnel_threat:0.0187|own_tunnel_pressure:-0.0250|collapse_risk:-0.0000|territory_pressure:0.0750|opportunity_cost:-0.8013
4,utility_tunneler_vs_utility_balancer,15,player,utility_tunneler,1,tunnel_extend,"(1, -1)","(0, -1)",,0.2271,1.0284,0.8013,F,resource_fit:0.1583|tunnel_access_gain:0.0000|enemy_tunnel_threat:0.0187|own_tunnel_pressure:-0.0250|collapse_risk:-0.0000|territory_pressure:0.0750|opportunity_cost:-0.8013
4,utility_tunneler_vs_utility_balancer,15,player,utility_tunneler,1,tunnel_extend,"(0, -2)","(1, -2)",,0.2854,1.0284,0.743,F,resource_fit:0.1583|tunnel_access_gain:0.0583|enemy_tunnel_threat:0.0187|own_tunnel_pressure:-0.0250|collapse_risk:-0.0000|territory_pressure:0.0750|opportunity_cost:-0.7430
4,utility_tunneler_vs_utility_balancer,15,player,utility_tunneler,1,tunnel_extend,"(0, -1)","(1, -2)",,0.2271,1.0284,0.8013,F,resource_fit:0.1583|tunnel_access_gain:0.0000|enemy_tunnel_threat:0.0187|own_tunnel_pressure:-0.0250|collapse_risk:-0.0000|territory_pressure:0.0750|opportunity_cost:-0.8013
4,utility_tunneler_vs_utility_balancer,15,player,utility_tunneler,1,tunnel_extend,"(1, -1)","(1, -2)",,0.2271,1.0284,0.8013,F,resource_fit:0.1583|tunnel_access_gain:0.0000|enemy_tunnel_threat:0.0187|own_tunnel_pressure:-0.0250|collapse_risk:-0.0000|territory_pressure:0.0750|opportunity_cost:-0.8013
4,utility_tunneler_vs_utility_balancer,15,player,utility_tunneler,1,tunnel_extend,"(2, -2)","(1, -2)",,0.2854,1.0284,0.743,F,resource_fit:0.1583|tunnel_access_gain:0.0583|enemy_tunnel_threat:0.0187|own_tunnel_pressure:-0.0250|collapse_risk:-0.0000|territory_pressure:0.0750|opportunity_cost:-0.7430
4,utility_tunneler_vs_utility_balancer,15,player,utility_tunneler,1,tunnel_extend,"(0, -1)","(1, -1)",,0.2271,1.0284,0.8013,F,resource_fit:0.1583|tunnel_access_gain:0.0000|enemy_tunnel_threat:0.0187|own_tunnel_pressure:-0.0250|collapse_risk:-0.0000|territory_pressure:0.0750|opportunity_cost:-0.8013
4,utility_tunneler_vs_utility_balancer,15,player,utility_tunneler,1,tunnel_extend,"(0, 0)","(1, -1)",,0.2854,1.0284,0.743,F,resource_fit:0.1583|tunnel_access_gain:0.0583|enemy_tunnel_threat:0.0187|own_tunnel_pressure:-0.0250|collapse_risk:-0.0000|territory_pressure:0.0750|opportunity_cost:-0.7430
4,utility_tunneler_vs_utility_balancer,15,player,utility_tunneler,1,tunnel_extend,"(1, -2)","(1, -1)",,0.2271,1.0284,0.8013,F,resource_fit:0.1583|tunnel_access_gain:0.0000|enemy_tunnel_threat:0.0187|own_tunnel_pressure:-0.0250|collapse_risk:-0.0000|territory_pressure:0.0750|opportunity_cost:-0.8013
4,utility_tunneler_vs_utility_balancer,15,player,utility_tunneler,1,tunnel_extend,"(1, 0)","(1, -1)",,0.2854,1.0284,0.743,F,resource_fit:0.1583|tunnel_access_gain:0.0583|enemy_tunnel_threat:0.0187|own_tunnel_pressure:-0.0250|collapse_risk:-0.0000|territory_pressure:0.0750|opportunity_cost:-0.7430
4,utility_tunneler_vs_utility_balancer,15,player,utility_tunneler,1,tunnel_extend,"(2, -2)","(1, -1)",,0.2854,1.0284,0.743,F,resource_fit:0.1583|tunnel_access_gain:0.0583|enemy_tunnel_threat:0.0187|own_tunnel_pressure:-0.0250|collapse_risk:-0.0000|territory_pressure:0.0750|opportunity_cost:-0.7430
4,utility_tunneler_vs_utility_balancer,15,player,utility_tunneler,1,tunnel_extend,"(2, -1)","(1, -1)",,0.2854,1.0284,0.743,F,resource_fit:0.1583|tunnel_access_gain:0.0583|enemy_tunnel_threat:0.0187|own_tunnel_pressure:-0.0250|collapse_risk:-0.0000|territory_pressure:0.0750|opportunity_cost:-0.7430
4,utility_tunneler_vs_utility_balancer,15,player,utility_tunneler,1,wait,,,,0.0,1.0284,1.0284,F,opportunity_cost:-1.0284
4,utility_tunneler_vs_utility_balancer,15,player,utility_tunneler,2,tunnel_entrance,"(-2, -1)",,,0.4194,0.5981,0.1788,F,resource_fit:0.1354|tunnel_access_gain:0.2000|enemy_tunnel_threat:0.0117|collapse_risk:-0.0000|territory_pressure:0.0723|opportunity_cost:-0.1788
4,utility_tunneler_vs_utility_balancer,15,player,utility_tunneler,2,tunnel_entrance,"(0, -2)",,,0.4194,0.5981,0.1788,F,resource_fit:0.1354|tunnel_access_gain:0.2000|enemy_tunnel_threat:0.0117|collapse_risk:-0.0000|territory_pressure:0.0723|opportunity_cost:-0.1788
4,utility_tunneler_vs_utility_balancer,15,player,utility_tunneler,2,tunnel_entrance,"(0, 0)",,,0.3694,0.5981,0.2288,F,resource_fit:0.1354|tunnel_access_gain:0.1500|enemy_tunnel_threat:0.0117|collapse_risk:-0.0000|territory_pressure:0.0723|opportunity_cost:-0.2288
4,utility_tunneler_vs_utility_balancer,15,player,utility_tunneler,2,tunnel_entrance,"(2, -2)",,,0.3694,0.5981,0.2288,F,resource_fit:0.1354|tunnel_access_gain:0.1500|enemy_tunnel_threat:0.0117|collapse_risk:-0.0000|territory_pressure:0.0723|opportunity_cost:-0.2288
4,utility_tunneler_vs_utility_balancer,15,player,utility_tunneler,2,tunnel_entrance,"(3, -2)",,,0.3194,0.5981,0.2788,F,resource_fit:0.1354|tunnel_access_gain:0.1000|enemy_tunnel_threat:0.0117|collapse_risk:-0.0000|territory_pressure:0.0723|opportunity_cost:-0.2788
4,utility_tunneler_vs_utility_balancer,15,player,utility_tunneler,2,tunnel_entrance,"(3, -1)",,,0.2694,0.5981,0.3288,F,resource_fit:0.1354|tunnel_access_gain:0.0500|enemy_tunnel_threat:0.0117|collapse_risk:-0.0000|territory_pressure:0.0723|opportunity_cost:-0.3288
4,utility_tunneler_vs_utility_balancer,15,player,utility_tunneler,2,tunnel_extend,"(-3, 2)","(-3, 1)",,0.2398,0.5981,0.3583,F,resource_fit:0.1167|tunnel_access_gain:0.0583|enemy_tunnel_threat:0.0175|own_tunnel_pressure:-0.0250|collapse_risk:-0.0000|territory_pressure:0.0723|opportunity_cost:-0.3583
4,utility_tunneler_vs_utility_balancer,15,player,utility_tunneler,2,tunnel_extend,"(-2, 0)","(-3, 1)",,0.1814,0.5981,0.4167,F,resource_fit:0.1167|tunnel_access_gain:0.0000|enemy_tunnel_threat:0.0175|own_tunnel_pressure:-0.0250|collapse_risk:-0.0000|territory_pressure:0.0723|opportunity_cost:-0.4167
4,utility_tunneler_vs_utility_balancer,15,player,utility_tunneler,2,tunnel_extend,"(-2, 1)","(-3, 1)",,0.2398,0.5981,0.3583,F,resource_fit:0.1167|tunnel_access_gain:0.0583|enemy_tunnel_threat:0.0175|own_tunnel_pressure:-0.0250|collapse_risk:-0.0000|territory_pressure:0.0723|opportunity_cost:-0.3583
4,utility_tunneler_vs_utility_balancer,15,player,utility_tunneler,2,tunnel_extend,"(-3, 1)","(-2, 0)",,0.1814,0.5981,0.4167,F,resource_fit:0.1167|tunnel_access_gain:0.0000|enemy_tunnel_threat:0.0175|own_tunnel_pressure:-0.0250|collapse_risk:-0.0000|territory_pressure:0.0723|opportunity_cost:-0.4167
4,utility_tunneler_vs_utility_balancer,15,player,utility_tunneler,2,tunnel_extend,"(-2, -1)","(-2, 0)",,0.2398,0.5981,0.3583,F,resource_fit:0.1167|tunnel_access_gain:0.0583|enemy_tunnel_threat:0.0175|own_tunnel_pressure:-0.0250|collapse_risk:-0.0000|territory_pressure:0.0723|opportunity_cost:-0.3583
4,utility_tunneler_vs_utility_balancer,15,player,utility_tunneler,2,tunnel_extend,"(-2, 1)","(-2, 0)",,0.2398,0.5981,0.3583,F,resource_fit:0.1167|tunnel_access_gain:0.0583|enemy_tunnel_threat:0.0175|own_tunnel_pressure:-0.0250|collapse_risk:-0.0000|territory_pressure:0.0723|opportunity_cost:-0.3583
4,utility_tunneler_vs_utility_balancer,15,player,utility_tunneler,2,tunnel_extend,"(-1, -1)","(-2, 0)",,0.1814,0.5981,0.4167,F,resource_fit:0.1167|tunnel_access_gain:0.0000|enemy_tunnel_threat:0.0175|own_tunnel_pressure:-0.0250|collapse_risk:-0.0000|territory_pressure:0.0723|opportunity_cost:-0.4167
4,utility_tunneler_vs_utility_balancer,15,player,utility_tunneler,2,tunnel_extend,"(-1, 0)","(-2, 0)",,0.1814,0.5981,0.4167,F,resource_fit:0.1167|tunnel_access_gain:0.0000|enemy_tunnel_threat:0.0175|own_tunnel_pressure:-0.0250|collapse_risk:-0.0000|territory_pressure:0.0723|opportunity_cost:-0.4167
4,utility_tunneler_vs_utility_balancer,15,player,utility_tunneler,2,tunnel_extend,"(-2, -1)","(-1, -1)",,0.2398,0.5981,0.3583,F,resource_fit:0.1167|tunnel_access_gain:0.0583|enemy_tunnel_threat:0.0175|own_tunnel_pressure:-0.0250|collapse_risk:-0.0000|territory_pressure:0.0723|opportunity_cost:-0.3583
4,utility_tunneler_vs_utility_balancer,15,player,utility_tunneler,2,tunnel_extend,"(-2, 0)","(-1, -1)",,0.1814,0.5981,0.4167,F,resource_fit:0.1167|tunnel_access_gain:0.0000|enemy_tunnel_threat:0.0175|own_tunnel_pressure:-0.0250|collapse_risk:-0.0000|territory_pressure:0.0723|opportunity_cost:-0.4167
4,utility_tunneler_vs_utility_balancer,15,player,utility_tunneler,2,tunnel_extend,"(-1, -2)","(-1, -1)",,0.2398,0.5981,0.3583,F,resource_fit:0.1167|tunnel_access_gain:0.0583|enemy_tunnel_threat:0.0175|own_tunnel_pressure:-0.0250|collapse_risk:-0.0000|territory_pressure:0.0723|opportunity_cost:-0.3583
4,utility_tunneler_vs_utility_balancer,15,player,utility_tunneler,2,tunnel_extend,"(-1, 0)","(-1, -1)",,0.1814,0.5981,0.4167,F,resource_fit:0.1167|tunnel_access_gain:0.0000|enemy_tunnel_threat:0.0175|own_tunnel_pressure:-0.0250|collapse_risk:-0.0000|territory_pressure:0.0723|opportunity_cost:-0.4167
4,utility_tunneler_vs_utility_balancer,15,player,utility_tunneler,2,tunnel_extend,"(0, -2)","(-1, -1)",,0.2398,0.5981,0.3583,F,resource_fit:0.1167|tunnel_access_gain:0.0583|enemy_tunnel_threat:0.0175|own_tunnel_pressure:-0.0250|collapse_risk:-0.0000|territory_pressure:0.0723|opportunity_cost:-0.3583
4,utility_tunneler_vs_utility_balancer,15,player,utility_tunneler,2,tunnel_extend,"(0, -1)","(-1, -1)",,0.1814,0.5981,0.4167,F,resource_fit:0.1167|tunnel_access_gain:0.0000|enemy_tunnel_threat:0.0175|own_tunnel_pressure:-0.0250|collapse_risk:-0.0000|territory_pressure:0.0723|opportunity_cost:-0.4167
4,utility_tunneler_vs_utility_balancer,15,player,utility_tunneler,2,tunnel_extend,"(-2, 0)","(-1, 0)",,0.1814,0.5981,0.4167,F,resource_fit:0.1167|tunnel_access_gain:0.0000|enemy_tunnel_threat:0.0175|own_tunnel_pressure:-0.0250|collapse_risk:-0.0000|territory_pressure:0.0723|opportunity_cost:-0.4167
4,utility_tunneler_vs_utility_balancer,15,player,utility_tunneler,2,tunnel_extend,"(-2, 1)","(-1, 0)",,0.2398,0.5981,0.3583,F,resource_fit:0.1167|tunnel_access_gain:0.0583|enemy_tunnel_threat:0.0175|own_tunnel_pressure:-0.0250|collapse_risk:-0.0000|territory_pressure:0.0723|opportunity_cost:-0.3583
4,utility_tunneler_vs_utility_balancer,15,player,utility_tunneler,2,tunnel_extend,"(-1, -1)","(-1, 0)",,0.1814,0.5981,0.4167,F,resource_fit:0.1167|tunnel_access_gain:0.0000|enemy_tunnel_threat:0.0175|own_tunnel_pressure:-0.0250|collapse_risk:-0.0000|territory_pressure:0.0723|opportunity_cost:-0.4167
4,utility_tunneler_vs_utility_balancer,15,player,utility_tunneler,2,tunnel_extend,"(-1, 1)","(-1, 0)",,0.2398,0.5981,0.3583,F,resource_fit:0.1167|tunnel_access_gain:0.0583|enemy_tunnel_threat:0.0175|own_tunnel_pressure:-0.0250|collapse_risk:-0.0000|territory_pressure:0.0723|opportunity_cost:-0.3583
4,utility_tunneler_vs_utility_balancer,15,player,utility_tunneler,2,tunnel_extend,"(0, -1)","(-1, 0)",,0.1814,0.5981,0.4167,F,resource_fit:0.1167|tunnel_access_gain:0.0000|enemy_tunnel_threat:0.0175|own_tunnel_pressure:-0.0250|collapse_risk:-0.0000|territory_pressure:0.0723|opportunity_cost:-0.4167
4,utility_tunneler_vs_utility_balancer,15,player,utility_tunneler,2,tunnel_extend,"(0, 0)","(-1, 0)",,0.2398,0.5981,0.3583,F,resource_fit:0.1167|tunnel_access_gain:0.0583|enemy_tunnel_threat:0.0175|own_tunnel_pressure:-0.0250|collapse_risk:-0.0000|territory_pressure:0.0723|opportunity_cost:-0.3583
4,utility_tunneler_vs_utility_balancer,15,player,utility_tunneler,2,tunnel_extend,"(-1, -1)","(0, -1)",,0.1814,0.5981,0.4167,F,resource_fit:0.1167|tunnel_access_gain:0.0000|enemy_tunnel_threat:0.0175|own_tunnel_pressure:-0.0250|collapse_risk:-0.0000|territory_pressure:0.0723|opportunity_cost:-0.4167
4,utility_tunneler_vs_utility_balancer,15,player,utility_tunneler,2,tunnel_extend,"(-1, 0)","(0, -1)",,0.1814,0.5981,0.4167,F,resource_fit:0.1167|tunnel_access_gain:0.0000|enemy_tunnel_threat:0.0175|own_tunnel_pressure:-0.0250|collapse_risk:-0.0000|territory_pressure:0.0723|opportunity_cost:-0.4167
4,utility_tunneler_vs_utility_balancer,15,player,utility_tunneler,2,tunnel_extend,"(0, -2)","(0, -1)",,0.2398,0.5981,0.3583,F,resource_fit:0.1167|tunnel_access_gain:0.0583|enemy_tunnel_threat:0.0175|own_tunnel_pressure:-0.0250|collapse_risk:-0.0000|territory_pressure:0.0723|opportunity_cost:-0.3583
4,utility_tunneler_vs_utility_balancer,15,player,utility_tunneler,2,tunnel_extend,"(0, 0)","(0, -1)",,0.2398,0.5981,0.3583,F,resource_fit:0.1167|tunnel_access_gain:0.0583|enemy_tunnel_threat:0.0175|own_tunnel_pressure:-0.0250|collapse_risk:-0.0000|territory_pressure:0.0723|opportunity_cost:-0.3583
4,utility_tunneler_vs_utility_balancer,15,player,utility_tunneler,2,tunnel_extend,"(1, -2)","(0, -1)",,0.1814,0.5981,0.4167,F,resource_fit:0.1167|tunnel_access_gain:0.0000|enemy_tunnel_threat:0.0175|own_tunnel_pressure:-0.0250|collapse_risk:-0.0000|territory_pressure:0.0723|opportunity_cost:-0.4167
4,utility_tunneler_vs_utility_balancer,15,player,utility_tunneler,2,tunnel_extend,"(1, -1)","(0, -1)",,0.1814,0.5981,0.4167,F,resource_fit:0.1167|tunnel_access_gain:0.0000|enemy_tunnel_threat:0.0175|own_tunnel_pressure:-0.0250|collapse_risk:-0.0000|territory_pressure:0.0723|opportunity_cost:-0.4167
4,utility_tunneler_vs_utility_balancer,15,player,utility_tunneler,2,tunnel_extend,"(0, -2)","(1, -2)",,0.2398,0.5981,0.3583,F,resource_fit:0.1167|tunnel_access_gain:0.0583|enemy_tunnel_threat:0.0175|own_tunnel_pressure:-0.0250|collapse_risk:-0.0000|territory_pressure:0.0723|opportunity_cost:-0.3583
4,utility_tunneler_vs_utility_balancer,15,player,utility_tunneler,2,tunnel_extend,"(0, -1)","(1, -2)",,0.1814,0.5981,0.4167,F,resource_fit:0.1167|tunnel_access_gain:0.0000|enemy_tunnel_threat:0.0175|own_tunnel_pressure:-0.0250|collapse_risk:-0.0000|territory_pressure:0.0723|opportunity_cost:-0.4167
4,utility_tunneler_vs_utility_balancer,15,player,utility_tunneler,2,tunnel_extend,"(1, -1)","(1, -2)",,0.1814,0.5981,0.4167,F,resource_fit:0.1167|tunnel_access_gain:0.0000|enemy_tunnel_threat:0.0175|own_tunnel_pressure:-0.0250|collapse_risk:-0.0000|territory_pressure:0.0723|opportunity_cost:-0.4167
4,utility_tunneler_vs_utility_balancer,15,player,utility_tunneler,2,tunnel_extend,"(2, -2)","(1, -2)",,0.2398,0.5981,0.3583,F,resource_fit:0.1167|tunnel_access_gain:0.0583|enemy_tunnel_threat:0.0175|own_tunnel_pressure:-0.0250|collapse_risk:-0.0000|territory_pressure:0.0723|opportunity_cost:-0.3583
4,utility_tunneler_vs_utility_balancer,15,player,utility_tunneler,2,tunnel_extend,"(0, -1)","(1, -1)",,0.1814,0.5981,0.4167,F,resource_fit:0.1167|tunnel_access_gain:0.0000|enemy_tunnel_threat:0.0175|own_tunnel_pressure:-0.0250|collapse_risk:-0.0000|territory_pressure:0.0723|opportunity_cost:-0.4167
4,utility_tunneler_vs_utility_balancer,15,player,utility_tunneler,2,tunnel_extend,"(0, 0)","(1, -1)",,0.2398,0.5981,0.3583,F,resource_fit:0.1167|tunnel_access_gain:0.0583|enemy_tunnel_threat:0.0175|own_tunnel_pressure:-0.0250|collapse_risk:-0.0000|territory_pressure:0.0723|opportunity_cost:-0.3583
4,utility_tunneler_vs_utility_balancer,15,player,utility_tunneler,2,tunnel_extend,"(1, -2)","(1, -1)",,0.1814,0.5981,0.4167,F,resource_fit:0.1167|tunnel_access_gain:0.0000|enemy_tunnel_threat:0.0175|own_tunnel_pressure:-0.0250|collapse_risk:-0.0000|territory_pressure:0.0723|opportunity_cost:-0.4167
4,utility_tunneler_vs_utility_balancer,15,player,utility_tunneler,2,tunnel_extend,"(1, 0)","(1, -1)",,0.2398,0.5981,0.3583,F,resource_fit:0.1167|tunnel_access_gain:0.0583|enemy_tunnel_threat:0.0175|own_tunnel_pressure:-0.0250|collapse_risk:-0.0000|territory_pressure:0.0723|opportunity_cost:-0.3583
4,utility_tunneler_vs_utility_balancer,15,player,utility_tunneler,2,tunnel_extend,"(2, -2)","(1, -1)",,0.2398,0.5981,0.3583,F,resource_fit:0.1167|tunnel_access_gain:0.0583|enemy_tunnel_threat:0.0175|own_tunnel_pressure:-0.0250|collapse_risk:-0.0000|territory_pressure:0.0723|opportunity_cost:-0.3583
4,utility_tunneler_vs_utility_balancer,15,player,utility_tunneler,2,tunnel_extend,"(2, -1)","(1, -1)",,0.2398,0.5981,0.3583,F,resource_fit:0.1167|tunnel_access_gain:0.0583|enemy_tunnel_threat:0.0175|own_tunnel_pressure:-0.0250|collapse_risk:-0.0000|territory_pressure:0.0723|opportunity_cost:-0.3583
4,utility_tunneler_vs_utility_balancer,15,player,utility_tunneler,2,wait,,,,0.0,0.5981,0.5981,F,opportunity_cost:-0.5981
4,utility_tunneler_vs_utility_balancer,15,player,utility_tunneler,3,tunnel_entrance,"(-2, -1)",,,0.4131,1.0604,0.6473,F,resource_fit:0.1354|tunnel_access_gain:0.2000|enemy_tunnel_threat:0.0125|collapse_risk:-0.0000|territory_pressure:0.0652|opportunity_cost:-0.6473
4,utility_tunneler_vs_utility_balancer,15,player,utility_tunneler,3,tunnel_entrance,"(0, -2)",,,0.4131,1.0604,0.6473,F,resource_fit:0.1354|tunnel_access_gain:0.2000|enemy_tunnel_threat:0.0125|collapse_risk:-0.0000|territory_pressure:0.0652|opportunity_cost:-0.6473
4,utility_tunneler_vs_utility_balancer,15,player,utility_tunneler,3,tunnel_entrance,"(0, 0)",,,0.3631,1.0604,0.6973,F,resource_fit:0.1354|tunnel_access_gain:0.1500|enemy_tunnel_threat:0.0125|collapse_risk:-0.0000|territory_pressure:0.0652|opportunity_cost:-0.6973
4,utility_tunneler_vs_utility_balancer,15,player,utility_tunneler,3,tunnel_entrance,"(2, -2)",,,0.3631,1.0604,0.6973,F,resource_fit:0.1354|tunnel_access_gain:0.1500|enemy_tunnel_threat:0.0125|collapse_risk:-0.0000|territory_pressure:0.0652|opportunity_cost:-0.6973
4,utility_tunneler_vs_utility_balancer,15,player,utility_tunneler,3,tunnel_entrance,"(3, -2)",,,0.3131,1.0604,0.7473,F,resource_fit:0.1354|tunnel_access_gain:0.1000|enemy_tunnel_threat:0.0125|collapse_risk:-0.0000|territory_pressure:0.0652|opportunity_cost:-0.7473
4,utility_tunneler_vs_utility_balancer,15,player,utility_tunneler,3,tunnel_entrance,"(3, -1)",,,0.2631,1.0604,0.7973,F,resource_fit:0.1354|tunnel_access_gain:0.0500|enemy_tunnel_threat:0.0125|collapse_risk:-0.0000|territory_pressure:0.0652|opportunity_cost:-0.7973
4,utility_tunneler_vs_utility_balancer,15,player,utility_tunneler,3,tunnel_extend,"(-3, 2)","(-3, 1)",,0.234,1.0604,0.8264,F,resource_fit:0.1167|tunnel_access_gain:0.0583|enemy_tunnel_threat:0.0187|own_tunnel_pressure:-0.0250|collapse_risk:-0.0000|territory_pressure:0.0652|opportunity_cost:-0.8264
4,utility_tunneler_vs_utility_balancer,15,player,utility_tunneler,3,tunnel_extend,"(-2, 0)","(-3, 1)",,0.1756,1.0604,0.8848,F,resource_fit:0.1167|tunnel_access_gain:0.0000|enemy_tunnel_threat:0.0187|own_tunnel_pressure:-0.0250|collapse_risk:-0.0000|territory_pressure:0.0652|opportunity_cost:-0.8848
4,utility_tunneler_vs_utility_balancer,15,player,utility_tunneler,3,tunnel_extend,"(-2, 1)","(-3, 1)",,0.234,1.0604,0.8264,F,resource_fit:0.1167|tunnel_access_gain:0.0583|enemy_tunnel_threat:0.0187|own_tunnel_pressure:-0.0250|collapse_risk:-0.0000|territory_pressure:0.0652|opportunity_cost:-0.8264
4,utility_tunneler_vs_utility_balancer,15,player,utility_tunneler,3,tunnel_extend,"(-3, 1)","(-2, 0)",,0.1756,1.0604,0.8848,F,resource_fit:0.1167|tunnel_access_gain:0.0000|enemy_tunnel_threat:0.0187|own_tunnel_pressure:-0.0250|collapse_risk:-0.0000|territory_pressure:0.0652|opportunity_cost:-0.8848
4,utility_tunneler_vs_utility_balancer,15,player,utility_tunneler,3,tunnel_extend,"(-2, -1)","(-2, 0)",,0.234,1.0604,0.8264,F,resource_fit:0.1167|tunnel_access_gain:0.0583|enemy_tunnel_threat:0.0187|own_tunnel_pressure:-0.0250|collapse_risk:-0.0000|territory_pressure:0.0652|opportunity_cost:-0.8264
4,utility_tunneler_vs_utility_balancer,15,player,utility_tunneler,3,tunnel_extend,"(-2, 1)","(-2, 0)",,0.234,1.0604,0.8264,F,resource_fit:0.1167|tunnel_access_gain:0.0583|enemy_tunnel_threat:0.0187|own_tunnel_pressure:-0.0250|collapse_risk:-0.0000|territory_pressure:0.0652|opportunity_cost:-0.8264
4,utility_tunneler_vs_utility_balancer,15,player,utility_tunneler,3,tunnel_extend,"(-1, -1)","(-2, 0)",,0.1756,1.0604,0.8848,F,resource_fit:0.1167|tunnel_access_gain:0.0000|enemy_tunnel_threat:0.0187|own_tunnel_pressure:-0.0250|collapse_risk:-0.0000|territory_pressure:0.0652|opportunity_cost:-0.8848
4,utility_tunneler_vs_utility_balancer,15,player,utility_tunneler,3,tunnel_extend,"(-1, 0)","(-2, 0)",,0.1756,1.0604,0.8848,F,resource_fit:0.1167|tunnel_access_gain:0.0000|enemy_tunnel_threat:0.0187|own_tunnel_pressure:-0.0250|collapse_risk:-0.0000|territory_pressure:0.0652|opportunity_cost:-0.8848
4,utility_tunneler_vs_utility_balancer,15,player,utility_tunneler,3,tunnel_extend,"(-2, -1)","(-1, -1)",,0.234,1.0604,0.8264,F,resource_fit:0.1167|tunnel_access_gain:0.0583|enemy_tunnel_threat:0.0187|own_tunnel_pressure:-0.0250|collapse_risk:-0.0000|territory_pressure:0.0652|opportunity_cost:-0.8264
4,utility_tunneler_vs_utility_balancer,15,player,utility_tunneler,3,tunnel_extend,"(-2, 0)","(-1, -1)",,0.1756,1.0604,0.8848,F,resource_fit:0.1167|tunnel_access_gain:0.0000|enemy_tunnel_threat:0.0187|own_tunnel_pressure:-0.0250|collapse_risk:-0.0000|territory_pressure:0.0652|opportunity_cost:-0.8848
4,utility_tunneler_vs_utility_balancer,15,player,utility_tunneler,3,tunnel_extend,"(-1, -2)","(-1, -1)",,0.234,1.0604,0.8264,F,resource_fit:0.1167|tunnel_access_gain:0.0583|enemy_tunnel_threat:0.0187|own_tunnel_pressure:-0.0250|collapse_risk:-0.0000|territory_pressure:0.0652|opportunity_cost:-0.8264
4,utility_tunneler_vs_utility_balancer,15,player,utility_tunneler,3,tunnel_extend,"(-1, 0)","(-1, -1)",,0.1756,1.0604,0.8848,F,resource_fit:0.1167|tunnel_access_gain:0.0000|enemy_tunnel_threat:0.0187|own_tunnel_pressure:-0.0250|collapse_risk:-0.0000|territory_pressure:0.0652|opportunity_cost:-0.8848
4,utility_tunneler_vs_utility_balancer,15,player,utility_tunneler,3,tunnel_extend,"(0, -2)","(-1, -1)",,0.234,1.0604,0.8264,F,resource_fit:0.1167|tunnel_access_gain:0.0583|enemy_tunnel_threat:0.0187|own_tunnel_pressure:-0.0250|collapse_risk:-0.0000|territory_pressure:0.0652|opportunity_cost:-0.8264
4,utility_tunneler_vs_utility_balancer,15,player,utility_tunneler,3,tunnel_extend,"(0, -1)","(-1, -1)",,0.1756,1.0604,0.8848,F,resource_fit:0.1167|tunnel_access_gain:0.0000|enemy_tunnel_threat:0.0187|own_tunnel_pressure:-0.0250|collapse_risk:-0.0000|territory_pressure:0.0652|opportunity_cost:-0.8848
4,utility_tunneler_vs_utility_balancer,15,player,utility_tunneler,3,tunnel_extend,"(-2, 0)","(-1, 0)",,0.1756,1.0604,0.8848,F,resource_fit:0.1167|tunnel_access_gain:0.0000|enemy_tunnel_threat:0.0187|own_tunnel_pressure:-0.0250|collapse_risk:-0.0000|territory_pressure:0.0652|opportunity_cost:-0.8848
4,utility_tunneler_vs_utility_balancer,15,player,utility_tunneler,3,tunnel_extend,"(-2, 1)","(-1, 0)",,0.234,1.0604,0.8264,F,resource_fit:0.1167|tunnel_access_gain:0.0583|enemy_tunnel_threat:0.0187|own_tunnel_pressure:-0.0250|collapse_risk:-0.0000|territory_pressure:0.0652|opportunity_cost:-0.8264
4,utility_tunneler_vs_utility_balancer,15,player,utility_tunneler,3,tunnel_extend,"(-1, -1)","(-1, 0)",,0.1756,1.0604,0.8848,F,resource_fit:0.1167|tunnel_access_gain:0.0000|enemy_tunnel_threat:0.0187|own_tunnel_pressure:-0.0250|collapse_risk:-0.0000|territory_pressure:0.0652|opportunity_cost:-0.8848
4,utility_tunneler_vs_utility_balancer,15,player,utility_tunneler,3,tunnel_extend,"(-1, 1)","(-1, 0)",,0.234,1.0604,0.8264,F,resource_fit:0.1167|tunnel_access_gain:0.0583|enemy_tunnel_threat:0.0187|own_tunnel_pressure:-0.0250|collapse_risk:-0.0000|territory_pressure:0.0652|opportunity_cost:-0.8264
4,utility_tunneler_vs_utility_balancer,15,player,utility_tunneler,3,tunnel_extend,"(0, -1)","(-1, 0)",,0.1756,1.0604,0.8848,F,resource_fit:0.1167|tunnel_access_gain:0.0000|enemy_tunnel_threat:0.0187|own_tunnel_pressure:-0.0250|collapse_risk:-0.0000|territory_pressure:0.0652|opportunity_cost:-0.8848
4,utility_tunneler_vs_utility_balancer,15,player,utility_tunneler,3,tunnel_extend,"(0, 0)","(-1, 0)",,0.234,1.0604,0.8264,F,resource_fit:0.1167|tunnel_access_gain:0.0583|enemy_tunnel_threat:0.0187|own_tunnel_pressure:-0.0250|collapse_risk:-0.0000|territory_pressure:0.0652|opportunity_cost:-0.8264
4,utility_tunneler_vs_utility_balancer,15,player,utility_tunneler,3,tunnel_extend,"(-1, -1)","(0, -1)",,0.1756,1.0604,0.8848,F,resource_fit:0.1167|tunnel_access_gain:0.0000|enemy_tunnel_threat:0.0187|own_tunnel_pressure:-0.0250|collapse_risk:-0.0000|territory_pressure:0.0652|opportunity_cost:-0.8848
4,utility_tunneler_vs_utility_balancer,15,player,utility_tunneler,3,tunnel_extend,"(-1, 0)","(0, -1)",,0.1756,1.0604,0.8848,F,resource_fit:0.1167|tunnel_access_gain:0.0000|enemy_tunnel_threat:0.0187|own_tunnel_pressure:-0.0250|collapse_risk:-0.0000|territory_pressure:0.0652|opportunity_cost:-0.8848
4,utility_tunneler_vs_utility_balancer,15,player,utility_tunneler,3,tunnel_extend,"(0, -2)","(0, -1)",,0.234,1.0604,0.8264,F,resource_fit:0.1167|tunnel_access_gain:0.0583|enemy_tunnel_threat:0.0187|own_tunnel_pressure:-0.0250|collapse_risk:-0.0000|territory_pressure:0.0652|opportunity_cost:-0.8264
4,utility_tunneler_vs_utility_balancer,15,player,utility_tunneler,3,tunnel_extend,"(0, 0)","(0, -1)",,0.234,1.0604,0.8264,F,resource_fit:0.1167|tunnel_access_gain:0.0583|enemy_tunnel_threat:0.0187|own_tunnel_pressure:-0.0250|collapse_risk:-0.0000|territory_pressure:0.0652|opportunity_cost:-0.8264
4,utility_tunneler_vs_utility_balancer,15,player,utility_tunneler,3,tunnel_extend,"(1, -2)","(0, -1)",,0.1756,1.0604,0.8848,F,resource_fit:0.1167|tunnel_access_gain:0.0000|enemy_tunnel_threat:0.0187|own_tunnel_pressure:-0.0250|collapse_risk:-0.0000|territory_pressure:0.0652|opportunity_cost:-0.8848
4,utility_tunneler_vs_utility_balancer,15,player,utility_tunneler,3,tunnel_extend,"(1, -1)","(0, -1)",,0.1756,1.0604,0.8848,F,resource_fit:0.1167|tunnel_access_gain:0.0000|enemy_tunnel_threat:0.0187|own_tunnel_pressure:-0.0250|collapse_risk:-0.0000|territory_pressure:0.0652|opportunity_cost:-0.8848
4,utility_tunneler_vs_utility_balancer,15,player,utility_tunneler,3,tunnel_extend,"(0, -2)","(1, -2)",,0.234,1.0604,0.8264,F,resource_fit:0.1167|tunnel_access_gain:0.0583|enemy_tunnel_threat:0.0187|own_tunnel_pressure:-0.0250|collapse_risk:-0.0000|territory_pressure:0.0652|opportunity_cost:-0.8264
4,utility_tunneler_vs_utility_balancer,15,player,utility_tunneler,3,tunnel_extend,"(0, -1)","(1, -2)",,0.1756,1.0604,0.8848,F,resource_fit:0.1167|tunnel_access_gain:0.0000|enemy_tunnel_threat:0.0187|own_tunnel_pressure:-0.0250|collapse_risk:-0.0000|territory_pressure:0.0652|opportunity_cost:-0.8848
4,utility_tunneler_vs_utility_balancer,15,player,utility_tunneler,3,tunnel_extend,"(1, -1)","(1, -2)",,0.1756,1.0604,0.8848,F,resource_fit:0.1167|tunnel_access_gain:0.0000|enemy_tunnel_threat:0.0187|own_tunnel_pressure:-0.0250|collapse_risk:-0.0000|territory_pressure:0.0652|opportunity_cost:-0.8848
4,utility_tunneler_vs_utility_balancer,15,player,utility_tunneler,3,tunnel_extend,"(2, -2)","(1, -2)",,0.234,1.0604,0.8264,F,resource_fit:0.1167|tunnel_access_gain:0.0583|enemy_tunnel_threat:0.0187|own_tunnel_pressure:-0.0250|collapse_risk:-0.0000|territory_pressure:0.0652|opportunity_cost:-0.8264
4,utility_tunneler_vs_utility_balancer,15,player,utility_tunneler,3,tunnel_extend,"(0, -1)","(1, -1)",,0.1756,1.0604,0.8848,F,resource_fit:0.1167|tunnel_access_gain:0.0000|enemy_tunnel_threat:0.0187|own_tunnel_pressure:-0.0250|collapse_risk:-0.0000|territory_pressure:0.0652|opportunity_cost:-0.8848
4,utility_tunneler_vs_utility_balancer,15,player,utility_tunneler,3,tunnel_extend,"(0, 0)","(1, -1)",,0.234,1.0604,0.8264,F,resource_fit:0.1167|tunnel_access_gain:0.0583|enemy_tunnel_threat:0.0187|own_tunnel_pressure:-0.0250|collapse_risk:-0.0000|territory_pressure:0.0652|opportunity_cost:-0.8264
4,utility_tunneler_vs_utility_balancer,15,player,utility_tunneler,3,tunnel_extend,"(1, -2)","(1, -1)",,0.1756,1.0604,0.8848,F,resource_fit:0.1167|tunnel_access_gain:0.0000|enemy_tunnel_threat:0.0187|own_tunnel_pressure:-0.0250|collapse_risk:-0.0000|territory_pressure:0.0652|opportunity_cost:-0.8848
4,utility_tunneler_vs_utility_balancer,15,player,utility_tunneler,3,tunnel_extend,"(1, 0)","(1, -1)",,0.234,1.0604,0.8264,F,resource_fit:0.1167|tunnel_access_gain:0.0583|enemy_tunnel_threat:0.0187|own_tunnel_pressure:-0.0250|collapse_risk:-0.0000|territory_pressure:0.0652|opportunity_cost:-0.8264
4,utility_tunneler_vs_utility_balancer,15,player,utility_tunneler,3,tunnel_extend,"(2, -2)","(1, -1)",,0.234,1.0604,0.8264,F,resource_fit:0.1167|tunnel_access_gain:0.0583|enemy_tunnel_threat:0.0187|own_tunnel_pressure:-0.0250|collapse_risk:-0.0000|territory_pressure:0.0652|opportunity_cost:-0.8264
4,utility_tunneler_vs_utility_balancer,15,player,utility_tunneler,3,tunnel_extend,"(2, -1)","(1, -1)",,0.234,1.0604,0.8264,F,resource_fit:0.1167|tunnel_access_gain:0.0583|enemy_tunnel_threat:0.0187|own_tunnel_pressure:-0.0250|collapse_risk:-0.0000|territory_pressure:0.0652|opportunity_cost:-0.8264
4,utility_tunneler_vs_utility_balancer,15,player,utility_tunneler,3,wait,,,,0.0,1.0604,1.0604,F,opportunity_cost:-1.0604
4,utility_tunneler_vs_utility_balancer,16,player,utility_tunneler,1,tunnel_entrance,"(-2, -1)",,,0.5256,1.199,0.6734,F,resource_fit:0.2188|tunnel_access_gain:0.2000|enemy_tunnel_threat:0.0107|collapse_risk:-0.0000|territory_pressure:0.0961|opportunity_cost:-0.6734
4,utility_tunneler_vs_utility_balancer,16,player,utility_tunneler,1,tunnel_entrance,"(-1, -2)",,,0.4756,1.199,0.7234,F,resource_fit:0.2188|tunnel_access_gain:0.1500|enemy_tunnel_threat:0.0107|collapse_risk:-0.0000|territory_pressure:0.0961|opportunity_cost:-0.7234
4,utility_tunneler_vs_utility_balancer,16,player,utility_tunneler,1,tunnel_entrance,"(0, -2)",,,0.5256,1.199,0.6734,F,resource_fit:0.2188|tunnel_access_gain:0.2000|enemy_tunnel_threat:0.0107|collapse_risk:-0.0000|territory_pressure:0.0961|opportunity_cost:-0.6734
4,utility_tunneler_vs_utility_balancer,16,player,utility_tunneler,1,tunnel_entrance,"(0, 0)",,,0.4256,1.199,0.7734,F,resource_fit:0.2188|tunnel_access_gain:0.1000|enemy_tunnel_threat:0.0107|collapse_risk:-0.0000|territory_pressure:0.0961|opportunity_cost:-0.7734
4,utility_tunneler_vs_utility_balancer,16,player,utility_tunneler,1,tunnel_entrance,"(2, -2)",,,0.4756,1.199,0.7234,F,resource_fit:0.2188|tunnel_access_gain:0.1500|enemy_tunnel_threat:0.0107|collapse_risk:-0.0000|territory_pressure:0.0961|opportunity_cost:-0.7234
4,utility_tunneler_vs_utility_balancer,16,player,utility_tunneler,1,tunnel_entrance,"(3, -2)",,,0.4256,1.199,0.7734,F,resource_fit:0.2188|tunnel_access_gain:0.1000|enemy_tunnel_threat:0.0107|collapse_risk:-0.0000|territory_pressure:0.0961|opportunity_cost:-0.7734
4,utility_tunneler_vs_utility_balancer,16,player,utility_tunneler,1,tunnel_entrance,"(3, -1)",,,0.3756,1.199,0.8234,F,resource_fit:0.2188|tunnel_access_gain:0.0500|enemy_tunnel_threat:0.0107|collapse_risk:-0.0000|territory_pressure:0.0961|opportunity_cost:-0.8234
4,utility_tunneler_vs_utility_balancer,16,player,utility_tunneler,1,tunnel_extend,"(-3, 1)","(-2, 0)",,0.3289,1.199,0.8702,F,resource_fit:0.1833|tunnel_access_gain:0.0583|enemy_tunnel_threat:0.0161|own_tunnel_pressure:-0.0250|collapse_risk:-0.0000|territory_pressure:0.0961|opportunity_cost:-0.8702
4,utility_tunneler_vs_utility_balancer,16,player,utility_tunneler,1,tunnel_extend,"(-2, -1)","(-2, 0)",,0.3289,1.199,0.8702,F,resource_fit:0.1833|tunnel_access_gain:0.0583|enemy_tunnel_threat:0.0161|own_tunnel_pressure:-0.0250|collapse_risk:-0.0000|territory_pressure:0.0961|opportunity_cost:-0.8702
4,utility_tunneler_vs_utility_balancer,16,player,utility_tunneler,1,tunnel_extend,"(-2, 1)","(-2, 0)",,0.3289,1.199,0.8702,F,resource_fit:0.1833|tunnel_access_gain:0.0583|enemy_tunnel_threat:0.0161|own_tunnel_pressure:-0.0250|collapse_risk:-0.0000|territory_pressure:0.0961|opportunity_cost:-0.8702
4,utility_tunneler_vs_utility_balancer,16,player,utility_tunneler,1,tunnel_extend,"(-1, -1)","(-2, 0)",,0.2705,1.199,0.9285,F,resource_fit:0.1833|tunnel_access_gain:0.0000|enemy_tunnel_threat:0.0161|own_tunnel_pressure:-0.0250|collapse_risk:-0.0000|territory_pressure:0.0961|opportunity_cost:-0.9285
4,utility_tunneler_vs_utility_balancer,16,player,utility_tunneler,1,tunnel_extend,"(-1, 0)","(-2, 0)",,0.3289,1.199,0.8702,F,resource_fit:0.1833|tunnel_access_gain:0.0583|enemy_tunnel_threat:0.0161|own_tunnel_pressure:-0.0250|collapse_risk:-0.0000|territory_pressure:0.0961|opportunity_cost:-0.8702
4,utility_tunneler_vs_utility_balancer,16,player,utility_tunneler,1,tunnel_extend,"(-2, -1)","(-1, -1)",,0.3289,1.199,0.8702,F,resource_fit:0.1833|tunnel_access_gain:0.0583|enemy_tunnel_threat:0.0161|own_tunnel_pressure:-0.0250|collapse_risk:-0.0000|territory_pressure:0.0961|opportunity_cost:-0.8702
4,utility_tunneler_vs_utility_balancer,16,player,utility_tunneler,1,tunnel_extend,"(-2, 0)","(-1, -1)",,0.2705,1.199,0.9285,F,resource_fit:0.1833|tunnel_access_gain:0.0000|enemy_tunnel_threat:0.0161|own_tunnel_pressure:-0.0250|collapse_risk:-0.0000|territory_pressure:0.0961|opportunity_cost:-0.9285
4,utility_tunneler_vs_utility_balancer,16,player,utility_tunneler,1,tunnel_extend,"(-1, -2)","(-1, -1)",,0.3289,1.199,0.8702,F,resource_fit:0.1833|tunnel_access_gain:0.0583|enemy_tunnel_threat:0.0161|own_tunnel_pressure:-0.0250|collapse_risk:-0.0000|territory_pressure:0.0961|opportunity_cost:-0.8702
4,utility_tunneler_vs_utility_balancer,16,player,utility_tunneler,1,tunnel_extend,"(-1, 0)","(-1, -1)",,0.3289,1.199,0.8702,F,resource_fit:0.1833|tunnel_access_gain:0.0583|enemy_tunnel_threat:0.0161|own_tunnel_pressure:-0.0250|collapse_risk:-0.0000|territory_pressure:0.0961|opportunity_cost:-0.8702
4,utility_tunneler_vs_utility_balancer,16,player,utility_tunneler,1,tunnel_extend,"(0, -2)","(-1, -1)",,0.3289,1.199,0.8702,F,resource_fit:0.1833|tunnel_access_gain:0.0583|enemy_tunnel_threat:0.0161|own_tunnel_pressure:-0.0250|collapse_risk:-0.0000|territory_pressure:0.0961|opportunity_cost:-0.8702
4,utility_tunneler_vs_utility_balancer,16,player,utility_tunneler,1,tunnel_extend,"(0, -1)","(-1, -1)",,0.2705,1.199,0.9285,F,resource_fit:0.1833|tunnel_access_gain:0.0000|enemy_tunnel_threat:0.0161|own_tunnel_pressure:-0.0250|collapse_risk:-0.0000|territory_pressure:0.0961|opportunity_cost:-0.9285
4,utility_tunneler_vs_utility_balancer,16,player,utility_tunneler,1,tunnel_extend,"(-1, -1)","(0, -1)",,0.2705,1.199,0.9285,F,resource_fit:0.1833|tunnel_access_gain:0.0000|enemy_tunnel_threat:0.0161|own_tunnel_pressure:-0.0250|collapse_risk:-0.0000|territory_pressure:0.0961|opportunity_cost:-0.9285
4,utility_tunneler_vs_utility_balancer,16,player,utility_tunneler,1,tunnel_extend,"(-1, 0)","(0, -1)",,0.3289,1.199,0.8702,F,resource_fit:0.1833|tunnel_access_gain:0.0583|enemy_tunnel_threat:0.0161|own_tunnel_pressure:-0.0250|collapse_risk:-0.0000|territory_pressure:0.0961|opportunity_cost:-0.8702
4,utility_tunneler_vs_utility_balancer,16,player,utility_tunneler,1,tunnel_extend,"(0, -2)","(0, -1)",,0.3289,1.199,0.8702,F,resource_fit:0.1833|tunnel_access_gain:0.0583|enemy_tunnel_threat:0.0161|own_tunnel_pressure:-0.0250|collapse_risk:-0.0000|territory_pressure:0.0961|opportunity_cost:-0.8702
4,utility_tunneler_vs_utility_balancer,16,player,utility_tunneler,1,tunnel_extend,"(0, 0)","(0, -1)",,0.3289,1.199,0.8702,F,resource_fit:0.1833|tunnel_access_gain:0.0583|enemy_tunnel_threat:0.0161|own_tunnel_pressure:-0.0250|collapse_risk:-0.0000|territory_pressure:0.0961|opportunity_cost:-0.8702
4,utility_tunneler_vs_utility_balancer,16,player,utility_tunneler,1,tunnel_extend,"(1, -2)","(0, -1)",,0.2705,1.199,0.9285,F,resource_fit:0.1833|tunnel_access_gain:0.0000|enemy_tunnel_threat:0.0161|own_tunnel_pressure:-0.0250|collapse_risk:-0.0000|territory_pressure:0.0961|opportunity_cost:-0.9285
4,utility_tunneler_vs_utility_balancer,16,player,utility_tunneler,1,tunnel_extend,"(1, -1)","(0, -1)",,0.2705,1.199,0.9285,F,resource_fit:0.1833|tunnel_access_gain:0.0000|enemy_tunnel_threat:0.0161|own_tunnel_pressure:-0.0250|collapse_risk:-0.0000|territory_pressure:0.0961|opportunity_cost:-0.9285
4,utility_tunneler_vs_utility_balancer,16,player,utility_tunneler,1,tunnel_extend,"(0, -2)","(1, -2)",,0.3289,1.199,0.8702,F,resource_fit:0.1833|tunnel_access_gain:0.0583|enemy_tunnel_threat:0.0161|own_tunnel_pressure:-0.0250|collapse_risk:-0.0000|territory_pressure:0.0961|opportunity_cost:-0.8702
4,utility_tunneler_vs_utility_balancer,16,player,utility_tunneler,1,tunnel_extend,"(0, -1)","(1, -2)",,0.2705,1.199,0.9285,F,resource_fit:0.1833|tunnel_access_gain:0.0000|enemy_tunnel_threat:0.0161|own_tunnel_pressure:-0.0250|collapse_risk:-0.0000|territory_pressure:0.0961|opportunity_cost:-0.9285
4,utility_tunneler_vs_utility_balancer,16,player,utility_tunneler,1,tunnel_extend,"(1, -1)","(1, -2)",,0.2705,1.199,0.9285,F,resource_fit:0.1833|tunnel_access_gain:0.0000|enemy_tunnel_threat:0.0161|own_tunnel_pressure:-0.0250|collapse_risk:-0.0000|territory_pressure:0.0961|opportunity_cost:-0.9285
4,utility_tunneler_vs_utility_balancer,16,player,utility_tunneler,1,tunnel_extend,"(2, -2)","(1, -2)",,0.3289,1.199,0.8702,F,resource_fit:0.1833|tunnel_access_gain:0.0583|enemy_tunnel_threat:0.0161|own_tunnel_pressure:-0.0250|collapse_risk:-0.0000|territory_pressure:0.0961|opportunity_cost:-0.8702
4,utility_tunneler_vs_utility_balancer,16,player,utility_tunneler,1,tunnel_extend,"(0, -1)","(1, -1)",,0.2705,1.199,0.9285,F,resource_fit:0.1833|tunnel_access_gain:0.0000|enemy_tunnel_threat:0.0161|own_tunnel_pressure:-0.0250|collapse_risk:-0.0000|territory_pressure:0.0961|opportunity_cost:-0.9285
4,utility_tunneler_vs_utility_balancer,16,player,utility_tunneler,1,tunnel_extend,"(0, 0)","(1, -1)",,0.3289,1.199,0.8702,F,resource_fit:0.1833|tunnel_access_gain:0.0583|enemy_tunnel_threat:0.0161|own_tunnel_pressure:-0.0250|collapse_risk:-0.0000|territory_pressure:0.0961|opportunity_cost:-0.8702
4,utility_tunneler_vs_utility_balancer,16,player,utility_tunneler,1,tunnel_extend,"(1, -2)","(1, -1)",,0.2705,1.199,0.9285,F,resource_fit:0.1833|tunnel_access_gain:0.0000|enemy_tunnel_threat:0.0161|own_tunnel_pressure:-0.0250|collapse_risk:-0.0000|territory_pressure:0.0961|opportunity_cost:-0.9285
4,utility_tunneler_vs_utility_balancer,16,player,utility_tunneler,1,tunnel_extend,"(1, 0)","(1, -1)",,0.3289,1.199,0.8702,F,resource_fit:0.1833|tunnel_access_gain:0.0583|enemy_tunnel_threat:0.0161|own_tunnel_pressure:-0.0250|collapse_risk:-0.0000|territory_pressure:0.0961|opportunity_cost:-0.8702
4,utility_tunneler_vs_utility_balancer,16,player,utility_tunneler,1,tunnel_extend,"(2, -2)","(1, -1)",,0.3289,1.199,0.8702,F,resource_fit:0.1833|tunnel_access_gain:0.0583|enemy_tunnel_threat:0.0161|own_tunnel_pressure:-0.0250|collapse_risk:-0.0000|territory_pressure:0.0961|opportunity_cost:-0.8702
4,utility_tunneler_vs_utility_balancer,16,player,utility_tunneler,1,tunnel_extend,"(2, -1)","(1, -1)",,0.3289,1.199,0.8702,F,resource_fit:0.1833|tunnel_access_gain:0.0583|enemy_tunnel_threat:0.0161|own_tunnel_pressure:-0.0250|collapse_risk:-0.0000|territory_pressure:0.0961|opportunity_cost:-0.8702
4,utility_tunneler_vs_utility_balancer,16,player,utility_tunneler,1,wait,,,,0.0,1.199,1.199,F,opportunity_cost:-1.1990
4,utility_tunneler_vs_utility_balancer,16,player,utility_tunneler,2,tunnel_entrance,"(-2, -1)",,,0.4701,1.534,1.0639,F,resource_fit:0.1667|tunnel_access_gain:0.2000|enemy_tunnel_threat:0.0100|collapse_risk:-0.0000|territory_pressure:0.0934|opportunity_cost:-1.0639
4,utility_tunneler_vs_utility_balancer,16,player,utility_tunneler,2,tunnel_entrance,"(-1, -2)",,,0.4201,1.534,1.1139,F,resource_fit:0.1667|tunnel_access_gain:0.1500|enemy_tunnel_threat:0.0100|collapse_risk:-0.0000|territory_pressure:0.0934|opportunity_cost:-1.1139
4,utility_tunneler_vs_utility_balancer,16,player,utility_tunneler,2,tunnel_entrance,"(0, -2)",,,0.4701,1.534,1.0639,F,resource_fit:0.1667|tunnel_access_gain:0.2000|enemy_tunnel_threat:0.0100|collapse_risk:-0.0000|territory_pressure:0.0934|opportunity_cost:-1.0639
4,utility_tunneler_vs_utility_balancer,16,player,utility_tunneler,2,tunnel_entrance,"(0, 0)",,,0.3701,1.534,1.1639,F,resource_fit:0.1667|tunnel_access_gain:0.1000|enemy_tunnel_threat:0.0100|collapse_risk:-0.0000|territory_pressure:0.0934|opportunity_cost:-1.1639
4,utility_tunneler_vs_utility_balancer,16,player,utility_tunneler,2,tunnel_entrance,"(2, -2)",,,0.4701,1.534,1.0639,F,resource_fit:0.1667|tunnel_access_gain:0.2000|enemy_tunnel_threat:0.0100|collapse_risk:-0.0000|territory_pressure:0.0934|opportunity_cost:-1.0639
4,utility_tunneler_vs_utility_balancer,16,player,utility_tunneler,2,tunnel_entrance,"(3, -2)",,,0.4201,1.534,1.1139,F,resource_fit:0.1667|tunnel_access_gain:0.1500|enemy_tunnel_threat:0.0100|collapse_risk:-0.0000|territory_pressure:0.0934|opportunity_cost:-1.1139
4,utility_tunneler_vs_utility_balancer,16,player,utility_tunneler,2,tunnel_entrance,"(3, -1)",,,0.3201,1.534,1.2139,F,resource_fit:0.1667|tunnel_access_gain:0.0500|enemy_tunnel_threat:0.0100|collapse_risk:-0.0000|territory_pressure:0.0934|opportunity_cost:-1.2139
4,utility_tunneler_vs_utility_balancer,16,player,utility_tunneler,2,tunnel_extend,"(-3, 1)","(-2, 0)",,0.2834,1.534,1.2506,F,resource_fit:0.1417|tunnel_access_gain:0.0583|enemy_tunnel_threat:0.0150|own_tunnel_pressure:-0.0250|collapse_risk:-0.0000|territory_pressure:0.0934|opportunity_cost:-1.2506
4,utility_tunneler_vs_utility_balancer,16,player,utility_tunneler,2,tunnel_extend,"(-2, -1)","(-2, 0)",,0.2834,1.534,1.2506,F,resource_fit:0.1417|tunnel_access_gain:0.0583|enemy_tunnel_threat:0.0150|own_tunnel_pressure:-0.0250|collapse_risk:-0.0000|territory_pressure:0.0934|opportunity_cost:-1.2506
4,utility_tunneler_vs_utility_balancer,16,player,utility_tunneler,2,tunnel_extend,"(-2, 1)","(-2, 0)",,0.2834,1.534,1.2506,F,resource_fit:0.1417|tunnel_access_gain:0.0583|enemy_tunnel_threat:0.0150|own_tunnel_pressure:-0.0250|collapse_risk:-0.0000|territory_pressure:0.0934|opportunity_cost:-1.2506
4,utility_tunneler_vs_utility_balancer,16,player,utility_tunneler,2,tunnel_extend,"(-1, -1)","(-2, 0)",,0.2251,1.534,1.3089,F,resource_fit:0.1417|tunnel_access_gain:0.0000|enemy_tunnel_threat:0.0150|own_tunnel_pressure:-0.0250|collapse_risk:-0.0000|territory_pressure:0.0934|opportunity_cost:-1.3089
4,utility_tunneler_vs_utility_balancer,16,player,utility_tunneler,2,tunnel_extend,"(-1, 0)","(-2, 0)",,0.2834,1.534,1.2506,F,resource_fit:0.1417|tunnel_access_gain:0.0583|enemy_tunnel_threat:0.0150|own_tunnel_pressure:-0.0250|collapse_risk:-0.0000|territory_pressure:0.0934|opportunity_cost:-1.2506
4,utility_tunneler_vs_utility_balancer,16,player,utility_tunneler,2,tunnel_extend,"(-2, -1)","(-1, -1)",,0.2834,1.534,1.2506,F,resource_fit:0.1417|tunnel_access_gain:0.0583|enemy_tunnel_threat:0.0150|own_tunnel_pressure:-0.0250|collapse_risk:-0.0000|territory_pressure:0.0934|opportunity_cost:-1.2506
4,utility_tunneler_vs_utility_balancer,16,player,utility_tunneler,2,tunnel_extend,"(-2, 0)","(-1, -1)",,0.2251,1.534,1.3089,F,resource_fit:0.1417|tunnel_access_gain:0.0000|enemy_tunnel_threat:0.0150|own_tunnel_pressure:-0.0250|collapse_risk:-0.0000|territory_pressure:0.0934|opportunity_cost:-1.3089
4,utility_tunneler_vs_utility_balancer,16,player,utility_tunneler,2,tunnel_extend,"(-1, -2)","(-1, -1)",,0.2834,1.534,1.2506,F,resource_fit:0.1417|tunnel_access_gain:0.0583|enemy_tunnel_threat:0.0150|own_tunnel_pressure:-0.0250|collapse_risk:-0.0000|territory_pressure:0.0934|opportunity_cost:-1.2506
4,utility_tunneler_vs_utility_balancer,16,player,utility_tunneler,2,tunnel_extend,"(-1, 0)","(-1, -1)",,0.2834,1.534,1.2506,F,resource_fit:0.1417|tunnel_access_gain:0.0583|enemy_tunnel_threat:0.0150|own_tunnel_pressure:-0.0250|collapse_risk:-0.0000|territory_pressure:0.0934|opportunity_cost:-1.2506
4,utility_tunneler_vs_utility_balancer,16,player,utility_tunneler,2,tunnel_extend,"(0, -2)","(-1, -1)",,0.2834,1.534,1.2506,F,resource_fit:0.1417|tunnel_access_gain:0.0583|enemy_tunnel_threat:0.0150|own_tunnel_pressure:-0.0250|collapse_risk:-0.0000|territory_pressure:0.0934|opportunity_cost:-1.2506
4,utility_tunneler_vs_utility_balancer,16,player,utility_tunneler,2,tunnel_extend,"(0, -1)","(-1, -1)",,0.2251,1.534,1.3089,F,resource_fit:0.1417|tunnel_access_gain:0.0000|enemy_tunnel_threat:0.0150|own_tunnel_pressure:-0.0250|collapse_risk:-0.0000|territory_pressure:0.0934|opportunity_cost:-1.3089
4,utility_tunneler_vs_utility_balancer,16,player,utility_tunneler,2,tunnel_extend,"(-1, -1)","(0, -1)",,0.2251,1.534,1.3089,F,resource_fit:0.1417|tunnel_access_gain:0.0000|enemy_tunnel_threat:0.0150|own_tunnel_pressure:-0.0250|collapse_risk:-0.0000|territory_pressure:0.0934|opportunity_cost:-1.3089
4,utility_tunneler_vs_utility_balancer,16,player,utility_tunneler,2,tunnel_extend,"(-1, 0)","(0, -1)",,0.2834,1.534,1.2506,F,resource_fit:0.1417|tunnel_access_gain:0.0583|enemy_tunnel_threat:0.0150|own_tunnel_pressure:-0.0250|collapse_risk:-0.0000|territory_pressure:0.0934|opportunity_cost:-1.2506
4,utility_tunneler_vs_utility_balancer,16,player,utility_tunneler,2,tunnel_extend,"(0, -2)","(0, -1)",,0.2834,1.534,1.2506,F,resource_fit:0.1417|tunnel_access_gain:0.0583|enemy_tunnel_threat:0.0150|own_tunnel_pressure:-0.0250|collapse_risk:-0.0000|territory_pressure:0.0934|opportunity_cost:-1.2506
4,utility_tunneler_vs_utility_balancer,16,player,utility_tunneler,2,tunnel_extend,"(0, 0)","(0, -1)",,0.2834,1.534,1.2506,F,resource_fit:0.1417|tunnel_access_gain:0.0583|enemy_tunnel_threat:0.0150|own_tunnel_pressure:-0.0250|collapse_risk:-0.0000|territory_pressure:0.0934|opportunity_cost:-1.2506
4,utility_tunneler_vs_utility_balancer,16,player,utility_tunneler,2,tunnel_extend,"(1, -2)","(0, -1)",,0.2251,1.534,1.3089,F,resource_fit:0.1417|tunnel_access_gain:0.0000|enemy_tunnel_threat:0.0150|own_tunnel_pressure:-0.0250|collapse_risk:-0.0000|territory_pressure:0.0934|opportunity_cost:-1.3089
4,utility_tunneler_vs_utility_balancer,16,player,utility_tunneler,2,tunnel_extend,"(1, -1)","(0, -1)",,0.2251,1.534,1.3089,F,resource_fit:0.1417|tunnel_access_gain:0.0000|enemy_tunnel_threat:0.0150|own_tunnel_pressure:-0.0250|collapse_risk:-0.0000|territory_pressure:0.0934|opportunity_cost:-1.3089
4,utility_tunneler_vs_utility_balancer,16,player,utility_tunneler,2,tunnel_extend,"(0, -2)","(1, -2)",,0.2834,1.534,1.2506,F,resource_fit:0.1417|tunnel_access_gain:0.0583|enemy_tunnel_threat:0.0150|own_tunnel_pressure:-0.0250|collapse_risk:-0.0000|territory_pressure:0.0934|opportunity_cost:-1.2506
4,utility_tunneler_vs_utility_balancer,16,player,utility_tunneler,2,tunnel_extend,"(0, -1)","(1, -2)",,0.2251,1.534,1.3089,F,resource_fit:0.1417|tunnel_access_gain:0.0000|enemy_tunnel_threat:0.0150|own_tunnel_pressure:-0.0250|collapse_risk:-0.0000|territory_pressure:0.0934|opportunity_cost:-1.3089
4,utility_tunneler_vs_utility_balancer,16,player,utility_tunneler,2,tunnel_extend,"(1, -1)","(1, -2)",,0.2251,1.534,1.3089,F,resource_fit:0.1417|tunnel_access_gain:0.0000|enemy_tunnel_threat:0.0150|own_tunnel_pressure:-0.0250|collapse_risk:-0.0000|territory_pressure:0.0934|opportunity_cost:-1.3089
4,utility_tunneler_vs_utility_balancer,16,player,utility_tunneler,2,tunnel_extend,"(2, -2)","(1, -2)",,0.2834,1.534,1.2506,F,resource_fit:0.1417|tunnel_access_gain:0.0583|enemy_tunnel_threat:0.0150|own_tunnel_pressure:-0.0250|collapse_risk:-0.0000|territory_pressure:0.0934|opportunity_cost:-1.2506
4,utility_tunneler_vs_utility_balancer,16,player,utility_tunneler,2,tunnel_extend,"(0, -1)","(1, -1)",,0.2251,1.534,1.3089,F,resource_fit:0.1417|tunnel_access_gain:0.0000|enemy_tunnel_threat:0.0150|own_tunnel_pressure:-0.0250|collapse_risk:-0.0000|territory_pressure:0.0934|opportunity_cost:-1.3089
4,utility_tunneler_vs_utility_balancer,16,player,utility_tunneler,2,tunnel_extend,"(0, 0)","(1, -1)",,0.2834,1.534,1.2506,F,resource_fit:0.1417|tunnel_access_gain:0.0583|enemy_tunnel_threat:0.0150|own_tunnel_pressure:-0.0250|collapse_risk:-0.0000|territory_pressure:0.0934|opportunity_cost:-1.2506
4,utility_tunneler_vs_utility_balancer,16,player,utility_tunneler,2,tunnel_extend,"(1, -2)","(1, -1)",,0.2251,1.534,1.3089,F,resource_fit:0.1417|tunnel_access_gain:0.0000|enemy_tunnel_threat:0.0150|own_tunnel_pressure:-0.0250|collapse_risk:-0.0000|territory_pressure:0.0934|opportunity_cost:-1.3089
4,utility_tunneler_vs_utility_balancer,16,player,utility_tunneler,2,tunnel_extend,"(1, 0)","(1, -1)",,0.2834,1.534,1.2506,F,resource_fit:0.1417|tunnel_access_gain:0.0583|enemy_tunnel_threat:0.0150|own_tunnel_pressure:-0.0250|collapse_risk:-0.0000|territory_pressure:0.0934|opportunity_cost:-1.2506
4,utility_tunneler_vs_utility_balancer,16,player,utility_tunneler,2,tunnel_extend,"(2, -2)","(1, -1)",,0.2834,1.534,1.2506,F,resource_fit:0.1417|tunnel_access_gain:0.0583|enemy_tunnel_threat:0.0150|own_tunnel_pressure:-0.0250|collapse_risk:-0.0000|territory_pressure:0.0934|opportunity_cost:-1.2506
4,utility_tunneler_vs_utility_balancer,16,player,utility_tunneler,2,tunnel_extend,"(2, -1)","(1, -1)",,0.2834,1.534,1.2506,F,resource_fit:0.1417|tunnel_access_gain:0.0583|enemy_tunnel_threat:0.0150|own_tunnel_pressure:-0.0250|collapse_risk:-0.0000|territory_pressure:0.0934|opportunity_cost:-1.2506
4,utility_tunneler_vs_utility_balancer,16,player,utility_tunneler,2,wait,,,,0.0,1.534,1.534,F,opportunity_cost:-1.5340
4,utility_tunneler_vs_utility_balancer,16,player,utility_tunneler,3,tunnel_entrance,"(-2, -1)",,,0.4147,0.7678,0.3531,F,resource_fit:0.1146|tunnel_access_gain:0.2000|enemy_tunnel_threat:0.0094|collapse_risk:-0.0000|territory_pressure:0.0907|opportunity_cost:-0.3531
4,utility_tunneler_vs_utility_balancer,16,player,utility_tunneler,3,tunnel_entrance,"(-1, -2)",,,0.3647,0.7678,0.4031,F,resource_fit:0.1146|tunnel_access_gain:0.1500|enemy_tunnel_threat:0.0094|collapse_risk:-0.0000|territory_pressure:0.0907|opportunity_cost:-0.4031
4,utility_tunneler_vs_utility_balancer,16,player,utility_tunneler,3,tunnel_entrance,"(0, -2)",,,0.4147,0.7678,0.3531,F,resource_fit:0.1146|tunnel_access_gain:0.2000|enemy_tunnel_threat:0.0094|collapse_risk:-0.0000|territory_pressure:0.0907|opportunity_cost:-0.3531
4,utility_tunneler_vs_utility_balancer,16,player,utility_tunneler,3,tunnel_entrance,"(0, 0)",,,0.3147,0.7678,0.4531,F,resource_fit:0.1146|tunnel_access_gain:0.1000|enemy_tunnel_threat:0.0094|collapse_risk:-0.0000|territory_pressure:0.0907|opportunity_cost:-0.4531
4,utility_tunneler_vs_utility_balancer,16,player,utility_tunneler,3,tunnel_entrance,"(2, -2)",,,0.4647,0.7678,0.3031,F,resource_fit:0.1146|tunnel_access_gain:0.2500|enemy_tunnel_threat:0.0094|collapse_risk:-0.0000|territory_pressure:0.0907|opportunity_cost:-0.3031
4,utility_tunneler_vs_utility_balancer,16,player,utility_tunneler,3,tunnel_entrance,"(3, -2)",,,0.3647,0.7678,0.4031,F,resource_fit:0.1146|tunnel_access_gain:0.1500|enemy_tunnel_threat:0.0094|collapse_risk:-0.0000|territory_pressure:0.0907|opportunity_cost:-0.4031
4,utility_tunneler_vs_utility_balancer,16,player,utility_tunneler,3,tunnel_entrance,"(3, -1)",,,0.2647,0.7678,0.5031,F,resource_fit:0.1146|tunnel_access_gain:0.0500|enemy_tunnel_threat:0.0094|collapse_risk:-0.0000|territory_pressure:0.0907|opportunity_cost:-0.5031
4,utility_tunneler_vs_utility_balancer,16,player,utility_tunneler,3,tunnel_extend,"(-3, 1)","(-2, 0)",,0.2381,0.7678,0.5297,F,resource_fit:0.1000|tunnel_access_gain:0.0583|enemy_tunnel_threat:0.0141|own_tunnel_pressure:-0.0250|collapse_risk:-0.0000|territory_pressure:0.0907|opportunity_cost:-0.5297
4,utility_tunneler_vs_utility_balancer,16,player,utility_tunneler,3,tunnel_extend,"(-2, -1)","(-2, 0)",,0.2381,0.7678,0.5297,F,resource_fit:0.1000|tunnel_access_gain:0.0583|enemy_tunnel_threat:0.0141|own_tunnel_pressure:-0.0250|collapse_risk:-0.0000|territory_pressure:0.0907|opportunity_cost:-0.5297
4,utility_tunneler_vs_utility_balancer,16,player,utility_tunneler,3,tunnel_extend,"(-2, 1)","(-2, 0)",,0.2381,0.7678,0.5297,F,resource_fit:0.1000|tunnel_access_gain:0.0583|enemy_tunnel_threat:0.0141|own_tunnel_pressure:-0.0250|collapse_risk:-0.0000|territory_pressure:0.0907|opportunity_cost:-0.5297
4,utility_tunneler_vs_utility_balancer,16,player,utility_tunneler,3,tunnel_extend,"(-1, -1)","(-2, 0)",,0.1798,0.7678,0.588,F,resource_fit:0.1000|tunnel_access_gain:0.0000|enemy_tunnel_threat:0.0141|own_tunnel_pressure:-0.0250|collapse_risk:-0.0000|territory_pressure:0.0907|opportunity_cost:-0.5880
4,utility_tunneler_vs_utility_balancer,16,player,utility_tunneler,3,tunnel_extend,"(-1, 0)","(-2, 0)",,0.2381,0.7678,0.5297,F,resource_fit:0.1000|tunnel_access_gain:0.0583|enemy_tunnel_threat:0.0141|own_tunnel_pressure:-0.0250|collapse_risk:-0.0000|territory_pressure:0.0907|opportunity_cost:-0.5297
4,utility_tunneler_vs_utility_balancer,16,player,utility_tunneler,3,tunnel_extend,"(-2, -1)","(-1, -1)",,0.2381,0.7678,0.5297,F,resource_fit:0.1000|tunnel_access_gain:0.0583|enemy_tunnel_threat:0.0141|own_tunnel_pressure:-0.0250|collapse_risk:-0.0000|territory_pressure:0.0907|opportunity_cost:-0.5297
4,utility_tunneler_vs_utility_balancer,16,player,utility_tunneler,3,tunnel_extend,"(-2, 0)","(-1, -1)",,0.1798,0.7678,0.588,F,resource_fit:0.1000|tunnel_access_gain:0.0000|enemy_tunnel_threat:0.0141|own_tunnel_pressure:-0.0250|collapse_risk:-0.0000|territory_pressure:0.0907|opportunity_cost:-0.5880
4,utility_tunneler_vs_utility_balancer,16,player,utility_tunneler,3,tunnel_extend,"(-1, -2)","(-1, -1)",,0.2381,0.7678,0.5297,F,resource_fit:0.1000|tunnel_access_gain:0.0583|enemy_tunnel_threat:0.0141|own_tunnel_pressure:-0.0250|collapse_risk:-0.0000|territory_pressure:0.0907|opportunity_cost:-0.5297
4,utility_tunneler_vs_utility_balancer,16,player,utility_tunneler,3,tunnel_extend,"(-1, 0)","(-1, -1)",,0.2381,0.7678,0.5297,F,resource_fit:0.1000|tunnel_access_gain:0.0583|enemy_tunnel_threat:0.0141|own_tunnel_pressure:-0.0250|collapse_risk:-0.0000|territory_pressure:0.0907|opportunity_cost:-0.5297
4,utility_tunneler_vs_utility_balancer,16,player,utility_tunneler,3,tunnel_extend,"(0, -2)","(-1, -1)",,0.2381,0.7678,0.5297,F,resource_fit:0.1000|tunnel_access_gain:0.0583|enemy_tunnel_threat:0.0141|own_tunnel_pressure:-0.0250|collapse_risk:-0.0000|territory_pressure:0.0907|opportunity_cost:-0.5297
4,utility_tunneler_vs_utility_balancer,16,player,utility_tunneler,3,tunnel_extend,"(0, -1)","(-1, -1)",,0.1798,0.7678,0.588,F,resource_fit:0.1000|tunnel_access_gain:0.0000|enemy_tunnel_threat:0.0141|own_tunnel_pressure:-0.0250|collapse_risk:-0.0000|territory_pressure:0.0907|opportunity_cost:-0.5880
4,utility_tunneler_vs_utility_balancer,16,player,utility_tunneler,3,tunnel_extend,"(-1, -1)","(0, -1)",,0.1798,0.7678,0.588,F,resource_fit:0.1000|tunnel_access_gain:0.0000|enemy_tunnel_threat:0.0141|own_tunnel_pressure:-0.0250|collapse_risk:-0.0000|territory_pressure:0.0907|opportunity_cost:-0.5880
4,utility_tunneler_vs_utility_balancer,16,player,utility_tunneler,3,tunnel_extend,"(-1, 0)","(0, -1)",,0.2381,0.7678,0.5297,F,resource_fit:0.1000|tunnel_access_gain:0.0583|enemy_tunnel_threat:0.0141|own_tunnel_pressure:-0.0250|collapse_risk:-0.0000|territory_pressure:0.0907|opportunity_cost:-0.5297
4,utility_tunneler_vs_utility_balancer,16,player,utility_tunneler,3,tunnel_extend,"(0, -2)","(0, -1)",,0.2381,0.7678,0.5297,F,resource_fit:0.1000|tunnel_access_gain:0.0583|enemy_tunnel_threat:0.0141|own_tunnel_pressure:-0.0250|collapse_risk:-0.0000|territory_pressure:0.0907|opportunity_cost:-0.5297
4,utility_tunneler_vs_utility_balancer,16,player,utility_tunneler,3,tunnel_extend,"(0, 0)","(0, -1)",,0.2381,0.7678,0.5297,F,resource_fit:0.1000|tunnel_access_gain:0.0583|enemy_tunnel_threat:0.0141|own_tunnel_pressure:-0.0250|collapse_risk:-0.0000|territory_pressure:0.0907|opportunity_cost:-0.5297
4,utility_tunneler_vs_utility_balancer,16,player,utility_tunneler,3,tunnel_extend,"(1, -2)","(0, -1)",,0.1798,0.7678,0.588,F,resource_fit:0.1000|tunnel_access_gain:0.0000|enemy_tunnel_threat:0.0141|own_tunnel_pressure:-0.0250|collapse_risk:-0.0000|territory_pressure:0.0907|opportunity_cost:-0.5880
4,utility_tunneler_vs_utility_balancer,16,player,utility_tunneler,3,tunnel_extend,"(1, -1)","(0, -1)",,0.1798,0.7678,0.588,F,resource_fit:0.1000|tunnel_access_gain:0.0000|enemy_tunnel_threat:0.0141|own_tunnel_pressure:-0.0250|collapse_risk:-0.0000|territory_pressure:0.0907|opportunity_cost:-0.5880
4,utility_tunneler_vs_utility_balancer,16,player,utility_tunneler,3,tunnel_extend,"(0, -2)","(1, -2)",,0.2381,0.7678,0.5297,F,resource_fit:0.1000|tunnel_access_gain:0.0583|enemy_tunnel_threat:0.0141|own_tunnel_pressure:-0.0250|collapse_risk:-0.0000|territory_pressure:0.0907|opportunity_cost:-0.5297
4,utility_tunneler_vs_utility_balancer,16,player,utility_tunneler,3,tunnel_extend,"(0, -1)","(1, -2)",,0.1798,0.7678,0.588,F,resource_fit:0.1000|tunnel_access_gain:0.0000|enemy_tunnel_threat:0.0141|own_tunnel_pressure:-0.0250|collapse_risk:-0.0000|territory_pressure:0.0907|opportunity_cost:-0.5880
4,utility_tunneler_vs_utility_balancer,16,player,utility_tunneler,3,tunnel_extend,"(1, -1)","(1, -2)",,0.1798,0.7678,0.588,F,resource_fit:0.1000|tunnel_access_gain:0.0000|enemy_tunnel_threat:0.0141|own_tunnel_pressure:-0.0250|collapse_risk:-0.0000|territory_pressure:0.0907|opportunity_cost:-0.5880
4,utility_tunneler_vs_utility_balancer,16,player,utility_tunneler,3,tunnel_extend,"(2, -3)","(1, -2)",,0.2381,0.7678,0.5297,F,resource_fit:0.1000|tunnel_access_gain:0.0583|enemy_tunnel_threat:0.0141|own_tunnel_pressure:-0.0250|collapse_risk:-0.0000|territory_pressure:0.0907|opportunity_cost:-0.5297
4,utility_tunneler_vs_utility_balancer,16,player,utility_tunneler,3,tunnel_extend,"(2, -2)","(1, -2)",,0.2381,0.7678,0.5297,F,resource_fit:0.1000|tunnel_access_gain:0.0583|enemy_tunnel_threat:0.0141|own_tunnel_pressure:-0.0250|collapse_risk:-0.0000|territory_pressure:0.0907|opportunity_cost:-0.5297
4,utility_tunneler_vs_utility_balancer,16,player,utility_tunneler,3,tunnel_extend,"(0, -1)","(1, -1)",,0.1798,0.7678,0.588,F,resource_fit:0.1000|tunnel_access_gain:0.0000|enemy_tunnel_threat:0.0141|own_tunnel_pressure:-0.0250|collapse_risk:-0.0000|territory_pressure:0.0907|opportunity_cost:-0.5880
4,utility_tunneler_vs_utility_balancer,16,player,utility_tunneler,3,tunnel_extend,"(0, 0)","(1, -1)",,0.2381,0.7678,0.5297,F,resource_fit:0.1000|tunnel_access_gain:0.0583|enemy_tunnel_threat:0.0141|own_tunnel_pressure:-0.0250|collapse_risk:-0.0000|territory_pressure:0.0907|opportunity_cost:-0.5297
4,utility_tunneler_vs_utility_balancer,16,player,utility_tunneler,3,tunnel_extend,"(1, -2)","(1, -1)",,0.1798,0.7678,0.588,F,resource_fit:0.1000|tunnel_access_gain:0.0000|enemy_tunnel_threat:0.0141|own_tunnel_pressure:-0.0250|collapse_risk:-0.0000|territory_pressure:0.0907|opportunity_cost:-0.5880
4,utility_tunneler_vs_utility_balancer,16,player,utility_tunneler,3,tunnel_extend,"(1, 0)","(1, -1)",,0.2381,0.7678,0.5297,F,resource_fit:0.1000|tunnel_access_gain:0.0583|enemy_tunnel_threat:0.0141|own_tunnel_pressure:-0.0250|collapse_risk:-0.0000|territory_pressure:0.0907|opportunity_cost:-0.5297
4,utility_tunneler_vs_utility_balancer,16,player,utility_tunneler,3,tunnel_extend,"(2, -2)","(1, -1)",,0.2381,0.7678,0.5297,F,resource_fit:0.1000|tunnel_access_gain:0.0583|enemy_tunnel_threat:0.0141|own_tunnel_pressure:-0.0250|collapse_risk:-0.0000|territory_pressure:0.0907|opportunity_cost:-0.5297
4,utility_tunneler_vs_utility_balancer,16,player,utility_tunneler,3,tunnel_extend,"(2, -1)","(1, -1)",,0.2381,0.7678,0.5297,F,resource_fit:0.1000|tunnel_access_gain:0.0583|enemy_tunnel_threat:0.0141|own_tunnel_pressure:-0.0250|collapse_risk:-0.0000|territory_pressure:0.0907|opportunity_cost:-0.5297
4,utility_tunneler_vs_utility_balancer,16,player,utility_tunneler,3,wait,,,,0.0,0.7678,0.7678,F,opportunity_cost:-0.7678
4,utility_tunneler_vs_utility_balancer,17,player,utility_tunneler,1,tunnel_entrance,"(-2, -1)",,,0.498,1.1942,0.6962,F,resource_fit:0.1979|tunnel_access_gain:0.2000|enemy_tunnel_threat:0.0094|collapse_risk:-0.0000|territory_pressure:0.0907|opportunity_cost:-0.6962
4,utility_tunneler_vs_utility_balancer,17,player,utility_tunneler,1,tunnel_entrance,"(-1, -2)",,,0.448,1.1942,0.7462,F,resource_fit:0.1979|tunnel_access_gain:0.1500|enemy_tunnel_threat:0.0094|collapse_risk:-0.0000|territory_pressure:0.0907|opportunity_cost:-0.7462
4,utility_tunneler_vs_utility_balancer,17,player,utility_tunneler,1,tunnel_entrance,"(0, -2)",,,0.498,1.1942,0.6962,F,resource_fit:0.1979|tunnel_access_gain:0.2000|enemy_tunnel_threat:0.0094|collapse_risk:-0.0000|territory_pressure:0.0907|opportunity_cost:-0.6962
4,utility_tunneler_vs_utility_balancer,17,player,utility_tunneler,1,tunnel_entrance,"(0, 0)",,,0.398,1.1942,0.7962,F,resource_fit:0.1979|tunnel_access_gain:0.1000|enemy_tunnel_threat:0.0094|collapse_risk:-0.0000|territory_pressure:0.0907|opportunity_cost:-0.7962
4,utility_tunneler_vs_utility_balancer,17,player,utility_tunneler,1,tunnel_entrance,"(2, -3)",,,0.448,1.1942,0.7462,F,resource_fit:0.1979|tunnel_access_gain:0.1500|enemy_tunnel_threat:0.0094|collapse_risk:-0.0000|territory_pressure:0.0907|opportunity_cost:-0.7462
4,utility_tunneler_vs_utility_balancer,17,player,utility_tunneler,1,tunnel_entrance,"(2, -2)",,,0.548,1.1942,0.6462,F,resource_fit:0.1979|tunnel_access_gain:0.2500|enemy_tunnel_threat:0.0094|collapse_risk:-0.0000|territory_pressure:0.0907|opportunity_cost:-0.6462
4,utility_tunneler_vs_utility_balancer,17,player,utility_tunneler,1,tunnel_entrance,"(3, -3)",,,0.448,1.1942,0.7462,F,resource_fit:0.1979|tunnel_access_gain:0.1500|enemy_tunnel_threat:0.0094|collapse_risk:-0.0000|territory_pressure:0.0907|opportunity_cost:-0.7462
4,utility_tunneler_vs_utility_balancer,17,player,utility_tunneler,1,tunnel_entrance,"(3, -2)",,,0.448,1.1942,0.7462,F,resource_fit:0.1979|tunnel_access_gain:0.1500|enemy_tunnel_threat:0.0094|collapse_risk:-0.0000|territory_pressure:0.0907|opportunity_cost:-0.7462
4,utility_tunneler_vs_utility_balancer,17,player,utility_tunneler,1,tunnel_entrance,"(3, -1)",,,0.348,1.1942,0.8462,F,resource_fit:0.1979|tunnel_access_gain:0.0500|enemy_tunnel_threat:0.0094|collapse_risk:-0.0000|territory_pressure:0.0907|opportunity_cost:-0.8462
4,utility_tunneler_vs_utility_balancer,17,player,utility_tunneler,1,tunnel_extend,"(-3, 1)","(-2, 0)",,0.3048,1.1942,0.8894,F,resource_fit:0.1667|tunnel_access_gain:0.0583|enemy_tunnel_threat:0.0141|own_tunnel_pressure:-0.0250|collapse_risk:-0.0000|territory_pressure:0.0907|opportunity_cost:-0.8894
4,utility_tunneler_vs_utility_balancer,17,player,utility_tunneler,1,tunnel_extend,"(-2, -1)","(-2, 0)",,0.3048,1.1942,0.8894,F,resource_fit:0.1667|tunnel_access_gain:0.0583|enemy_tunnel_threat:0.0141|own_tunnel_pressure:-0.0250|collapse_risk:-0.0000|territory_pressure:0.0907|opportunity_cost:-0.8894
4,utility_tunneler_vs_utility_balancer,17,player,utility_tunneler,1,tunnel_extend,"(-2, 1)","(-2, 0)",,0.2464,1.1942,0.9477,F,resource_fit:0.1667|tunnel_access_gain:0.0000|enemy_tunnel_threat:0.0141|own_tunnel_pressure:-0.0250|collapse_risk:-0.0000|territory_pressure:0.0907|opportunity_cost:-0.9477
4,utility_tunneler_vs_utility_balancer,17,player,utility_tunneler,1,tunnel_extend,"(-1, -1)","(-2, 0)",,0.2464,1.1942,0.9477,F,resource_fit:0.1667|tunnel_access_gain:0.0000|enemy_tunnel_threat:0.0141|own_tunnel_pressure:-0.0250|collapse_risk:-0.0000|territory_pressure:0.0907|opportunity_cost:-0.9477
4,utility_tunneler_vs_utility_balancer,17,player,utility_tunneler,1,tunnel_extend,"(-1, 0)","(-2, 0)",,0.3048,1.1942,0.8894,F,resource_fit:0.1667|tunnel_access_gain:0.0583|enemy_tunnel_threat:0.0141|own_tunnel_pressure:-0.0250|collapse_risk:-0.0000|territory_pressure:0.0907|opportunity_cost:-0.8894
4,utility_tunneler_vs_utility_balancer,17,player,utility_tunneler,1,tunnel_extend,"(-3, 1)","(-2, 1)",,0.3048,1.1942,0.8894,F,resource_fit:0.1667|tunnel_access_gain:0.0583|enemy_tunnel_threat:0.0141|own_tunnel_pressure:-0.0250|collapse_risk:-0.0000|territory_pressure:0.0907|opportunity_cost:-0.8894
4,utility_tunneler_vs_utility_balancer,17,player,utility_tunneler,1,tunnel_extend,"(-3, 2)","(-2, 1)",,0.3048,1.1942,0.8894,F,resource_fit:0.1667|tunnel_access_gain:0.0583|enemy_tunnel_threat:0.0141|own_tunnel_pressure:-0.0250|collapse_risk:-0.0000|territory_pressure:0.0907|opportunity_cost:-0.8894
4,utility_tunneler_vs_utility_balancer,17,player,utility_tunneler,1,tunnel_extend,"(-2, 0)","(-2, 1)",,0.2464,1.1942,0.9477,F,resource_fit:0.1667|tunnel_access_gain:0.0000|enemy_tunnel_threat:0.0141|own_tunnel_pressure:-0.0250|collapse_risk:-0.0000|territory_pressure:0.0907|opportunity_cost:-0.9477
4,utility_tunneler_vs_utility_balancer,17,player,utility_tunneler,1,tunnel_extend,"(-2, 2)","(-2, 1)",,0.3048,1.1942,0.8894,F,resource_fit:0.1667|tunnel_access_gain:0.0583|enemy_tunnel_threat:0.0141|own_tunnel_pressure:-0.0250|collapse_risk:-0.0000|territory_pressure:0.0907|opportunity_cost:-0.8894
4,utility_tunneler_vs_utility_balancer,17,player,utility_tunneler,1,tunnel_extend,"(-1, 0)","(-2, 1)",,0.3048,1.1942,0.8894,F,resource_fit:0.1667|tunnel_access_gain:0.0583|enemy_tunnel_threat:0.0141|own_tunnel_pressure:-0.0250|collapse_risk:-0.0000|territory_pressure:0.0907|opportunity_cost:-0.8894
4,utility_tunneler_vs_utility_balancer,17,player,utility_tunneler,1,tunnel_extend,"(-1, 1)","(-2, 1)",,0.3048,1.1942,0.8894,F,resource_fit:0.1667|tunnel_access_gain:0.0583|enemy_tunnel_threat:0.0141|own_tunnel_pressure:-0.0250|collapse_risk:-0.0000|territory_pressure:0.0907|opportunity_cost:-0.8894
4,utility_tunneler_vs_utility_balancer,17,player,utility_tunneler,1,tunnel_extend,"(-2, -1)","(-1, -1)",,0.3048,1.1942,0.8894,F,resource_fit:0.1667|tunnel_access_gain:0.0583|enemy_tunnel_threat:0.0141|own_tunnel_pressure:-0.0250|collapse_risk:-0.0000|territory_pressure:0.0907|opportunity_cost:-0.8894
4,utility_tunneler_vs_utility_balancer,17,player,utility_tunneler,1,tunnel_extend,"(-2, 0)","(-1, -1)",,0.2464,1.1942,0.9477,F,resource_fit:0.1667|tunnel_access_gain:0.0000|enemy_tunnel_threat:0.0141|own_tunnel_pressure:-0.0250|collapse_risk:-0.0000|territory_pressure:0.0907|opportunity_cost:-0.9477
4,utility_tunneler_vs_utility_balancer,17,player,utility_tunneler,1,tunnel_extend,"(-1, -2)","(-1, -1)",,0.3048,1.1942,0.8894,F,resource_fit:0.1667|tunnel_access_gain:0.0583|enemy_tunnel_threat:0.0141|own_tunnel_pressure:-0.0250|collapse_risk:-0.0000|territory_pressure:0.0907|opportunity_cost:-0.8894
4,utility_tunneler_vs_utility_balancer,17,player,utility_tunneler,1,tunnel_extend,"(-1, 0)","(-1, -1)",,0.3048,1.1942,0.8894,F,resource_fit:0.1667|tunnel_access_gain:0.0583|enemy_tunnel_threat:0.0141|own_tunnel_pressure:-0.0250|collapse_risk:-0.0000|territory_pressure:0.0907|opportunity_cost:-0.8894
4,utility_tunneler_vs_utility_balancer,17,player,utility_tunneler,1,tunnel_extend,"(0, -2)","(-1, -1)",,0.3048,1.1942,0.8894,F,resource_fit:0.1667|tunnel_access_gain:0.0583|enemy_tunnel_threat:0.0141|own_tunnel_pressure:-0.0250|collapse_risk:-0.0000|territory_pressure:0.0907|opportunity_cost:-0.8894
4,utility_tunneler_vs_utility_balancer,17,player,utility_tunneler,1,tunnel_extend,"(0, -1)","(-1, -1)",,0.2464,1.1942,0.9477,F,resource_fit:0.1667|tunnel_access_gain:0.0000|enemy_tunnel_threat:0.0141|own_tunnel_pressure:-0.0250|collapse_risk:-0.0000|territory_pressure:0.0907|opportunity_cost:-0.9477
4,utility_tunneler_vs_utility_balancer,17,player,utility_tunneler,1,tunnel_extend,"(-1, -1)","(0, -1)",,0.2464,1.1942,0.9477,F,resource_fit:0.1667|tunnel_access_gain:0.0000|enemy_tunnel_threat:0.0141|own_tunnel_pressure:-0.0250|collapse_risk:-0.0000|territory_pressure:0.0907|opportunity_cost:-0.9477
4,utility_tunneler_vs_utility_balancer,17,player,utility_tunneler,1,tunnel_extend,"(-1, 0)","(0, -1)",,0.3048,1.1942,0.8894,F,resource_fit:0.1667|tunnel_access_gain:0.0583|enemy_tunnel_threat:0.0141|own_tunnel_pressure:-0.0250|collapse_risk:-0.0000|territory_pressure:0.0907|opportunity_cost:-0.8894
4,utility_tunneler_vs_utility_balancer,17,player,utility_tunneler,1,tunnel_extend,"(0, -2)","(0, -1)",,0.3048,1.1942,0.8894,F,resource_fit:0.1667|tunnel_access_gain:0.0583|enemy_tunnel_threat:0.0141|own_tunnel_pressure:-0.0250|collapse_risk:-0.0000|territory_pressure:0.0907|opportunity_cost:-0.8894
4,utility_tunneler_vs_utility_balancer,17,player,utility_tunneler,1,tunnel_extend,"(0, 0)","(0, -1)",,0.3048,1.1942,0.8894,F,resource_fit:0.1667|tunnel_access_gain:0.0583|enemy_tunnel_threat:0.0141|own_tunnel_pressure:-0.0250|collapse_risk:-0.0000|territory_pressure:0.0907|opportunity_cost:-0.8894
4,utility_tunneler_vs_utility_balancer,17,player,utility_tunneler,1,tunnel_extend,"(1, -2)","(0, -1)",,0.2464,1.1942,0.9477,F,resource_fit:0.1667|tunnel_access_gain:0.0000|enemy_tunnel_threat:0.0141|own_tunnel_pressure:-0.0250|collapse_risk:-0.0000|territory_pressure:0.0907|opportunity_cost:-0.9477
4,utility_tunneler_vs_utility_balancer,17,player,utility_tunneler,1,tunnel_extend,"(1, -1)","(0, -1)",,0.2464,1.1942,0.9477,F,resource_fit:0.1667|tunnel_access_gain:0.0000|enemy_tunnel_threat:0.0141|own_tunnel_pressure:-0.0250|collapse_risk:-0.0000|territory_pressure:0.0907|opportunity_cost:-0.9477
4,utility_tunneler_vs_utility_balancer,17,player,utility_tunneler,1,tunnel_extend,"(0, -2)","(1, -2)",,0.3048,1.1942,0.8894,F,resource_fit:0.1667|tunnel_access_gain:0.0583|enemy_tunnel_threat:0.0141|own_tunnel_pressure:-0.0250|collapse_risk:-0.0000|territory_pressure:0.0907|opportunity_cost:-0.8894
4,utility_tunneler_vs_utility_balancer,17,player,utility_tunneler,1,tunnel_extend,"(0, -1)","(1, -2)",,0.2464,1.1942,0.9477,F,resource_fit:0.1667|tunnel_access_gain:0.0000|enemy_tunnel_threat:0.0141|own_tunnel_pressure:-0.0250|collapse_risk:-0.0000|territory_pressure:0.0907|opportunity_cost:-0.9477
4,utility_tunneler_vs_utility_balancer,17,player,utility_tunneler,1,tunnel_extend,"(1, -1)","(1, -2)",,0.2464,1.1942,0.9477,F,resource_fit:0.1667|tunnel_access_gain:0.0000|enemy_tunnel_threat:0.0141|own_tunnel_pressure:-0.0250|collapse_risk:-0.0000|territory_pressure:0.0907|opportunity_cost:-0.9477
4,utility_tunneler_vs_utility_balancer,17,player,utility_tunneler,1,tunnel_extend,"(2, -3)","(1, -2)",,0.3048,1.1942,0.8894,F,resource_fit:0.1667|tunnel_access_gain:0.0583|enemy_tunnel_threat:0.0141|own_tunnel_pressure:-0.0250|collapse_risk:-0.0000|territory_pressure:0.0907|opportunity_cost:-0.8894
4,utility_tunneler_vs_utility_balancer,17,player,utility_tunneler,1,tunnel_extend,"(2, -2)","(1, -2)",,0.3048,1.1942,0.8894,F,resource_fit:0.1667|tunnel_access_gain:0.0583|enemy_tunnel_threat:0.0141|own_tunnel_pressure:-0.0250|collapse_risk:-0.0000|territory_pressure:0.0907|opportunity_cost:-0.8894
4,utility_tunneler_vs_utility_balancer,17,player,utility_tunneler,1,tunnel_extend,"(0, -1)","(1, -1)",,0.2464,1.1942,0.9477,F,resource_fit:0.1667|tunnel_access_gain:0.0000|enemy_tunnel_threat:0.0141|own_tunnel_pressure:-0.0250|collapse_risk:-0.0000|territory_pressure:0.0907|opportunity_cost:-0.9477
4,utility_tunneler_vs_utility_balancer,17,player,utility_tunneler,1,tunnel_extend,"(0, 0)","(1, -1)",,0.3048,1.1942,0.8894,F,resource_fit:0.1667|tunnel_access_gain:0.0583|enemy_tunnel_threat:0.0141|own_tunnel_pressure:-0.0250|collapse_risk:-0.0000|territory_pressure:0.0907|opportunity_cost:-0.8894
4,utility_tunneler_vs_utility_balancer,17,player,utility_tunneler,1,tunnel_extend,"(1, -2)","(1, -1)",,0.2464,1.1942,0.9477,F,resource_fit:0.1667|tunnel_access_gain:0.0000|enemy_tunnel_threat:0.0141|own_tunnel_pressure:-0.0250|collapse_risk:-0.0000|territory_pressure:0.0907|opportunity_cost:-0.9477
4,utility_tunneler_vs_utility_balancer,17,player,utility_tunneler,1,tunnel_extend,"(1, 0)","(1, -1)",,0.3048,1.1942,0.8894,F,resource_fit:0.1667|tunnel_access_gain:0.0583|enemy_tunnel_threat:0.0141|own_tunnel_pressure:-0.0250|collapse_risk:-0.0000|territory_pressure:0.0907|opportunity_cost:-0.8894
4,utility_tunneler_vs_utility_balancer,17,player,utility_tunneler,1,tunnel_extend,"(2, -2)","(1, -1)",,0.3048,1.1942,0.8894,F,resource_fit:0.1667|tunnel_access_gain:0.0583|enemy_tunnel_threat:0.0141|own_tunnel_pressure:-0.0250|collapse_risk:-0.0000|territory_pressure:0.0907|opportunity_cost:-0.8894
4,utility_tunneler_vs_utility_balancer,17,player,utility_tunneler,1,tunnel_extend,"(2, -1)","(1, -1)",,0.3048,1.1942,0.8894,F,resource_fit:0.1667|tunnel_access_gain:0.0583|enemy_tunnel_threat:0.0141|own_tunnel_pressure:-0.0250|collapse_risk:-0.0000|territory_pressure:0.0907|opportunity_cost:-0.8894
4,utility_tunneler_vs_utility_balancer,17,player,utility_tunneler,1,wait,,,,0.0,1.1942,1.1942,F,opportunity_cost:-1.1942
4,utility_tunneler_vs_utility_balancer,17,player,utility_tunneler,2,tunnel_entrance,"(-2, -1)",,,0.4114,1.1615,0.7501,F,resource_fit:0.1146|tunnel_access_gain:0.2000|enemy_tunnel_threat:0.0088|collapse_risk:-0.0000|territory_pressure:0.0880|opportunity_cost:-0.7501
4,utility_tunneler_vs_utility_balancer,17,player,utility_tunneler,2,tunnel_entrance,"(-1, -2)",,,0.3614,1.1615,0.8001,F,resource_fit:0.1146|tunnel_access_gain:0.1500|enemy_tunnel_threat:0.0088|collapse_risk:-0.0000|territory_pressure:0.0880|opportunity_cost:-0.8001
4,utility_tunneler_vs_utility_balancer,17,player,utility_tunneler,2,tunnel_entrance,"(0, -2)",,,0.4614,1.1615,0.7001,F,resource_fit:0.1146|tunnel_access_gain:0.2500|enemy_tunnel_threat:0.0088|collapse_risk:-0.0000|territory_pressure:0.0880|opportunity_cost:-0.7001
4,utility_tunneler_vs_utility_balancer,17,player,utility_tunneler,2,tunnel_entrance,"(0, 0)",,,0.3114,1.1615,0.8501,F,resource_fit:0.1146|tunnel_access_gain:0.1000|enemy_tunnel_threat:0.0088|collapse_risk:-0.0000|territory_pressure:0.0880|opportunity_cost:-0.8501
4,utility_tunneler_vs_utility_balancer,17,player,utility_tunneler,2,tunnel_entrance,"(2, -3)",,,0.4114,1.1615,0.7501,F,resource_fit:0.1146|tunnel_access_gain:0.2000|enemy_tunnel_threat:0.0088|collapse_risk:-0.0000|territory_pressure:0.0880|opportunity_cost:-0.7501
4,utility_tunneler_vs_utility_balancer,17,player,utility_tunneler,2,tunnel_entrance,"(2, -2)",,,0.4614,1.1615,0.7001,F,resource_fit:0.1146|tunnel_access_gain:0.2500|enemy_tunnel_threat:0.0088|collapse_risk:-0.0000|territory_pressure:0.0880|opportunity_cost:-0.7001
4,utility_tunneler_vs_utility_balancer,17,player,utility_tunneler,2,tunnel_entrance,"(3, -3)",,,0.3614,1.1615,0.8001,F,resource_fit:0.1146|tunnel_access_gain:0.1500|enemy_tunnel_threat:0.0088|collapse_risk:-0.0000|territory_pressure:0.0880|opportunity_cost:-0.8001
4,utility_tunneler_vs_utility_balancer,17,player,utility_tunneler,2,tunnel_entrance,"(3, -2)",,,0.3614,1.1615,0.8001,F,resource_fit:0.1146|tunnel_access_gain:0.1500|enemy_tunnel_threat:0.0088|collapse_risk:-0.0000|territory_pressure:0.0880|opportunity_cost:-0.8001
4,utility_tunneler_vs_utility_balancer,17,player,utility_tunneler,2,tunnel_entrance,"(3, -1)",,,0.2614,1.1615,0.9001,F,resource_fit:0.1146|tunnel_access_gain:0.0500|enemy_tunnel_threat:0.0088|collapse_risk:-0.0000|territory_pressure:0.0880|opportunity_cost:-0.9001
4,utility_tunneler_vs_utility_balancer,17,player,utility_tunneler,2,tunnel_extend,"(-3, 1)","(-2, 0)",,0.2346,1.1615,0.9269,F,resource_fit:0.1000|tunnel_access_gain:0.0583|enemy_tunnel_threat:0.0132|own_tunnel_pressure:-0.0250|collapse_risk:-0.0000|territory_pressure:0.0880|opportunity_cost:-0.9269
4,utility_tunneler_vs_utility_balancer,17,player,utility_tunneler,2,tunnel_extend,"(-2, -1)","(-2, 0)",,0.2346,1.1615,0.9269,F,resource_fit:0.1000|tunnel_access_gain:0.0583|enemy_tunnel_threat:0.0132|own_tunnel_pressure:-0.0250|collapse_risk:-0.0000|territory_pressure:0.0880|opportunity_cost:-0.9269
4,utility_tunneler_vs_utility_balancer,17,player,utility_tunneler,2,tunnel_extend,"(-2, 1)","(-2, 0)",,0.1762,1.1615,0.9853,F,resource_fit:0.1000|tunnel_access_gain:0.0000|enemy_tunnel_threat:0.0132|own_tunnel_pressure:-0.0250|collapse_risk:-0.0000|territory_pressure:0.0880|opportunity_cost:-0.9853
4,utility_tunneler_vs_utility_balancer,17,player,utility_tunneler,2,tunnel_extend,"(-1, -1)","(-2, 0)",,0.1762,1.1615,0.9853,F,resource_fit:0.1000|tunnel_access_gain:0.0000|enemy_tunnel_threat:0.0132|own_tunnel_pressure:-0.0250|collapse_risk:-0.0000|territory_pressure:0.0880|opportunity_cost:-0.9853
4,utility_tunneler_vs_utility_balancer,17,player,utility_tunneler,2,tunnel_extend,"(-1, 0)","(-2, 0)",,0.2346,1.1615,0.9269,F,resource_fit:0.1000|tunnel_access_gain:0.0583|enemy_tunnel_threat:0.0132|own_tunnel_pressure:-0.0250|collapse_risk:-0.0000|territory_pressure:0.0880|opportunity_cost:-0.9269
4,utility_tunneler_vs_utility_balancer,17,player,utility_tunneler,2,tunnel_extend,"(-3, 1)","(-2, 1)",,0.2346,1.1615,0.9269,F,resource_fit:0.1000|tunnel_access_gain:0.0583|enemy_tunnel_threat:0.0132|own_tunnel_pressure:-0.0250|collapse_risk:-0.0000|territory_pressure:0.0880|opportunity_cost:-0.9269
4,utility_tunneler_vs_utility_balancer,17,player,utility_tunneler,2,tunnel_extend,"(-3, 2)","(-2, 1)",,0.2346,1.1615,0.9269,F,resource_fit:0.1000|tunnel_access_gain:0.0583|enemy_tunnel_threat:0.0132|own_tunnel_pressure:-0.0250|collapse_risk:-0.0000|territory_pressure:0.0880|opportunity_cost:-0.9269
4,utility_tunneler_vs_utility_balancer,17,player,utility_tunneler,2,tunnel_extend,"(-2, 0)","(-2, 1)",,0.1762,1.1615,0.9853,F,resource_fit:0.1000|tunnel_access_gain:0.0000|enemy_tunnel_threat:0.0132|own_tunnel_pressure:-0.0250|collapse_risk:-0.0000|territory_pressure:0.0880|opportunity_cost:-0.9853
4,utility_tunneler_vs_utility_balancer,17,player,utility_tunneler,2,tunnel_extend,"(-2, 2)","(-2, 1)",,0.2346,1.1615,0.9269,F,resource_fit:0.1000|tunnel_access_gain:0.0583|enemy_tunnel_threat:0.0132|own_tunnel_pressure:-0.0250|collapse_risk:-0.0000|territory_pressure:0.0880|opportunity_cost:-0.9269
4,utility_tunneler_vs_utility_balancer,17,player,utility_tunneler,2,tunnel_extend,"(-1, 0)","(-2, 1)",,0.2346,1.1615,0.9269,F,resource_fit:0.1000|tunnel_access_gain:0.0583|enemy_tunnel_threat:0.0132|own_tunnel_pressure:-0.0250|collapse_risk:-0.0000|territory_pressure:0.0880|opportunity_cost:-0.9269
4,utility_tunneler_vs_utility_balancer,17,player,utility_tunneler,2,tunnel_extend,"(-1, 1)","(-2, 1)",,0.2346,1.1615,0.9269,F,resource_fit:0.1000|tunnel_access_gain:0.0583|enemy_tunnel_threat:0.0132|own_tunnel_pressure:-0.0250|collapse_risk:-0.0000|territory_pressure:0.0880|opportunity_cost:-0.9269
4,utility_tunneler_vs_utility_balancer,17,player,utility_tunneler,2,tunnel_extend,"(-2, -1)","(-1, -1)",,0.2346,1.1615,0.9269,F,resource_fit:0.1000|tunnel_access_gain:0.0583|enemy_tunnel_threat:0.0132|own_tunnel_pressure:-0.0250|collapse_risk:-0.0000|territory_pressure:0.0880|opportunity_cost:-0.9269
4,utility_tunneler_vs_utility_balancer,17,player,utility_tunneler,2,tunnel_extend,"(-2, 0)","(-1, -1)",,0.1762,1.1615,0.9853,F,resource_fit:0.1000|tunnel_access_gain:0.0000|enemy_tunnel_threat:0.0132|own_tunnel_pressure:-0.0250|collapse_risk:-0.0000|territory_pressure:0.0880|opportunity_cost:-0.9853
4,utility_tunneler_vs_utility_balancer,17,player,utility_tunneler,2,tunnel_extend,"(-1, -2)","(-1, -1)",,0.2346,1.1615,0.9269,F,resource_fit:0.1000|tunnel_access_gain:0.0583|enemy_tunnel_threat:0.0132|own_tunnel_pressure:-0.0250|collapse_risk:-0.0000|territory_pressure:0.0880|opportunity_cost:-0.9269
4,utility_tunneler_vs_utility_balancer,17,player,utility_tunneler,2,tunnel_extend,"(-1, 0)","(-1, -1)",,0.2346,1.1615,0.9269,F,resource_fit:0.1000|tunnel_access_gain:0.0583|enemy_tunnel_threat:0.0132|own_tunnel_pressure:-0.0250|collapse_risk:-0.0000|territory_pressure:0.0880|opportunity_cost:-0.9269
4,utility_tunneler_vs_utility_balancer,17,player,utility_tunneler,2,tunnel_extend,"(0, -2)","(-1, -1)",,0.2346,1.1615,0.9269,F,resource_fit:0.1000|tunnel_access_gain:0.0583|enemy_tunnel_threat:0.0132|own_tunnel_pressure:-0.0250|collapse_risk:-0.0000|territory_pressure:0.0880|opportunity_cost:-0.9269
4,utility_tunneler_vs_utility_balancer,17,player,utility_tunneler,2,tunnel_extend,"(0, -1)","(-1, -1)",,0.1762,1.1615,0.9853,F,resource_fit:0.1000|tunnel_access_gain:0.0000|enemy_tunnel_threat:0.0132|own_tunnel_pressure:-0.0250|collapse_risk:-0.0000|territory_pressure:0.0880|opportunity_cost:-0.9853
4,utility_tunneler_vs_utility_balancer,17,player,utility_tunneler,2,tunnel_extend,"(-1, -1)","(0, -1)",,0.1762,1.1615,0.9853,F,resource_fit:0.1000|tunnel_access_gain:0.0000|enemy_tunnel_threat:0.0132|own_tunnel_pressure:-0.0250|collapse_risk:-0.0000|territory_pressure:0.0880|opportunity_cost:-0.9853
4,utility_tunneler_vs_utility_balancer,17,player,utility_tunneler,2,tunnel_extend,"(-1, 0)","(0, -1)",,0.2346,1.1615,0.9269,F,resource_fit:0.1000|tunnel_access_gain:0.0583|enemy_tunnel_threat:0.0132|own_tunnel_pressure:-0.0250|collapse_risk:-0.0000|territory_pressure:0.0880|opportunity_cost:-0.9269
4,utility_tunneler_vs_utility_balancer,17,player,utility_tunneler,2,tunnel_extend,"(0, -2)","(0, -1)",,0.2346,1.1615,0.9269,F,resource_fit:0.1000|tunnel_access_gain:0.0583|enemy_tunnel_threat:0.0132|own_tunnel_pressure:-0.0250|collapse_risk:-0.0000|territory_pressure:0.0880|opportunity_cost:-0.9269
4,utility_tunneler_vs_utility_balancer,17,player,utility_tunneler,2,tunnel_extend,"(0, 0)","(0, -1)",,0.2346,1.1615,0.9269,F,resource_fit:0.1000|tunnel_access_gain:0.0583|enemy_tunnel_threat:0.0132|own_tunnel_pressure:-0.0250|collapse_risk:-0.0000|territory_pressure:0.0880|opportunity_cost:-0.9269
4,utility_tunneler_vs_utility_balancer,17,player,utility_tunneler,2,tunnel_extend,"(1, -2)","(0, -1)",,0.1762,1.1615,0.9853,F,resource_fit:0.1000|tunnel_access_gain:0.0000|enemy_tunnel_threat:0.0132|own_tunnel_pressure:-0.0250|collapse_risk:-0.0000|territory_pressure:0.0880|opportunity_cost:-0.9853
4,utility_tunneler_vs_utility_balancer,17,player,utility_tunneler,2,tunnel_extend,"(1, -1)","(0, -1)",,0.1762,1.1615,0.9853,F,resource_fit:0.1000|tunnel_access_gain:0.0000|enemy_tunnel_threat:0.0132|own_tunnel_pressure:-0.0250|collapse_risk:-0.0000|territory_pressure:0.0880|opportunity_cost:-0.9853
4,utility_tunneler_vs_utility_balancer,17,player,utility_tunneler,2,tunnel_extend,"(0, -2)","(1, -2)",,0.2346,1.1615,0.9269,F,resource_fit:0.1000|tunnel_access_gain:0.0583|enemy_tunnel_threat:0.0132|own_tunnel_pressure:-0.0250|collapse_risk:-0.0000|territory_pressure:0.0880|opportunity_cost:-0.9269
4,utility_tunneler_vs_utility_balancer,17,player,utility_tunneler,2,tunnel_extend,"(0, -1)","(1, -2)",,0.1762,1.1615,0.9853,F,resource_fit:0.1000|tunnel_access_gain:0.0000|enemy_tunnel_threat:0.0132|own_tunnel_pressure:-0.0250|collapse_risk:-0.0000|territory_pressure:0.0880|opportunity_cost:-0.9853
4,utility_tunneler_vs_utility_balancer,17,player,utility_tunneler,2,tunnel_extend,"(1, -3)","(1, -2)",,0.2346,1.1615,0.9269,F,resource_fit:0.1000|tunnel_access_gain:0.0583|enemy_tunnel_threat:0.0132|own_tunnel_pressure:-0.0250|collapse_risk:-0.0000|territory_pressure:0.0880|opportunity_cost:-0.9269
4,utility_tunneler_vs_utility_balancer,17,player,utility_tunneler,2,tunnel_extend,"(1, -1)","(1, -2)",,0.1762,1.1615,0.9853,F,resource_fit:0.1000|tunnel_access_gain:0.0000|enemy_tunnel_threat:0.0132|own_tunnel_pressure:-0.0250|collapse_risk:-0.0000|territory_pressure:0.0880|opportunity_cost:-0.9853
4,utility_tunneler_vs_utility_balancer,17,player,utility_tunneler,2,tunnel_extend,"(2, -3)","(1, -2)",,0.2346,1.1615,0.9269,F,resource_fit:0.1000|tunnel_access_gain:0.0583|enemy_tunnel_threat:0.0132|own_tunnel_pressure:-0.0250|collapse_risk:-0.0000|territory_pressure:0.0880|opportunity_cost:-0.9269
4,utility_tunneler_vs_utility_balancer,17,player,utility_tunneler,2,tunnel_extend,"(2, -2)","(1, -2)",,0.2346,1.1615,0.9269,F,resource_fit:0.1000|tunnel_access_gain:0.0583|enemy_tunnel_threat:0.0132|own_tunnel_pressure:-0.0250|collapse_risk:-0.0000|territory_pressure:0.0880|opportunity_cost:-0.9269
4,utility_tunneler_vs_utility_balancer,17,player,utility_tunneler,2,tunnel_extend,"(0, -1)","(1, -1)",,0.1762,1.1615,0.9853,F,resource_fit:0.1000|tunnel_access_gain:0.0000|enemy_tunnel_threat:0.0132|own_tunnel_pressure:-0.0250|collapse_risk:-0.0000|territory_pressure:0.0880|opportunity_cost:-0.9853
4,utility_tunneler_vs_utility_balancer,17,player,utility_tunneler,2,tunnel_extend,"(0, 0)","(1, -1)",,0.2346,1.1615,0.9269,F,resource_fit:0.1000|tunnel_access_gain:0.0583|enemy_tunnel_threat:0.0132|own_tunnel_pressure:-0.0250|collapse_risk:-0.0000|territory_pressure:0.0880|opportunity_cost:-0.9269
4,utility_tunneler_vs_utility_balancer,17,player,utility_tunneler,2,tunnel_extend,"(1, -2)","(1, -1)",,0.1762,1.1615,0.9853,F,resource_fit:0.1000|tunnel_access_gain:0.0000|enemy_tunnel_threat:0.0132|own_tunnel_pressure:-0.0250|collapse_risk:-0.0000|territory_pressure:0.0880|opportunity_cost:-0.9853
4,utility_tunneler_vs_utility_balancer,17,player,utility_tunneler,2,tunnel_extend,"(1, 0)","(1, -1)",,0.2346,1.1615,0.9269,F,resource_fit:0.1000|tunnel_access_gain:0.0583|enemy_tunnel_threat:0.0132|own_tunnel_pressure:-0.0250|collapse_risk:-0.0000|territory_pressure:0.0880|opportunity_cost:-0.9269
4,utility_tunneler_vs_utility_balancer,17,player,utility_tunneler,2,tunnel_extend,"(2, -2)","(1, -1)",,0.2346,1.1615,0.9269,F,resource_fit:0.1000|tunnel_access_gain:0.0583|enemy_tunnel_threat:0.0132|own_tunnel_pressure:-0.0250|collapse_risk:-0.0000|territory_pressure:0.0880|opportunity_cost:-0.9269
4,utility_tunneler_vs_utility_balancer,17,player,utility_tunneler,2,tunnel_extend,"(2, -1)","(1, -1)",,0.2346,1.1615,0.9269,F,resource_fit:0.1000|tunnel_access_gain:0.0583|enemy_tunnel_threat:0.0132|own_tunnel_pressure:-0.0250|collapse_risk:-0.0000|territory_pressure:0.0880|opportunity_cost:-0.9269
4,utility_tunneler_vs_utility_balancer,17,player,utility_tunneler,2,wait,,,,0.0,1.1615,1.1615,F,opportunity_cost:-1.1615
4,utility_tunneler_vs_utility_balancer,17,player,utility_tunneler,3,tunnel_entrance,"(-2, -1)",,,0.4012,1.7201,1.319,F,resource_fit:0.1146|tunnel_access_gain:0.2000|enemy_tunnel_threat:0.0083|collapse_risk:-0.0000|territory_pressure:0.0783|opportunity_cost:-1.3190
4,utility_tunneler_vs_utility_balancer,17,player,utility_tunneler,3,tunnel_entrance,"(-1, -2)",,,0.3512,1.7201,1.369,F,resource_fit:0.1146|tunnel_access_gain:0.1500|enemy_tunnel_threat:0.0083|collapse_risk:-0.0000|territory_pressure:0.0783|opportunity_cost:-1.3690
4,utility_tunneler_vs_utility_balancer,17,player,utility_tunneler,3,tunnel_entrance,"(0, -2)",,,0.4512,1.7201,1.269,F,resource_fit:0.1146|tunnel_access_gain:0.2500|enemy_tunnel_threat:0.0083|collapse_risk:-0.0000|territory_pressure:0.0783|opportunity_cost:-1.2690
4,utility_tunneler_vs_utility_balancer,17,player,utility_tunneler,3,tunnel_entrance,"(0, 0)",,,0.3012,1.7201,1.419,F,resource_fit:0.1146|tunnel_access_gain:0.1000|enemy_tunnel_threat:0.0083|collapse_risk:-0.0000|territory_pressure:0.0783|opportunity_cost:-1.4190
4,utility_tunneler_vs_utility_balancer,17,player,utility_tunneler,3,tunnel_entrance,"(2, -3)",,,0.4012,1.7201,1.319,F,resource_fit:0.1146|tunnel_access_gain:0.2000|enemy_tunnel_threat:0.0083|collapse_risk:-0.0000|territory_pressure:0.0783|opportunity_cost:-1.3190
4,utility_tunneler_vs_utility_balancer,17,player,utility_tunneler,3,tunnel_entrance,"(2, -2)",,,0.4512,1.7201,1.269,F,resource_fit:0.1146|tunnel_access_gain:0.2500|enemy_tunnel_threat:0.0083|collapse_risk:-0.0000|territory_pressure:0.0783|opportunity_cost:-1.2690
4,utility_tunneler_vs_utility_balancer,17,player,utility_tunneler,3,tunnel_entrance,"(3, -3)",,,0.3512,1.7201,1.369,F,resource_fit:0.1146|tunnel_access_gain:0.1500|enemy_tunnel_threat:0.0083|collapse_risk:-0.0000|territory_pressure:0.0783|opportunity_cost:-1.3690
4,utility_tunneler_vs_utility_balancer,17,player,utility_tunneler,3,tunnel_entrance,"(3, -2)",,,0.3512,1.7201,1.369,F,resource_fit:0.1146|tunnel_access_gain:0.1500|enemy_tunnel_threat:0.0083|collapse_risk:-0.0000|territory_pressure:0.0783|opportunity_cost:-1.3690
4,utility_tunneler_vs_utility_balancer,17,player,utility_tunneler,3,tunnel_entrance,"(3, -1)",,,0.3012,1.7201,1.419,F,resource_fit:0.1146|tunnel_access_gain:0.1000|enemy_tunnel_threat:0.0083|collapse_risk:-0.0000|territory_pressure:0.0783|opportunity_cost:-1.4190
4,utility_tunneler_vs_utility_balancer,17,player,utility_tunneler,3,tunnel_extend,"(-3, 1)","(-2, 0)",,0.2241,1.7201,1.496,F,resource_fit:0.1000|tunnel_access_gain:0.0583|enemy_tunnel_threat:0.0125|own_tunnel_pressure:-0.0250|collapse_risk:-0.0000|territory_pressure:0.0783|opportunity_cost:-1.4960
4,utility_tunneler_vs_utility_balancer,17,player,utility_tunneler,3,tunnel_extend,"(-2, -1)","(-2, 0)",,0.2241,1.7201,1.496,F,resource_fit:0.1000|tunnel_access_gain:0.0583|enemy_tunnel_threat:0.0125|own_tunnel_pressure:-0.0250|collapse_risk:-0.0000|territory_pressure:0.0783|opportunity_cost:-1.4960
4,utility_tunneler_vs_utility_balancer,17,player,utility_tunneler,3,tunnel_extend,"(-2, 1)","(-2, 0)",,0.1658,1.7201,1.5544,F,resource_fit:0.1000|tunnel_access_gain:0.0000|enemy_tunnel_threat:0.0125|own_tunnel_pressure:-0.0250|collapse_risk:-0.0000|territory_pressure:0.0783|opportunity_cost:-1.5544
4,utility_tunneler_vs_utility_balancer,17,player,utility_tunneler,3,tunnel_extend,"(-1, -1)","(-2, 0)",,0.1658,1.7201,1.5544,F,resource_fit:0.1000|tunnel_access_gain:0.0000|enemy_tunnel_threat:0.0125|own_tunnel_pressure:-0.0250|collapse_risk:-0.0000|territory_pressure:0.0783|opportunity_cost:-1.5544
4,utility_tunneler_vs_utility_balancer,17,player,utility_tunneler,3,tunnel_extend,"(-1, 0)","(-2, 0)",,0.2241,1.7201,1.496,F,resource_fit:0.1000|tunnel_access_gain:0.0583|enemy_tunnel_threat:0.0125|own_tunnel_pressure:-0.0250|collapse_risk:-0.0000|territory_pressure:0.0783|opportunity_cost:-1.4960
4,utility_tunneler_vs_utility_balancer,17,player,utility_tunneler,3,tunnel_extend,"(-3, 1)","(-2, 1)",,0.2241,1.7201,1.496,F,resource_fit:0.1000|tunnel_access_gain:0.0583|enemy_tunnel_threat:0.0125|own_tunnel_pressure:-0.0250|collapse_risk:-0.0000|territory_pressure:0.0783|opportunity_cost:-1.4960
4,utility_tunneler_vs_utility_balancer,17,player,utility_tunneler,3,tunnel_extend,"(-3, 2)","(-2, 1)",,0.2241,1.7201,1.496,F,resource_fit:0.1000|tunnel_access_gain:0.0583|enemy_tunnel_threat:0.0125|own_tunnel_pressure:-0.0250|collapse_risk:-0.0000|territory_pressure:0.0783|opportunity_cost:-1.4960
4,utility_tunneler_vs_utility_balancer,17,player,utility_tunneler,3,tunnel_extend,"(-2, 0)","(-2, 1)",,0.1658,1.7201,1.5544,F,resource_fit:0.1000|tunnel_access_gain:0.0000|enemy_tunnel_threat:0.0125|own_tunnel_pressure:-0.0250|collapse_risk:-0.0000|territory_pressure:0.0783|opportunity_cost:-1.5544
4,utility_tunneler_vs_utility_balancer,17,player,utility_tunneler,3,tunnel_extend,"(-2, 2)","(-2, 1)",,0.2241,1.7201,1.496,F,resource_fit:0.1000|tunnel_access_gain:0.0583|enemy_tunnel_threat:0.0125|own_tunnel_pressure:-0.0250|collapse_risk:-0.0000|territory_pressure:0.0783|opportunity_cost:-1.4960
4,utility_tunneler_vs_utility_balancer,17,player,utility_tunneler,3,tunnel_extend,"(-1, 0)","(-2, 1)",,0.2241,1.7201,1.496,F,resource_fit:0.1000|tunnel_access_gain:0.0583|enemy_tunnel_threat:0.0125|own_tunnel_pressure:-0.0250|collapse_risk:-0.0000|territory_pressure:0.0783|opportunity_cost:-1.4960
4,utility_tunneler_vs_utility_balancer,17,player,utility_tunneler,3,tunnel_extend,"(-1, 1)","(-2, 1)",,0.2241,1.7201,1.496,F,resource_fit:0.1000|tunnel_access_gain:0.0583|enemy_tunnel_threat:0.0125|own_tunnel_pressure:-0.0250|collapse_risk:-0.0000|territory_pressure:0.0783|opportunity_cost:-1.4960
4,utility_tunneler_vs_utility_balancer,17,player,utility_tunneler,3,tunnel_extend,"(-2, -1)","(-1, -1)",,0.2241,1.7201,1.496,F,resource_fit:0.1000|tunnel_access_gain:0.0583|enemy_tunnel_threat:0.0125|own_tunnel_pressure:-0.0250|collapse_risk:-0.0000|territory_pressure:0.0783|opportunity_cost:-1.4960
4,utility_tunneler_vs_utility_balancer,17,player,utility_tunneler,3,tunnel_extend,"(-2, 0)","(-1, -1)",,0.1658,1.7201,1.5544,F,resource_fit:0.1000|tunnel_access_gain:0.0000|enemy_tunnel_threat:0.0125|own_tunnel_pressure:-0.0250|collapse_risk:-0.0000|territory_pressure:0.0783|opportunity_cost:-1.5544
4,utility_tunneler_vs_utility_balancer,17,player,utility_tunneler,3,tunnel_extend,"(-1, -2)","(-1, -1)",,0.2241,1.7201,1.496,F,resource_fit:0.1000|tunnel_access_gain:0.0583|enemy_tunnel_threat:0.0125|own_tunnel_pressure:-0.0250|collapse_risk:-0.0000|territory_pressure:0.0783|opportunity_cost:-1.4960
4,utility_tunneler_vs_utility_balancer,17,player,utility_tunneler,3,tunnel_extend,"(-1, 0)","(-1, -1)",,0.2241,1.7201,1.496,F,resource_fit:0.1000|tunnel_access_gain:0.0583|enemy_tunnel_threat:0.0125|own_tunnel_pressure:-0.0250|collapse_risk:-0.0000|territory_pressure:0.0783|opportunity_cost:-1.4960
4,utility_tunneler_vs_utility_balancer,17,player,utility_tunneler,3,tunnel_extend,"(0, -2)","(-1, -1)",,0.2241,1.7201,1.496,F,resource_fit:0.1000|tunnel_access_gain:0.0583|enemy_tunnel_threat:0.0125|own_tunnel_pressure:-0.0250|collapse_risk:-0.0000|territory_pressure:0.0783|opportunity_cost:-1.4960
4,utility_tunneler_vs_utility_balancer,17,player,utility_tunneler,3,tunnel_extend,"(0, -1)","(-1, -1)",,0.1658,1.7201,1.5544,F,resource_fit:0.1000|tunnel_access_gain:0.0000|enemy_tunnel_threat:0.0125|own_tunnel_pressure:-0.0250|collapse_risk:-0.0000|territory_pressure:0.0783|opportunity_cost:-1.5544
4,utility_tunneler_vs_utility_balancer,17,player,utility_tunneler,3,tunnel_extend,"(-1, -1)","(0, -1)",,0.1658,1.7201,1.5544,F,resource_fit:0.1000|tunnel_access_gain:0.0000|enemy_tunnel_threat:0.0125|own_tunnel_pressure:-0.0250|collapse_risk:-0.0000|territory_pressure:0.0783|opportunity_cost:-1.5544
4,utility_tunneler_vs_utility_balancer,17,player,utility_tunneler,3,tunnel_extend,"(-1, 0)","(0, -1)",,0.2241,1.7201,1.496,F,resource_fit:0.1000|tunnel_access_gain:0.0583|enemy_tunnel_threat:0.0125|own_tunnel_pressure:-0.0250|collapse_risk:-0.0000|territory_pressure:0.0783|opportunity_cost:-1.4960
4,utility_tunneler_vs_utility_balancer,17,player,utility_tunneler,3,tunnel_extend,"(0, -2)","(0, -1)",,0.2241,1.7201,1.496,F,resource_fit:0.1000|tunnel_access_gain:0.0583|enemy_tunnel_threat:0.0125|own_tunnel_pressure:-0.0250|collapse_risk:-0.0000|territory_pressure:0.0783|opportunity_cost:-1.4960
4,utility_tunneler_vs_utility_balancer,17,player,utility_tunneler,3,tunnel_extend,"(0, 0)","(0, -1)",,0.2241,1.7201,1.496,F,resource_fit:0.1000|tunnel_access_gain:0.0583|enemy_tunnel_threat:0.0125|own_tunnel_pressure:-0.0250|collapse_risk:-0.0000|territory_pressure:0.0783|opportunity_cost:-1.4960
4,utility_tunneler_vs_utility_balancer,17,player,utility_tunneler,3,tunnel_extend,"(1, -2)","(0, -1)",,0.1658,1.7201,1.5544,F,resource_fit:0.1000|tunnel_access_gain:0.0000|enemy_tunnel_threat:0.0125|own_tunnel_pressure:-0.0250|collapse_risk:-0.0000|territory_pressure:0.0783|opportunity_cost:-1.5544
4,utility_tunneler_vs_utility_balancer,17,player,utility_tunneler,3,tunnel_extend,"(1, -1)","(0, -1)",,0.1658,1.7201,1.5544,F,resource_fit:0.1000|tunnel_access_gain:0.0000|enemy_tunnel_threat:0.0125|own_tunnel_pressure:-0.0250|collapse_risk:-0.0000|territory_pressure:0.0783|opportunity_cost:-1.5544
4,utility_tunneler_vs_utility_balancer,17,player,utility_tunneler,3,tunnel_extend,"(0, -2)","(1, -2)",,0.2241,1.7201,1.496,F,resource_fit:0.1000|tunnel_access_gain:0.0583|enemy_tunnel_threat:0.0125|own_tunnel_pressure:-0.0250|collapse_risk:-0.0000|territory_pressure:0.0783|opportunity_cost:-1.4960
4,utility_tunneler_vs_utility_balancer,17,player,utility_tunneler,3,tunnel_extend,"(0, -1)","(1, -2)",,0.1658,1.7201,1.5544,F,resource_fit:0.1000|tunnel_access_gain:0.0000|enemy_tunnel_threat:0.0125|own_tunnel_pressure:-0.0250|collapse_risk:-0.0000|territory_pressure:0.0783|opportunity_cost:-1.5544
4,utility_tunneler_vs_utility_balancer,17,player,utility_tunneler,3,tunnel_extend,"(1, -3)","(1, -2)",,0.2241,1.7201,1.496,F,resource_fit:0.1000|tunnel_access_gain:0.0583|enemy_tunnel_threat:0.0125|own_tunnel_pressure:-0.0250|collapse_risk:-0.0000|territory_pressure:0.0783|opportunity_cost:-1.4960
4,utility_tunneler_vs_utility_balancer,17,player,utility_tunneler,3,tunnel_extend,"(1, -1)","(1, -2)",,0.1658,1.7201,1.5544,F,resource_fit:0.1000|tunnel_access_gain:0.0000|enemy_tunnel_threat:0.0125|own_tunnel_pressure:-0.0250|collapse_risk:-0.0000|territory_pressure:0.0783|opportunity_cost:-1.5544
4,utility_tunneler_vs_utility_balancer,17,player,utility_tunneler,3,tunnel_extend,"(2, -3)","(1, -2)",,0.2241,1.7201,1.496,F,resource_fit:0.1000|tunnel_access_gain:0.0583|enemy_tunnel_threat:0.0125|own_tunnel_pressure:-0.0250|collapse_risk:-0.0000|territory_pressure:0.0783|opportunity_cost:-1.4960
4,utility_tunneler_vs_utility_balancer,17,player,utility_tunneler,3,tunnel_extend,"(2, -2)","(1, -2)",,0.2241,1.7201,1.496,F,resource_fit:0.1000|tunnel_access_gain:0.0583|enemy_tunnel_threat:0.0125|own_tunnel_pressure:-0.0250|collapse_risk:-0.0000|territory_pressure:0.0783|opportunity_cost:-1.4960
4,utility_tunneler_vs_utility_balancer,17,player,utility_tunneler,3,tunnel_extend,"(0, -1)","(1, -1)",,0.1658,1.7201,1.5544,F,resource_fit:0.1000|tunnel_access_gain:0.0000|enemy_tunnel_threat:0.0125|own_tunnel_pressure:-0.0250|collapse_risk:-0.0000|territory_pressure:0.0783|opportunity_cost:-1.5544
4,utility_tunneler_vs_utility_balancer,17,player,utility_tunneler,3,tunnel_extend,"(0, 0)","(1, -1)",,0.2241,1.7201,1.496,F,resource_fit:0.1000|tunnel_access_gain:0.0583|enemy_tunnel_threat:0.0125|own_tunnel_pressure:-0.0250|collapse_risk:-0.0000|territory_pressure:0.0783|opportunity_cost:-1.4960
4,utility_tunneler_vs_utility_balancer,17,player,utility_tunneler,3,tunnel_extend,"(1, -2)","(1, -1)",,0.1658,1.7201,1.5544,F,resource_fit:0.1000|tunnel_access_gain:0.0000|enemy_tunnel_threat:0.0125|own_tunnel_pressure:-0.0250|collapse_risk:-0.0000|territory_pressure:0.0783|opportunity_cost:-1.5544
4,utility_tunneler_vs_utility_balancer,17,player,utility_tunneler,3,tunnel_extend,"(1, 0)","(1, -1)",,0.2241,1.7201,1.496,F,resource_fit:0.1000|tunnel_access_gain:0.0583|enemy_tunnel_threat:0.0125|own_tunnel_pressure:-0.0250|collapse_risk:-0.0000|territory_pressure:0.0783|opportunity_cost:-1.4960
4,utility_tunneler_vs_utility_balancer,17,player,utility_tunneler,3,tunnel_extend,"(2, -2)","(1, -1)",,0.2241,1.7201,1.496,F,resource_fit:0.1000|tunnel_access_gain:0.0583|enemy_tunnel_threat:0.0125|own_tunnel_pressure:-0.0250|collapse_risk:-0.0000|territory_pressure:0.0783|opportunity_cost:-1.4960
4,utility_tunneler_vs_utility_balancer,17,player,utility_tunneler,3,tunnel_extend,"(2, -1)","(1, -1)",,0.2241,1.7201,1.496,F,resource_fit:0.1000|tunnel_access_gain:0.0583|enemy_tunnel_threat:0.0125|own_tunnel_pressure:-0.0250|collapse_risk:-0.0000|territory_pressure:0.0783|opportunity_cost:-1.4960
4,utility_tunneler_vs_utility_balancer,17,player,utility_tunneler,3,wait,,,,0.0,1.7201,1.7201,F,opportunity_cost:-1.7201
4,utility_tunneler_vs_utility_balancer,18,player,utility_tunneler,1,tunnel_entrance,"(-2, -1)",,,0.4537,1.1044,0.6507,F,resource_fit:0.2083|tunnel_access_gain:0.1500|enemy_tunnel_threat:0.0074|collapse_risk:-0.0000|territory_pressure:0.0880|opportunity_cost:-0.6507
4,utility_tunneler_vs_utility_balancer,18,player,utility_tunneler,1,tunnel_entrance,"(-1, -2)",,,0.4537,1.1044,0.6507,F,resource_fit:0.2083|tunnel_access_gain:0.1500|enemy_tunnel_threat:0.0074|collapse_risk:-0.0000|territory_pressure:0.0880|opportunity_cost:-0.6507
4,utility_tunneler_vs_utility_balancer,18,player,utility_tunneler,1,tunnel_entrance,"(0, -2)",,,0.5537,1.1044,0.5507,F,resource_fit:0.2083|tunnel_access_gain:0.2500|enemy_tunnel_threat:0.0074|collapse_risk:-0.0000|territory_pressure:0.0880|opportunity_cost:-0.5507
4,utility_tunneler_vs_utility_balancer,18,player,utility_tunneler,1,tunnel_entrance,"(0, 0)",,,0.4037,1.1044,0.7007,F,resource_fit:0.2083|tunnel_access_gain:0.1000|enemy_tunnel_threat:0.0074|collapse_risk:-0.0000|territory_pressure:0.0880|opportunity_cost:-0.7007
4,utility_tunneler_vs_utility_balancer,18,player,utility_tunneler,1,tunnel_entrance,"(1, -3)",,,0.4537,1.1044,0.6507,F,resource_fit:0.2083|tunnel_access_gain:0.1500|enemy_tunnel_threat:0.0074|collapse_risk:-0.0000|territory_pressure:0.0880|opportunity_cost:-0.6507
4,utility_tunneler_vs_utility_balancer,18,player,utility_tunneler,1,tunnel_entrance,"(2, -3)",,,0.5037,1.1044,0.6007,F,resource_fit:0.2083|tunnel_access_gain:0.2000|enemy_tunnel_threat:0.0074|collapse_risk:-0.0000|territory_pressure:0.0880|opportunity_cost:-0.6007
4,utility_tunneler_vs_utility_balancer,18,player,utility_tunneler,1,tunnel_entrance,"(2, -2)",,,0.5537,1.1044,0.5507,F,resource_fit:0.2083|tunnel_access_gain:0.2500|enemy_tunnel_threat:0.0074|collapse_risk:-0.0000|territory_pressure:0.0880|opportunity_cost:-0.5507
4,utility_tunneler_vs_utility_balancer,18,player,utility_tunneler,1,tunnel_entrance,"(3, -3)",,,0.4537,1.1044,0.6507,F,resource_fit:0.2083|tunnel_access_gain:0.1500|enemy_tunnel_threat:0.0074|collapse_risk:-0.0000|territory_pressure:0.0880|opportunity_cost:-0.6507
4,utility_tunneler_vs_utility_balancer,18,player,utility_tunneler,1,tunnel_entrance,"(3, -2)",,,0.4537,1.1044,0.6507,F,resource_fit:0.2083|tunnel_access_gain:0.1500|enemy_tunnel_threat:0.0074|collapse_risk:-0.0000|territory_pressure:0.0880|opportunity_cost:-0.6507
4,utility_tunneler_vs_utility_balancer,18,player,utility_tunneler,1,tunnel_entrance,"(3, -1)",,,0.4037,1.1044,0.7007,F,resource_fit:0.2083|tunnel_access_gain:0.1000|enemy_tunnel_threat:0.0074|collapse_risk:-0.0000|territory_pressure:0.0880|opportunity_cost:-0.7007
4,utility_tunneler_vs_utility_balancer,18,player,utility_tunneler,1,tunnel_extend,"(-3, 1)","(-2, 1)",,0.3074,1.1044,0.7971,F,resource_fit:0.1750|tunnel_access_gain:0.0583|enemy_tunnel_threat:0.0110|own_tunnel_pressure:-0.0250|collapse_risk:-0.0000|territory_pressure:0.0880|opportunity_cost:-0.7971
4,utility_tunneler_vs_utility_balancer,18,player,utility_tunneler,1,tunnel_extend,"(-3, 2)","(-2, 1)",,0.3074,1.1044,0.7971,F,resource_fit:0.1750|tunnel_access_gain:0.0583|enemy_tunnel_threat:0.0110|own_tunnel_pressure:-0.0250|collapse_risk:-0.0000|territory_pressure:0.0880|opportunity_cost:-0.7971
4,utility_tunneler_vs_utility_balancer,18,player,utility_tunneler,1,tunnel_extend,"(-2, 0)","(-2, 1)",,0.3074,1.1044,0.7971,F,resource_fit:0.1750|tunnel_access_gain:0.0583|enemy_tunnel_threat:0.0110|own_tunnel_pressure:-0.0250|collapse_risk:-0.0000|territory_pressure:0.0880|opportunity_cost:-0.7971
4,utility_tunneler_vs_utility_balancer,18,player,utility_tunneler,1,tunnel_extend,"(-2, 2)","(-2, 1)",,0.3074,1.1044,0.7971,F,resource_fit:0.1750|tunnel_access_gain:0.0583|enemy_tunnel_threat:0.0110|own_tunnel_pressure:-0.0250|collapse_risk:-0.0000|territory_pressure:0.0880|opportunity_cost:-0.7971
4,utility_tunneler_vs_utility_balancer,18,player,utility_tunneler,1,tunnel_extend,"(-1, 0)","(-2, 1)",,0.3074,1.1044,0.7971,F,resource_fit:0.1750|tunnel_access_gain:0.0583|enemy_tunnel_threat:0.0110|own_tunnel_pressure:-0.0250|collapse_risk:-0.0000|territory_pressure:0.0880|opportunity_cost:-0.7971
4,utility_tunneler_vs_utility_balancer,18,player,utility_tunneler,1,tunnel_extend,"(-1, 1)","(-2, 1)",,0.3074,1.1044,0.7971,F,resource_fit:0.1750|tunnel_access_gain:0.0583|enemy_tunnel_threat:0.0110|own_tunnel_pressure:-0.0250|collapse_risk:-0.0000|territory_pressure:0.0880|opportunity_cost:-0.7971
4,utility_tunneler_vs_utility_balancer,18,player,utility_tunneler,1,tunnel_extend,"(-2, -1)","(-1, -1)",,0.3074,1.1044,0.7971,F,resource_fit:0.1750|tunnel_access_gain:0.0583|enemy_tunnel_threat:0.0110|own_tunnel_pressure:-0.0250|collapse_risk:-0.0000|territory_pressure:0.0880|opportunity_cost:-0.7971
4,utility_tunneler_vs_utility_balancer,18,player,utility_tunneler,1,tunnel_extend,"(-2, 0)","(-1, -1)",,0.3074,1.1044,0.7971,F,resource_fit:0.1750|tunnel_access_gain:0.0583|enemy_tunnel_threat:0.0110|own_tunnel_pressure:-0.0250|collapse_risk:-0.0000|territory_pressure:0.0880|opportunity_cost:-0.7971
4,utility_tunneler_vs_utility_balancer,18,player,utility_tunneler,1,tunnel_extend,"(-1, -2)","(-1, -1)",,0.3074,1.1044,0.7971,F,resource_fit:0.1750|tunnel_access_gain:0.0583|enemy_tunnel_threat:0.0110|own_tunnel_pressure:-0.0250|collapse_risk:-0.0000|territory_pressure:0.0880|opportunity_cost:-0.7971
4,utility_tunneler_vs_utility_balancer,18,player,utility_tunneler,1,tunnel_extend,"(-1, 0)","(-1, -1)",,0.3074,1.1044,0.7971,F,resource_fit:0.1750|tunnel_access_gain:0.0583|enemy_tunnel_threat:0.0110|own_tunnel_pressure:-0.0250|collapse_risk:-0.0000|territory_pressure:0.0880|opportunity_cost:-0.7971
4,utility_tunneler_vs_utility_balancer,18,player,utility_tunneler,1,tunnel_extend,"(0, -2)","(-1, -1)",,0.3074,1.1044,0.7971,F,resource_fit:0.1750|tunnel_access_gain:0.0583|enemy_tunnel_threat:0.0110|own_tunnel_pressure:-0.0250|collapse_risk:-0.0000|territory_pressure:0.0880|opportunity_cost:-0.7971
4,utility_tunneler_vs_utility_balancer,18,player,utility_tunneler,1,tunnel_extend,"(0, -1)","(-1, -1)",,0.249,1.1044,0.8554,F,resource_fit:0.1750|tunnel_access_gain:0.0000|enemy_tunnel_threat:0.0110|own_tunnel_pressure:-0.0250|collapse_risk:-0.0000|territory_pressure:0.0880|opportunity_cost:-0.8554
4,utility_tunneler_vs_utility_balancer,18,player,utility_tunneler,1,tunnel_extend,"(-1, -1)","(0, -1)",,0.249,1.1044,0.8554,F,resource_fit:0.1750|tunnel_access_gain:0.0000|enemy_tunnel_threat:0.0110|own_tunnel_pressure:-0.0250|collapse_risk:-0.0000|territory_pressure:0.0880|opportunity_cost:-0.8554
4,utility_tunneler_vs_utility_balancer,18,player,utility_tunneler,1,tunnel_extend,"(-1, 0)","(0, -1)",,0.3074,1.1044,0.7971,F,resource_fit:0.1750|tunnel_access_gain:0.0583|enemy_tunnel_threat:0.0110|own_tunnel_pressure:-0.0250|collapse_risk:-0.0000|territory_pressure:0.0880|opportunity_cost:-0.7971
4,utility_tunneler_vs_utility_balancer,18,player,utility_tunneler,1,tunnel_extend,"(0, -2)","(0, -1)",,0.3074,1.1044,0.7971,F,resource_fit:0.1750|tunnel_access_gain:0.0583|enemy_tunnel_threat:0.0110|own_tunnel_pressure:-0.0250|collapse_risk:-0.0000|territory_pressure:0.0880|opportunity_cost:-0.7971
4,utility_tunneler_vs_utility_balancer,18,player,utility_tunneler,1,tunnel_extend,"(0, 0)","(0, -1)",,0.3074,1.1044,0.7971,F,resource_fit:0.1750|tunnel_access_gain:0.0583|enemy_tunnel_threat:0.0110|own_tunnel_pressure:-0.0250|collapse_risk:-0.0000|territory_pressure:0.0880|opportunity_cost:-0.7971
4,utility_tunneler_vs_utility_balancer,18,player,utility_tunneler,1,tunnel_extend,"(1, -2)","(0, -1)",,0.249,1.1044,0.8554,F,resource_fit:0.1750|tunnel_access_gain:0.0000|enemy_tunnel_threat:0.0110|own_tunnel_pressure:-0.0250|collapse_risk:-0.0000|territory_pressure:0.0880|opportunity_cost:-0.8554
4,utility_tunneler_vs_utility_balancer,18,player,utility_tunneler,1,tunnel_extend,"(1, -1)","(0, -1)",,0.249,1.1044,0.8554,F,resource_fit:0.1750|tunnel_access_gain:0.0000|enemy_tunnel_threat:0.0110|own_tunnel_pressure:-0.0250|collapse_risk:-0.0000|territory_pressure:0.0880|opportunity_cost:-0.8554
4,utility_tunneler_vs_utility_balancer,18,player,utility_tunneler,1,tunnel_extend,"(0, -2)","(1, -2)",,0.3074,1.1044,0.7971,F,resource_fit:0.1750|tunnel_access_gain:0.0583|enemy_tunnel_threat:0.0110|own_tunnel_pressure:-0.0250|collapse_risk:-0.0000|territory_pressure:0.0880|opportunity_cost:-0.7971
4,utility_tunneler_vs_utility_balancer,18,player,utility_tunneler,1,tunnel_extend,"(0, -1)","(1, -2)",,0.249,1.1044,0.8554,F,resource_fit:0.1750|tunnel_access_gain:0.0000|enemy_tunnel_threat:0.0110|own_tunnel_pressure:-0.0250|collapse_risk:-0.0000|territory_pressure:0.0880|opportunity_cost:-0.8554
4,utility_tunneler_vs_utility_balancer,18,player,utility_tunneler,1,tunnel_extend,"(1, -3)","(1, -2)",,0.3074,1.1044,0.7971,F,resource_fit:0.1750|tunnel_access_gain:0.0583|enemy_tunnel_threat:0.0110|own_tunnel_pressure:-0.0250|collapse_risk:-0.0000|territory_pressure:0.0880|opportunity_cost:-0.7971
4,utility_tunneler_vs_utility_balancer,18,player,utility_tunneler,1,tunnel_extend,"(1, -1)","(1, -2)",,0.249,1.1044,0.8554,F,resource_fit:0.1750|tunnel_access_gain:0.0000|enemy_tunnel_threat:0.0110|own_tunnel_pressure:-0.0250|collapse_risk:-0.0000|territory_pressure:0.0880|opportunity_cost:-0.8554
4,utility_tunneler_vs_utility_balancer,18,player,utility_tunneler,1,tunnel_extend,"(2, -3)","(1, -2)",,0.3074,1.1044,0.7971,F,resource_fit:0.1750|tunnel_access_gain:0.0583|enemy_tunnel_threat:0.0110|own_tunnel_pressure:-0.0250|collapse_risk:-0.0000|territory_pressure:0.0880|opportunity_cost:-0.7971
4,utility_tunneler_vs_utility_balancer,18,player,utility_tunneler,1,tunnel_extend,"(2, -2)","(1, -2)",,0.3074,1.1044,0.7971,F,resource_fit:0.1750|tunnel_access_gain:0.0583|enemy_tunnel_threat:0.0110|own_tunnel_pressure:-0.0250|collapse_risk:-0.0000|territory_pressure:0.0880|opportunity_cost:-0.7971
4,utility_tunneler_vs_utility_balancer,18,player,utility_tunneler,1,tunnel_extend,"(0, -1)","(1, -1)",,0.249,1.1044,0.8554,F,resource_fit:0.1750|tunnel_access_gain:0.0000|enemy_tunnel_threat:0.0110|own_tunnel_pressure:-0.0250|collapse_risk:-0.0000|territory_pressure:0.0880|opportunity_cost:-0.8554
4,utility_tunneler_vs_utility_balancer,18,player,utility_tunneler,1,tunnel_extend,"(0, 0)","(1, -1)",,0.3074,1.1044,0.7971,F,resource_fit:0.1750|tunnel_access_gain:0.0583|enemy_tunnel_threat:0.0110|own_tunnel_pressure:-0.0250|collapse_risk:-0.0000|territory_pressure:0.0880|opportunity_cost:-0.7971
4,utility_tunneler_vs_utility_balancer,18,player,utility_tunneler,1,tunnel_extend,"(1, -2)","(1, -1)",,0.249,1.1044,0.8554,F,resource_fit:0.1750|tunnel_access_gain:0.0000|enemy_tunnel_threat:0.0110|own_tunnel_pressure:-0.0250|collapse_risk:-0.0000|territory_pressure:0.0880|opportunity_cost:-0.8554
4,utility_tunneler_vs_utility_balancer,18,player,utility_tunneler,1,tunnel_extend,"(1, 0)","(1, -1)",,0.3074,1.1044,0.7971,F,resource_fit:0.1750|tunnel_access_gain:0.0583|enemy_tunnel_threat:0.0110|own_tunnel_pressure:-0.0250|collapse_risk:-0.0000|territory_pressure:0.0880|opportunity_cost:-0.7971
4,utility_tunneler_vs_utility_balancer,18,player,utility_tunneler,1,tunnel_extend,"(2, -2)","(1, -1)",,0.3074,1.1044,0.7971,F,resource_fit:0.1750|tunnel_access_gain:0.0583|enemy_tunnel_threat:0.0110|own_tunnel_pressure:-0.0250|collapse_risk:-0.0000|territory_pressure:0.0880|opportunity_cost:-0.7971
4,utility_tunneler_vs_utility_balancer,18,player,utility_tunneler,1,tunnel_extend,"(2, -1)","(1, -1)",,0.3074,1.1044,0.7971,F,resource_fit:0.1750|tunnel_access_gain:0.0583|enemy_tunnel_threat:0.0110|own_tunnel_pressure:-0.0250|collapse_risk:-0.0000|territory_pressure:0.0880|opportunity_cost:-0.7971
4,utility_tunneler_vs_utility_balancer,18,player,utility_tunneler,1,wait,,,,0.0,1.1044,1.1044,F,opportunity_cost:-1.1044
